loc,complexity,churn,commit_frequency,developer_activity,files_modified,historical_defects,defect
148,35,23,30,7,5,5,1
464,14,34,5,71,1,0,1
498,13,52,9,67,8,5,1
260,36,119,30,38,7,5,1
189,22,27,11,31,3,4,1
456,12,16,27,68,10,2,1
128,33,133,16,93,10,1,1
375,34,76,5,52,1,4,1
399,21,20,22,67,8,5,1
476,16,62,3,85,7,1,1
413,14,87,2,36,5,2,1
45,16,111,27,81,8,5,1
404,6,150,19,73,5,4,1
179,3,111,1,100,4,4,1
210,36,71,28,43,4,2,1
136,23,33,8,19,8,1,1
205,26,26,14,76,6,5,1
209,8,51,5,30,5,0,1
258,4,139,20,83,1,5,1
500,10,85,10,55,5,2,0
166,4,19,22,37,5,0,0
332,28,34,18,77,10,1,1
489,24,140,24,85,5,5,1
122,20,128,28,47,1,0,1
143,30,15,7,33,8,1,1
348,1,30,24,54,4,3,1
185,16,5,7,35,2,4,1
233,25,47,14,2,7,5,1
79,22,71,27,80,3,4,1
216,25,108,29,68,4,1,1
72,4,75,11,29,9,5,1
266,31,40,28,12,7,5,0
281,12,100,7,1,2,5,1
27,36,1,29,12,4,4,1
126,29,61,16,69,2,5,1
221,7,140,7,82,5,5,1
87,10,7,27,56,10,2,1
233,14,129,14,66,10,3,1
163,7,145,19,43,8,3,1
464,30,149,20,80,8,5,1
254,39,30,29,14,10,4,1
476,14,18,9,74,4,1,1
337,38,149,5,28,4,3,1
403,30,124,6,16,3,1,1
288,8,93,2,51,2,5,1
163,26,116,23,40,4,4,1
304,1,147,7,66,4,3,1
201,28,73,22,24,6,0,1
242,27,16,8,24,5,4,1
219,26,27,7,12,2,0,1
107,2,15,14,43,3,3,0
450,3,53,10,87,3,3,1
23,18,147,1,29,6,1,1
370,35,7,20,2,5,2,1
261,3,26,25,98,10,5,0
378,22,135,14,80,7,1,1
374,7,98,3,38,8,3,1
205,25,125,2,48,1,2,1
226,10,150,11,17,6,3,1
62,25,29,10,95,4,2,1
443,36,41,14,41,9,4,1
214,4,99,13,61,5,5,1
415,37,9,16,45,8,2,1
249,12,121,23,72,4,1,1
393,35,31,9,54,6,1,1
12,28,102,23,41,7,0,1
11,12,147,5,65,4,4,1
212,1,103,25,84,10,4,1
209,13,39,18,28,10,2,1
22,14,34,25,71,6,1,1
276,14,136,20,19,9,0,1
66,34,97,5,5,10,5,1
166,13,105,3,87,1,0,1
367,26,45,20,26,9,0,1
481,40,137,6,14,10,3,1
193,19,35,1,36,2,3,1
235,31,39,21,45,6,2,1
220,12,120,10,79,1,2,1
10,34,83,16,45,10,0,1
76,38,147,15,96,5,4,1
473,14,139,24,70,9,3,1
192,3,33,16,62,7,2,1
285,38,143,21,17,5,0,1
367,20,71,22,100,10,0,1
85,37,128,5,98,1,3,1
103,7,57,20,37,10,2,1
492,5,21,16,93,6,4,1
355,22,86,2,72,8,4,1
119,32,68,27,94,5,3,1
50,39,140,22,31,10,2,1
166,9,82,24,72,6,2,1
461,24,147,16,68,4,4,1
91,28,40,5,75,6,2,1
315,4,38,1,89,8,4,1
131,15,18,19,26,9,3,1
211,25,60,20,6,7,0,1
446,16,64,17,24,9,4,1
83,20,70,11,75,9,1,1
498,22,10,16,31,2,1,1
87,40,85,20,42,8,3,1
34,18,24,1,4,10,3,1
350,22,47,22,81,4,1,1
130,36,117,6,95,9,1,1
345,21,27,5,95,1,0,1
264,35,12,10,91,6,3,0
258,17,108,25,33,10,3,1
230,28,121,9,51,7,5,1
431,30,71,10,28,7,5,1
327,16,4,29,82,5,4,1
259,40,10,16,83,6,2,1
484,23,26,29,14,4,5,1
230,38,67,24,59,2,0,1
315,26,26,8,53,4,2,1
364,8,62,19,32,6,4,0
20,3,42,26,81,8,4,1
241,25,6,13,94,5,5,1
438,12,55,19,37,9,3,1
493,16,141,29,58,9,4,0
469,4,66,22,98,3,2,1
260,39,106,10,46,8,5,1
383,19,89,12,71,6,4,1
80,15,61,4,20,8,4,1
499,26,9,28,35,10,5,1
113,9,142,1,7,10,3,1
300,3,60,28,34,3,4,1
15,16,20,16,37,6,5,1
69,30,11,28,99,4,1,0
472,30,35,7,5,10,1,1
459,32,118,2,93,5,5,1
101,25,132,1,16,9,5,1
300,9,135,17,83,7,1,1
95,11,83,3,54,7,0,0
158,30,143,6,51,4,0,1
436,38,44,13,34,5,1,1
14,13,16,24,53,1,5,1
319,14,87,5,4,3,0,1
299,40,46,4,59,4,5,1
467,10,69,17,19,5,5,1
215,18,128,8,53,8,5,1
69,39,52,18,73,4,1,1
424,14,67,15,57,3,1,1
94,5,18,23,33,5,4,1
107,31,73,9,56,6,5,1
131,37,145,11,14,6,2,1
228,22,112,19,27,8,3,1
112,23,108,8,11,1,5,1
452,23,85,16,39,8,0,1
146,11,116,27,44,4,4,1
353,27,91,29,42,3,5,1
238,11,93,15,27,1,4,1
446,5,113,26,94,5,5,1
241,7,60,29,68,10,4,1
100,1,76,24,14,3,1,1
300,35,134,7,18,5,3,1
426,21,116,24,95,8,1,1
183,4,25,23,1,4,0,1
455,33,86,30,87,8,0,1
161,30,19,9,16,10,2,1
192,25,115,8,57,2,2,1
129,12,99,12,86,10,3,1
183,21,66,24,61,1,1,1
427,35,52,13,68,8,3,1
309,6,124,13,52,2,0,1
376,11,79,7,81,4,0,1
347,33,75,18,72,6,2,1
424,12,47,8,87,4,0,1
356,40,34,8,15,8,5,1
51,35,126,27,75,6,5,1
370,11,27,9,80,4,0,0
493,39,19,3,30,6,1,0
172,11,149,26,64,5,2,0
256,25,141,29,93,5,3,1
444,15,102,1,87,6,1,1
114,36,34,13,30,7,4,1
317,29,59,16,1,5,1,1
157,29,38,9,83,10,3,1
21,18,62,21,87,4,3,1
317,24,35,4,35,3,2,1
250,37,113,8,86,4,4,1
455,33,97,12,6,5,2,1
229,1,30,20,44,5,5,1
297,6,143,26,94,4,1,1
94,22,15,9,74,2,5,1
454,36,3,3,7,5,1,1
316,36,40,2,90,10,5,1
288,25,130,28,75,5,0,1
165,38,141,18,69,9,3,1
119,23,129,24,29,1,0,1
390,19,107,6,49,7,5,1
92,25,89,2,54,4,0,1
147,21,139,20,73,4,2,1
242,16,17,6,44,7,0,1
280,2,12,10,20,8,5,1
353,3,4,21,56,8,1,1
218,20,110,13,30,1,4,1
156,33,39,2,7,6,4,1
429,27,32,18,46,1,1,1
156,22,1,8,82,6,2,1
477,15,11,30,27,4,3,1
291,16,28,26,61,8,3,1
293,31,146,17,37,2,5,1
95,29,44,20,6,10,5,1
320,32,127,5,89,6,5,1
386,37,123,28,56,7,3,1
17,20,147,21,2,4,2,1
115,3,143,23,61,7,4,1
69,10,50,21,27,5,3,1
444,24,36,28,35,6,5,0
327,11,62,2,22,7,3,0
305,3,100,19,25,8,5,1
190,1,18,15,83,7,1,1
327,7,17,29,16,3,5,1
453,36,65,25,65,9,3,1
70,21,2,7,69,4,1,1
183,13,80,16,3,9,4,1
378,3,81,29,33,9,1,1
121,11,8,21,81,9,2,1
367,21,84,28,29,7,2,1
331,31,143,18,35,2,1,1
266,10,86,26,67,1,3,1
290,35,12,12,98,1,0,1
479,12,150,27,85,7,5,1
213,21,32,27,85,1,4,1
365,15,75,1,97,5,2,1
258,10,34,18,98,3,3,1
46,2,113,15,75,5,2,1
115,20,102,16,54,7,2,1
359,19,112,11,65,5,0,1
195,22,32,21,40,1,2,1
400,30,92,12,51,2,4,1
124,17,96,27,23,6,4,1
194,16,73,15,30,2,1,1
187,22,101,1,57,4,2,1
441,9,106,11,7,6,3,1
496,13,106,3,46,3,2,1
497,16,65,13,45,3,4,1
138,25,85,3,23,3,0,1
195,14,42,24,88,9,4,1
456,1,64,27,90,4,5,1
380,29,105,8,88,2,1,1
363,23,150,5,55,3,3,1
343,17,149,8,45,10,3,0
130,3,65,7,18,5,2,1
288,19,31,26,17,5,0,1
429,35,16,18,94,8,0,1
225,30,136,19,29,4,4,1
32,36,139,12,5,8,1,1
65,2,62,30,32,3,2,1
477,7,149,15,8,6,4,1
142,17,70,29,59,6,2,1
138,32,115,18,19,9,5,1
55,13,67,27,38,4,3,1
465,29,86,6,61,5,3,1
282,34,78,5,96,7,4,1
213,23,35,11,94,9,0,1
39,19,131,23,28,3,4,1
378,37,126,28,55,6,4,1
387,26,51,9,9,10,4,1
406,27,56,21,98,1,2,1
166,18,124,9,47,7,1,1
69,37,69,14,19,3,0,1
67,32,7,6,9,4,3,1
479,37,148,3,16,7,5,1
199,13,114,18,91,1,5,1
120,24,58,27,87,1,5,1
485,25,6,6,98,6,0,1
35,29,127,3,3,6,3,1
50,20,42,21,71,9,4,1
302,20,132,17,22,3,5,1
422,2,25,19,93,7,4,1
281,16,2,23,10,5,2,1
244,16,113,27,23,5,4,1
140,34,119,21,19,10,5,1
80,13,1,29,92,4,5,1
312,32,81,24,76,9,1,1
386,4,87,21,28,5,5,1
496,37,26,2,5,10,2,1
140,17,144,7,84,7,0,1
500,37,107,21,62,10,5,1
14,3,116,16,67,10,1,1
212,4,51,14,62,6,3,1
418,23,68,10,1,2,1,1
64,1,44,22,7,1,0,0
301,13,145,7,32,9,2,1
305,21,19,19,63,7,2,1
390,4,145,14,79,9,4,1
23,16,103,17,28,5,0,1
111,39,33,5,41,5,5,1
193,17,61,20,91,8,2,1
65,30,43,29,20,7,2,1
47,22,41,16,84,6,1,1
424,24,107,5,35,9,4,1
305,10,116,30,17,4,4,1
410,35,50,8,35,3,1,1
32,34,30,26,76,10,2,1
347,39,101,24,58,10,1,1
369,7,120,1,83,2,2,1
73,14,25,21,98,5,0,1
146,39,127,22,36,10,5,1
83,22,90,14,59,4,5,1
71,12,91,4,63,6,0,1
341,15,130,15,83,2,2,1
448,15,147,5,26,4,4,1
87,25,97,9,77,8,1,1
406,11,79,1,15,1,4,1
326,7,61,24,34,3,3,1
215,21,136,20,18,9,4,1
19,28,146,3,95,1,5,1
406,10,101,5,4,3,1,1
398,20,17,24,94,6,3,1
43,13,125,30,4,5,1,1
288,27,133,21,6,6,5,1
266,15,144,24,64,10,4,1
48,12,83,29,75,10,0,1
337,25,98,21,66,7,5,1
272,10,129,26,36,6,3,1
36,16,4,28,89,9,4,1
81,2,57,25,53,7,4,1
423,17,52,19,95,4,2,1
351,33,132,9,85,1,3,1
303,2,118,1,43,9,0,1
293,7,74,29,72,6,4,1
26,28,44,19,54,1,0,1
165,1,16,9,63,10,0,1
135,37,77,20,51,7,2,1
51,28,79,30,9,7,5,1
290,18,59,3,84,6,4,1
308,12,1,24,38,3,1,1
401,25,137,29,28,1,2,1
146,24,129,17,7,7,2,1
468,3,130,25,39,5,4,1
390,34,75,26,17,6,2,1
161,24,56,4,4,2,4,1
447,36,27,20,45,4,1,1
151,37,50,30,97,4,3,1
470,28,90,25,16,10,4,1
186,18,127,11,49,5,1,1
440,26,57,15,29,10,4,1
89,22,139,22,13,1,1,1
394,37,77,21,76,9,3,1
79,37,16,29,23,3,3,1
133,16,124,9,9,10,4,1
19,6,66,23,32,7,4,1
458,10,98,13,43,2,5,1
35,2,51,19,29,7,1,1
378,13,143,5,39,6,3,1
26,13,119,17,68,2,3,1
413,26,145,2,45,1,5,1
491,12,53,12,50,9,1,1
345,21,110,19,3,4,4,1
116,33,93,25,11,2,2,1
143,36,103,9,47,2,2,1
334,35,136,4,61,1,5,1
65,32,141,24,35,7,0,1
201,1,89,16,66,6,2,1
329,11,87,4,67,2,3,1
482,25,49,30,58,1,2,1
38,20,60,4,52,3,3,1
173,32,86,27,7,1,5,1
123,2,137,23,94,7,5,1
127,27,150,10,80,8,2,1
405,16,124,27,80,7,3,1
296,5,34,25,12,3,0,1
390,9,53,18,58,3,2,1
485,22,150,15,51,1,5,1
21,10,44,22,42,2,2,0
347,23,82,1,3,10,2,1
48,21,98,23,52,7,3,1
222,28,50,24,50,1,5,1
481,1,43,26,37,9,4,1
328,24,102,4,70,4,0,1
29,6,3,7,61,1,5,0
227,32,113,13,59,9,1,1
69,35,100,30,63,4,5,1
360,14,140,14,98,7,0,1
359,13,107,19,25,10,5,1
67,1,134,21,52,6,1,1
88,10,112,26,54,7,1,1
383,38,31,18,47,5,0,1
409,30,126,16,71,10,3,1
90,14,119,22,94,8,1,1
437,39,114,23,34,8,1,1
494,24,109,20,67,3,2,1
169,1,69,17,38,4,5,1
458,32,49,1,25,7,3,1
233,30,40,7,30,5,3,1
239,20,126,2,80,1,5,1
176,19,36,7,73,9,5,1
31,35,91,29,4,5,0,1
166,31,17,11,44,6,1,1
317,24,89,10,66,2,4,1
459,20,13,1,20,10,5,1
112,30,144,24,77,10,1,1
97,39,36,3,44,10,2,1
18,19,93,28,1,3,0,1
87,25,22,2,95,8,1,0
23,36,124,26,58,4,3,1
201,13,144,24,8,3,2,1
361,13,67,9,89,10,1,1
166,13,84,6,67,6,2,1
321,8,122,30,15,6,4,1
347,32,73,16,56,9,2,1
401,4,48,4,28,4,0,1
346,16,149,20,20,3,1,1
264,27,47,26,7,8,0,1
278,2,147,9,29,9,5,1
301,23,29,4,39,5,4,1
125,11,43,23,81,8,3,0
213,28,38,4,92,4,3,1
136,30,18,25,27,1,1,1
167,3,32,22,62,3,2,1
460,34,8,23,73,4,4,1
381,38,114,17,54,9,1,1
254,9,67,11,100,5,4,1
15,3,2,28,64,3,1,0
352,22,65,15,100,2,3,1
57,5,54,9,15,9,3,1
346,35,147,7,24,5,5,1
32,2,26,25,8,4,0,1
221,26,132,15,58,8,1,1
480,38,73,16,3,6,2,1
398,20,15,24,88,10,1,1
73,5,134,20,2,5,2,1
214,36,93,4,46,2,1,1
304,36,112,13,45,3,4,1
422,9,35,11,6,1,1,1
308,12,86,4,90,8,0,1
483,15,82,24,21,5,3,1
116,13,106,13,97,10,5,1
340,25,18,8,74,3,5,1
113,30,115,26,42,10,0,1
136,28,148,10,66,6,2,1
437,22,5,6,50,2,5,1
389,40,45,22,13,9,5,1
79,19,94,18,49,10,5,1
55,33,130,26,54,2,2,1
157,8,23,20,60,10,0,1
221,33,108,11,59,5,5,1
109,20,83,23,51,3,1,1
36,36,130,8,6,6,3,1
306,29,69,11,94,5,0,0
47,39,4,5,50,2,0,0
485,7,29,7,28,8,0,1
212,29,26,1,63,5,1,1
341,36,144,19,61,3,2,0
376,20,110,16,94,3,5,1
142,11,133,23,67,2,4,1
491,39,77,5,17,6,2,1
112,12,117,14,69,8,3,1
319,12,8,14,18,7,1,1
123,1,127,4,96,2,2,1
484,7,125,22,85,6,0,1
257,2,117,21,6,1,2,0
394,7,100,6,47,9,2,1
185,15,52,30,46,6,4,1
160,35,135,22,84,6,4,1
315,39,4,11,58,4,1,1
406,5,133,19,42,10,2,1
95,22,124,29,66,7,2,1
400,3,74,6,92,6,5,1
168,39,144,22,17,1,0,1
331,3,25,24,17,2,0,1
369,29,58,12,20,6,5,1
306,3,119,1,57,1,3,1
424,35,19,26,96,3,5,1
203,26,145,5,32,7,2,1
97,29,45,9,17,6,0,1
118,7,142,9,72,7,5,1
154,10,103,24,70,2,4,1
29,35,24,28,29,3,2,1
221,19,70,20,89,10,5,1
467,40,132,6,17,4,4,1
414,35,51,1,57,9,5,1
247,8,26,10,64,4,3,1
57,27,18,13,65,3,5,1
136,30,120,18,74,9,4,1
418,18,24,1,29,7,5,0
239,29,23,18,88,5,3,1
321,22,109,28,5,7,2,1
388,7,25,17,64,4,3,1
453,27,11,16,48,3,0,1
478,32,27,7,15,4,3,1
248,35,147,13,1,3,2,1
51,13,74,30,83,6,2,1
76,7,70,13,85,5,3,1
338,3,15,22,30,8,2,1
185,21,10,4,30,8,5,1
283,26,19,19,59,3,0,0
296,11,147,4,50,5,5,1
363,25,96,26,45,4,1,1
215,34,137,17,29,7,4,1
371,20,109,3,91,10,5,1
144,16,77,23,34,1,2,1
475,14,84,3,58,8,0,1
181,14,22,27,76,10,0,1
491,9,129,8,42,3,3,1
271,11,37,29,95,6,4,0
33,24,107,27,77,5,1,1
39,35,94,2,68,9,0,1
462,33,10,12,57,4,5,1
353,7,32,24,29,3,0,0
383,32,91,16,55,1,0,1
102,10,84,3,100,8,2,1
355,25,83,9,16,1,5,1
81,30,12,16,95,7,4,1
57,29,41,5,19,7,2,1
479,39,53,18,18,2,2,0
91,2,140,17,35,1,2,1
96,4,148,29,40,7,5,1
161,25,101,22,64,5,0,1
83,15,70,3,44,2,0,1
74,39,62,20,49,9,4,1
124,6,109,29,15,1,4,1
108,21,3,24,77,10,2,1
158,7,34,30,30,6,1,1
409,39,78,2,44,6,5,1
163,15,48,17,25,5,5,1
275,40,63,11,94,8,5,1
374,6,12,16,4,5,2,1
169,10,108,10,77,1,1,1
293,12,13,11,13,4,1,1
15,15,31,24,58,2,5,1
75,27,135,26,69,2,0,1
51,20,51,18,53,5,2,1
393,38,40,9,84,1,1,1
141,33,124,18,94,5,3,1
424,26,77,12,34,4,4,1
382,37,88,18,31,9,4,1
460,27,3,4,52,9,2,1
229,38,23,13,58,1,5,1
177,12,80,24,73,6,5,1
264,31,8,21,11,10,1,1
123,27,124,24,39,7,2,1
318,18,7,15,33,7,5,1
190,14,135,7,86,5,0,1
324,8,102,4,99,10,2,1
374,7,61,4,41,1,3,0
288,25,123,14,63,6,2,1
252,32,23,18,35,9,0,1
233,19,78,19,29,3,1,1
227,4,138,25,22,6,4,1
60,38,123,7,54,3,0,1
201,21,88,9,44,5,3,1
456,20,139,14,67,6,3,1
385,29,84,18,59,3,3,1
115,34,98,10,57,2,1,1
380,28,67,5,10,3,1,1
194,4,124,14,32,6,3,1
499,29,32,23,45,7,4,1
291,19,135,21,18,10,3,1
208,9,22,18,94,1,1,0
467,30,39,22,99,9,1,1
420,28,79,27,99,9,3,1
407,19,41,23,17,8,4,1
45,16,14,14,17,4,5,1
414,2,136,22,12,4,0,1
274,30,106,22,87,5,2,1
85,7,118,3,97,10,4,1
77,29,143,9,33,2,5,1
313,19,13,8,78,7,4,1
169,35,102,26,85,9,1,1
30,20,26,22,15,10,5,1
281,17,150,25,94,8,3,1
369,25,35,8,5,3,5,1
172,14,42,5,18,2,4,1
451,32,78,7,96,6,5,1
369,15,85,11,52,3,1,1
109,21,75,17,55,5,4,1
216,1,15,19,94,7,3,0
488,10,94,26,46,5,0,1
337,17,54,3,38,9,1,1
20,30,117,1,4,1,1,1
286,20,148,14,9,3,3,1
129,18,110,18,94,3,5,1
298,11,105,19,61,3,0,1
423,6,139,5,87,7,4,1
192,11,64,22,86,10,3,1
232,11,43,18,3,7,4,1
221,32,54,11,97,9,5,0
40,4,114,9,58,3,1,1
18,2,53,29,44,3,0,0
195,36,79,5,32,9,4,0
171,11,110,16,85,8,2,1
132,2,145,20,35,4,5,1
115,37,79,29,3,2,0,0
63,32,117,25,62,5,4,1
344,3,40,15,31,5,3,0
42,7,40,15,85,4,4,1
211,16,14,29,31,6,5,1
316,20,52,12,47,9,1,1
419,24,146,16,77,9,5,1
361,16,27,10,87,9,0,1
493,34,25,16,39,4,3,1
322,18,81,1,39,10,3,1
15,3,143,25,70,6,1,1
271,26,132,25,89,7,4,1
496,17,122,28,47,6,0,1
125,6,147,18,75,2,1,1
221,22,11,5,68,7,4,1
431,17,126,14,80,3,1,1
322,14,35,27,75,10,2,1
434,2,93,17,72,8,0,1
147,3,29,10,66,7,1,1
267,34,87,5,8,1,2,0
210,29,88,20,55,2,2,1
204,29,63,15,41,4,4,1
64,28,132,15,20,3,3,1
397,40,21,14,44,6,4,1
97,33,31,21,59,8,0,1
67,37,111,23,68,4,5,1
153,33,126,23,15,9,2,1
23,19,121,25,6,9,5,1
421,16,77,21,85,4,5,1
75,22,57,2,50,2,0,1
41,6,49,21,64,9,3,1
232,16,99,22,39,1,3,1
459,30,95,17,97,9,5,1
49,22,29,27,37,10,2,1
265,34,51,27,41,9,0,1
70,19,113,4,30,4,2,0
69,31,103,6,1,9,1,1
51,7,86,7,2,9,0,1
103,16,78,28,85,4,2,1
391,25,24,15,77,2,2,1
473,32,99,5,28,7,0,1
315,34,17,5,54,3,1,1
320,33,113,30,76,9,0,1
303,32,61,25,71,5,2,1
416,22,76,26,77,7,5,1
484,19,147,15,25,6,2,1
334,19,97,5,89,2,4,1
60,1,113,10,79,2,5,1
355,26,8,26,91,5,4,1
40,21,59,15,62,3,2,1
398,28,147,6,59,10,0,1
73,9,19,21,74,2,5,1
74,39,67,15,83,9,0,1
332,17,14,3,34,3,1,0
301,30,2,16,27,7,2,1
245,37,112,21,95,3,5,1
60,17,34,22,43,5,3,1
140,18,143,10,25,4,0,1
218,1,49,12,45,2,2,1
209,10,19,9,1,7,4,1
159,1,140,2,29,1,4,0
324,10,110,25,34,9,4,1
243,31,80,9,23,10,1,1
309,37,18,4,22,5,1,1
302,30,3,8,6,8,3,1
152,15,28,19,12,1,0,0
246,16,127,13,80,4,1,1
400,17,19,18,20,2,2,1
411,17,133,29,8,3,0,1
415,32,22,14,53,2,1,1
47,39,118,13,97,7,5,1
203,33,65,18,14,3,4,1
398,36,138,18,26,4,5,1
324,22,139,14,59,8,2,1
83,38,25,4,96,3,5,1
56,13,62,16,14,8,5,1
43,31,35,6,96,2,2,1
153,23,109,30,57,3,1,1
333,20,25,13,81,4,4,1
263,28,53,13,29,2,4,1
397,32,8,4,43,6,4,1
184,10,86,11,50,6,5,1
83,19,98,18,28,5,2,1
194,19,73,16,46,4,1,1
50,4,145,24,4,3,1,1
417,38,119,1,32,9,0,1
231,17,30,11,30,1,4,1
279,6,99,11,67,3,2,1
493,1,85,27,19,5,5,1
300,9,139,1,47,4,0,1
51,5,149,15,78,6,5,1
69,10,126,4,79,1,4,1
413,18,66,21,73,6,4,1
69,2,6,27,26,8,2,0
15,34,132,25,47,3,3,0
53,10,42,12,71,7,0,1
306,37,85,10,58,9,2,1
57,12,143,26,44,6,0,1
315,24,13,23,27,8,1,1
294,6,149,18,96,6,3,1
112,18,51,9,9,4,4,1
22,25,83,19,98,9,4,1
277,28,7,21,87,5,0,1
280,36,57,15,22,8,4,1
154,22,27,27,13,8,4,1
257,12,27,14,54,2,1,0
339,1,76,11,16,1,5,1
458,18,21,28,55,5,2,1
25,20,21,9,11,3,5,1
318,22,92,5,66,9,4,1
89,1,47,26,20,10,5,1
242,10,116,19,78,7,2,1
150,16,84,11,8,5,2,1
174,7,107,7,77,4,3,1
158,22,57,19,98,4,5,1
17,13,5,5,81,3,2,1
426,3,38,13,91,8,1,1
151,2,129,18,15,9,1,1
374,18,82,12,88,7,1,1
98,7,119,24,15,7,0,1
152,37,62,18,8,2,3,1
394,3,68,20,8,3,0,1
278,17,95,14,68,10,2,1
137,19,94,27,37,6,5,1
363,6,56,10,24,6,0,1
337,28,38,21,4,5,3,1
185,17,59,20,49,2,4,1
33,14,83,3,20,7,5,1
107,33,99,29,46,10,1,1
110,29,83,25,40,7,1,1
143,36,78,18,90,7,0,1
258,8,22,29,27,3,3,1
382,16,20,20,95,3,1,1
426,8,46,16,67,4,2,1
388,27,40,12,77,5,1,1
57,29,12,22,55,1,1,1
424,22,144,12,89,7,4,1
317,14,68,5,55,6,1,1
129,23,150,9,99,7,3,1
226,10,68,19,73,1,3,1
497,7,143,16,24,7,1,1
179,29,98,6,43,3,5,1
48,34,77,10,10,2,2,1
156,25,117,18,91,10,5,1
258,33,139,11,2,1,5,1
236,34,101,16,46,6,5,1
158,18,43,5,93,5,1,1
143,31,99,3,35,2,1,1
119,18,130,16,81,8,4,1
312,23,136,15,85,10,3,1
26,19,83,18,55,3,0,1
27,12,128,18,25,8,2,1
132,20,73,9,81,5,1,1
234,34,76,27,53,10,1,1
417,18,121,24,65,1,0,1
14,11,3,26,58,2,5,1
335,12,115,8,53,8,0,1
269,8,131,21,49,10,3,1
192,22,75,27,25,5,3,1
395,12,56,13,89,1,1,1
286,20,105,15,74,9,4,1
257,36,20,6,50,1,4,1
248,40,59,22,41,4,5,1
485,35,37,19,28,5,2,1
185,19,104,10,39,1,2,1
244,35,132,6,18,8,0,1
382,5,51,18,60,8,5,1
473,23,59,9,35,7,4,1
37,16,107,29,84,7,4,1
287,20,112,8,33,9,2,1
305,8,132,9,81,8,2,1
130,4,17,25,89,7,1,1
176,12,86,2,63,5,2,1
218,26,96,4,57,10,2,1
15,7,85,25,37,9,0,0
469,17,97,11,95,1,1,1
320,35,28,22,75,9,5,1
50,25,92,13,24,2,1,1
86,12,94,15,36,3,1,1
38,23,18,26,56,1,1,0
314,19,36,1,34,9,0,1
108,38,26,1,33,2,0,1
393,23,148,22,72,3,0,1
214,1,143,26,12,3,5,1
492,20,82,17,90,5,4,1
320,33,110,4,71,4,3,1
370,27,111,21,47,4,4,1
78,2,42,2,1,3,4,1
253,8,20,24,51,8,3,1
322,33,144,23,7,6,5,1
345,28,105,1,75,7,5,1
453,14,18,29,88,4,5,1
107,18,82,1,63,10,0,0
377,20,16,17,99,1,1,1
297,1,56,16,17,6,3,1
21,2,128,24,67,1,4,1
201,20,149,24,15,4,3,1
425,11,33,29,70,1,4,1
158,32,146,11,89,7,5,1
232,11,83,23,17,4,1,1
166,8,106,22,100,5,4,1
362,23,102,24,72,5,1,1
307,23,18,22,76,1,2,1
61,7,128,3,95,7,4,1
178,17,106,3,77,4,5,1
295,4,106,30,39,8,1,1
11,38,77,15,7,8,4,1
253,2,63,7,67,9,3,1
261,4,75,22,48,7,0,1
470,28,63,27,4,1,4,1
95,3,33,15,89,8,5,1
250,39,143,28,40,8,3,1
53,23,142,8,3,4,5,1
13,6,109,15,76,4,3,1
403,27,141,22,89,1,1,1
363,14,67,3,19,2,4,1
150,11,94,14,29,4,2,1
466,36,36,9,62,5,3,1
218,11,148,29,41,3,0,1
500,18,124,19,25,10,3,1
375,23,121,6,14,5,0,1
490,32,140,17,23,6,1,1
329,14,75,17,3,4,3,1
53,2,69,19,20,8,4,1
50,19,90,6,1,10,1,1
448,25,110,16,12,1,0,1
338,7,108,10,97,5,2,1
213,15,25,27,65,5,5,1
475,32,13,22,47,10,3,1
289,12,125,15,63,3,4,1
243,3,115,6,29,6,2,1
278,9,28,29,53,4,2,1
296,33,44,18,34,8,0,1
250,6,73,4,51,7,5,1
421,4,85,20,37,2,0,1
258,3,3,12,23,2,1,1
445,20,145,30,79,4,1,1
236,3,39,19,88,9,4,1
337,24,97,17,45,6,4,1
472,36,142,9,25,3,1,1
309,36,88,10,81,3,3,1
366,39,52,6,79,7,0,1
465,24,131,11,53,4,0,1
209,37,21,7,34,5,4,1
138,17,9,10,93,3,1,1
66,27,76,25,57,6,4,1
346,36,128,16,31,7,4,1
405,4,142,13,20,8,5,1
333,30,91,7,34,2,2,1
457,33,103,20,18,6,2,1
306,17,31,21,75,4,5,1
489,40,15,6,19,7,2,1
46,9,38,28,38,9,2,1
15,36,57,3,1,5,4,1
293,24,17,20,38,4,1,1
261,19,29,8,79,4,2,1
477,32,28,16,35,4,1,1
37,15,95,22,93,4,4,1
22,6,5,12,60,3,1,0
247,16,100,19,79,3,2,1
403,6,106,10,31,8,1,1
355,7,2,1,74,2,1,1
90,10,55,1,96,2,4,0
16,9,42,10,76,4,2,0
416,3,83,25,95,3,5,1
92,1,18,20,7,4,1,0
158,19,147,9,19,2,5,0
483,38,90,14,49,6,0,1
84,25,12,30,69,5,2,1
391,20,143,9,80,7,3,0
214,15,27,22,64,4,1,1
443,22,134,16,56,2,5,1
235,15,116,26,51,2,0,1
220,14,16,22,74,3,5,1
315,15,87,2,14,2,5,1
95,18,49,21,42,3,4,1
371,28,28,20,55,7,5,1
498,26,52,8,69,3,0,1
442,12,35,5,8,9,2,1
54,38,32,1,6,8,2,1
161,21,103,1,56,4,2,1
269,11,51,13,33,1,5,1
436,33,38,29,16,4,5,1
344,34,143,15,48,1,5,1
397,25,14,23,50,8,3,0
309,30,17,21,52,10,0,1
155,31,2,17,3,5,4,1
216,5,7,11,77,8,5,1
334,5,108,25,10,8,1,1
168,2,18,4,38,1,1,0
110,32,10,17,56,10,4,1
33,31,131,13,18,6,4,1
23,17,94,15,8,9,4,1
238,37,131,29,62,5,0,1
497,23,26,16,3,3,3,1
172,32,84,8,82,7,2,1
444,31,70,1,27,1,1,1
278,28,146,28,93,8,0,1
185,27,33,25,51,1,0,1
313,39,82,24,10,1,5,1
414,3,80,21,50,1,5,1
374,33,100,30,84,9,4,1
307,6,92,10,88,8,2,1
422,34,4,6,83,7,1,1
441,39,20,22,53,8,0,1
142,28,83,17,61,2,0,1
53,19,84,4,70,2,0,1
498,13,68,26,55,9,1,1
274,15,136,14,59,6,1,1
470,37,123,8,87,8,0,1
104,20,98,18,45,5,2,1
169,6,128,16,8,9,0,1
190,10,71,16,11,10,3,1
414,30,114,11,89,8,5,1
41,16,127,10,37,4,0,1
199,7,18,9,7,9,2,1
13,24,136,9,58,1,5,1
307,16,10,30,75,6,1,1
158,27,88,12,80,8,4,1
363,22,86,21,70,2,0,1
79,29,54,10,43,8,2,1
230,34,22,12,34,5,1,1
301,25,56,16,75,8,3,1
492,11,35,14,28,6,4,1
490,21,134,20,45,2,5,1
28,28,148,2,83,1,0,1
127,39,120,18,12,1,1,1
397,35,55,12,18,6,2,1
312,7,118,17,18,3,0,1
233,27,93,2,52,6,1,1
21,18,71,6,81,1,4,1
458,14,59,9,6,6,2,0
293,37,5,17,77,3,4,1
342,9,117,23,40,10,1,1
228,15,27,23,50,4,3,1
104,6,22,4,73,2,4,1
112,27,60,25,67,7,1,1
332,40,95,26,47,2,1,1
344,26,141,2,88,7,4,1
471,26,20,4,18,3,5,1
140,27,39,5,55,9,1,1
499,32,9,2,80,7,4,1
401,39,100,2,78,7,1,1
248,34,118,29,52,4,0,1
368,36,47,9,34,3,3,1
58,30,93,13,25,6,0,1
67,37,70,20,26,7,1,1
422,33,138,11,78,7,0,1
62,5,147,6,28,10,1,1
31,5,24,20,84,5,5,1
467,11,113,13,20,7,0,1
215,27,128,15,62,6,1,1
160,31,78,8,31,9,0,1
93,14,143,11,94,2,2,1
55,16,102,6,18,6,1,1
243,26,78,23,73,1,2,1
385,31,67,13,63,8,5,1
413,34,89,9,80,3,3,1
23,40,17,8,2,8,2,1
493,14,93,26,71,10,0,1
365,38,83,4,97,10,5,1
471,6,118,3,54,8,2,1
36,6,63,9,62,1,0,0
260,29,2,7,59,2,2,1
287,40,2,1,69,8,4,1
106,31,141,20,79,10,5,1
422,32,62,3,17,7,3,1
212,31,58,28,65,5,4,1
192,29,22,25,57,5,5,1
447,40,137,7,46,10,0,1
492,17,4,27,75,7,1,1
470,14,3,7,51,8,3,1
397,25,97,2,23,2,1,1
78,11,89,14,29,5,3,1
125,10,39,2,3,9,2,1
14,10,96,10,60,9,1,1
401,21,83,2,96,9,5,1
226,34,61,19,97,10,2,0
246,28,136,25,94,6,1,1
354,11,138,30,15,6,3,1
175,21,75,22,26,7,1,1
255,35,33,16,13,2,3,1
164,11,18,7,25,1,0,0
189,26,73,27,9,1,4,0
245,40,30,15,91,4,0,1
36,31,100,15,57,1,0,1
321,2,10,30,14,9,5,1
142,12,71,24,72,4,3,1
292,13,138,27,17,8,5,1
403,26,12,14,87,10,4,1
445,40,61,28,51,3,0,1
334,34,23,10,2,5,0,1
39,39,74,22,42,6,2,1
125,35,55,6,63,7,2,1
409,6,16,10,51,10,1,1
293,35,115,19,70,6,5,1
47,31,76,2,67,8,0,1
17,20,106,3,24,9,5,1
500,1,94,11,99,2,1,1
103,29,115,11,19,3,4,1
183,20,105,29,84,7,4,1
410,25,124,9,36,1,2,1
28,38,150,14,35,3,3,1
221,1,98,18,6,8,1,1
414,5,91,6,29,3,4,1
212,6,105,11,49,7,2,1
205,23,11,4,24,9,4,1
475,30,12,14,32,4,1,1
151,40,16,14,62,4,2,1
117,22,52,5,72,8,0,1
244,23,29,12,90,1,3,1
270,29,77,2,29,5,3,1
243,24,23,16,85,5,1,1
277,20,22,16,52,10,2,1
463,22,90,22,50,2,1,1
270,25,58,16,85,7,5,1
440,37,65,9,26,3,1,1
233,21,104,6,67,5,0,1
144,32,101,3,65,6,2,1
252,12,56,7,46,1,0,0
476,27,138,30,12,1,5,1
412,38,130,16,97,3,5,1
457,25,91,2,21,10,4,1
78,26,87,26,97,7,1,1
147,20,75,18,61,7,0,1
323,22,108,11,75,2,3,0
290,19,76,15,54,10,4,1
273,37,42,16,7,1,3,1
459,23,121,5,77,1,1,1
36,29,37,2,66,7,0,1
256,11,24,4,74,7,4,1
426,18,45,14,95,3,5,1
33,7,55,16,36,8,3,1
240,33,1,18,52,7,0,1
361,29,96,30,88,3,5,1
52,35,108,26,17,6,0,1
460,10,61,2,11,7,0,1
83,40,46,13,14,6,2,1
407,29,48,21,51,5,0,1
478,34,92,1,68,1,3,1
487,19,134,22,79,9,3,0
156,3,54,18,62,1,4,1
202,7,45,10,18,2,3,1
147,35,69,16,32,8,2,1
300,36,23,24,44,5,3,1
420,40,100,9,91,8,1,1
128,28,117,15,93,9,4,1
273,3,62,11,91,8,1,1
184,29,11,24,37,3,0,1
264,30,124,1,36,4,3,1
462,4,129,7,11,8,0,1
325,34,83,8,74,10,1,1
109,22,95,16,75,9,1,1
336,40,42,18,21,6,5,1
498,10,95,1,97,4,5,1
305,27,90,19,76,3,4,1
305,30,150,18,4,6,5,1
395,13,3,3,81,1,5,1
486,28,119,6,98,8,2,1
499,7,37,3,45,6,0,1
42,11,127,7,24,5,3,1
474,20,75,12,9,9,3,1
16,13,148,27,84,5,1,1
268,32,60,13,49,3,5,1
242,29,115,27,31,9,3,1
68,35,25,28,16,5,2,1
153,18,49,1,66,10,2,1
36,5,16,6,63,3,3,1
50,32,69,30,51,3,3,1
362,26,114,23,76,10,1,1
258,39,124,14,99,3,1,1
461,31,149,18,30,2,1,1
408,5,49,12,4,8,5,1
349,14,113,21,77,1,3,0
462,24,94,18,81,6,2,1
378,27,79,14,22,5,0,1
387,10,16,3,37,7,0,1
94,20,30,2,86,9,4,1
149,38,95,25,61,10,5,1
28,10,37,22,14,2,1,0
340,11,73,8,24,5,5,1
113,1,104,18,61,8,0,1
447,18,46,1,26,8,0,1
96,38,55,8,69,5,0,1
245,6,131,14,14,5,1,1
159,9,144,2,62,2,2,1
218,27,129,12,15,5,0,0
383,17,21,26,3,2,4,1
352,40,129,7,31,3,0,0
390,34,13,16,3,3,0,1
113,24,88,13,30,4,5,1
89,22,143,6,26,9,1,1
489,38,27,29,38,2,1,1
348,34,56,3,56,9,1,1
215,6,64,30,37,1,5,1
311,15,54,4,62,9,2,1
311,24,39,26,54,3,3,1
457,16,45,2,10,1,4,1
463,5,48,2,14,6,5,1
475,9,31,5,74,5,0,1
498,40,23,10,24,1,0,1
192,3,5,12,89,8,5,1
277,11,16,30,25,4,4,1
128,11,84,20,75,2,5,1
296,23,19,25,72,9,1,1
415,29,44,29,9,6,5,1
309,29,37,25,40,8,3,0
377,36,38,8,93,7,0,1
169,17,133,12,44,4,0,0
66,9,81,21,40,3,1,1
166,2,41,2,42,3,1,0
495,35,22,9,76,6,2,1
455,30,18,17,82,9,5,1
239,2,68,28,54,3,5,1
111,19,33,27,36,5,4,1
148,19,143,27,32,3,1,1
22,19,134,4,81,9,2,1
116,31,74,6,3,10,4,1
453,6,71,11,53,9,0,1
414,37,147,26,33,1,1,1
377,33,79,12,62,6,3,1
306,17,85,12,34,6,5,1
417,4,67,1,1,7,1,1
84,14,66,28,96,3,5,1
319,10,127,18,5,8,2,0
38,28,149,7,97,1,1,1
458,14,94,3,52,10,4,1
244,10,143,6,74,9,1,1
416,36,129,27,66,5,1,0
42,34,81,17,39,6,1,1
260,22,32,28,74,5,2,1
432,17,31,5,83,2,3,1
140,28,85,20,78,5,3,1
349,8,26,3,40,10,0,1
191,29,121,7,69,10,2,1
190,12,34,27,69,4,3,1
30,33,70,5,61,7,4,1
144,1,116,11,33,8,4,1
246,8,87,15,43,3,5,1
194,31,74,22,64,1,1,1
258,4,11,19,42,2,1,0
365,2,17,7,41,9,5,0
320,4,127,12,46,4,4,1
441,27,121,12,6,10,3,1
57,22,62,16,2,10,3,1
278,3,71,7,12,10,5,1
163,16,122,28,21,2,2,1
373,37,142,6,54,10,4,1
310,36,39,19,37,5,2,1
431,32,53,22,67,1,2,1
92,33,16,14,56,5,5,1
368,28,80,25,63,2,4,1
295,14,20,26,92,5,1,1
114,35,47,6,13,6,1,1
493,3,95,9,35,1,4,1
293,1,5,13,60,4,4,1
215,16,114,27,47,1,5,1
17,33,49,9,99,4,0,1
452,27,83,26,24,4,4,1
364,40,75,23,75,5,3,1
349,27,143,29,83,10,2,1
33,33,65,30,22,4,0,1
403,33,101,16,79,6,3,1
367,29,31,24,54,10,3,1
407,38,72,16,50,10,3,1
407,5,96,20,15,5,1,1
316,24,136,28,84,4,1,1
258,21,9,3,6,3,3,1
372,18,81,1,20,10,1,1
436,10,86,26,32,7,1,1
491,28,61,1,19,7,5,1
81,28,144,22,58,9,4,1
344,39,111,15,30,9,2,1
410,28,136,10,93,1,5,0
249,26,45,18,87,10,4,1
333,22,68,6,99,2,4,1
98,22,53,20,76,9,1,1
454,30,6,6,18,9,2,1
89,1,28,16,85,5,2,1
147,8,69,1,88,9,1,1
246,17,33,17,72,5,5,1
151,28,23,28,82,7,1,1
442,32,109,10,29,10,4,0
105,11,124,6,16,10,3,1
325,20,77,4,95,3,3,1
99,3,133,16,97,4,5,1
68,1,137,28,80,1,4,1
428,33,140,5,21,3,4,1
209,33,134,3,83,6,5,1
290,9,36,9,38,6,0,1
392,27,83,13,89,7,4,1
358,3,37,13,47,4,5,0
35,12,68,13,20,4,2,1
125,18,38,7,39,6,5,1
12,17,72,3,16,9,0,1
265,33,22,13,90,3,1,1
110,13,118,3,81,10,4,1
124,30,6,6,10,8,1,0
307,11,48,23,51,10,0,1
336,30,101,7,95,10,5,1
164,10,69,20,6,6,2,1
124,22,15,25,96,5,5,1
78,29,111,25,94,4,4,1
289,13,113,23,47,6,3,1
494,30,125,12,13,8,1,1
328,30,138,24,66,1,1,1
114,12,25,22,55,6,4,0
224,1,44,13,63,5,5,1
91,10,1,18,19,8,3,1
192,13,87,29,54,2,3,1
58,38,130,19,2,5,1,1
297,16,115,24,32,8,1,1
52,38,98,3,15,9,0,1
46,32,127,20,77,7,3,1
391,2,119,28,17,5,4,1
291,26,146,13,33,6,0,1
329,21,126,24,74,4,2,1
299,21,26,30,95,3,1,1
440,20,22,24,100,2,4,1
239,27,101,15,66,9,2,1
188,39,110,1,93,3,4,1
48,11,76,30,53,5,2,1
430,4,5,9,17,5,2,1
305,5,48,5,41,4,0,1
305,7,95,15,8,6,5,1
216,10,39,24,99,1,0,1
356,22,98,2,46,4,1,1
424,39,16,21,78,2,5,1
268,27,122,28,93,7,2,1
138,37,41,8,37,7,5,1
110,26,106,10,97,2,4,1
376,14,10,27,2,1,2,1
484,11,142,15,74,5,2,1
332,31,17,17,94,7,1,1
421,38,37,25,52,1,3,1
259,36,127,6,67,5,2,0
139,21,62,10,41,9,5,1
257,1,58,28,32,8,2,1
271,7,82,13,71,6,2,1
111,19,107,24,65,6,4,1
199,30,140,3,59,7,0,0
409,7,102,25,22,10,0,1
41,38,43,2,33,8,4,1
164,16,57,11,17,7,3,1
156,29,64,9,83,8,5,1
410,30,37,18,25,5,3,1
59,15,115,6,4,4,3,1
173,18,79,2,36,3,3,1
117,39,113,23,14,6,3,1
282,6,33,1,88,6,4,1
296,5,111,18,31,3,2,1
476,2,37,15,34,5,2,0
292,17,23,3,9,10,3,1
231,8,95,11,97,7,0,1
366,20,53,6,5,2,4,1
23,6,135,3,43,7,3,1
421,7,127,27,55,6,3,1
268,7,9,24,13,1,2,1
455,35,142,18,33,3,3,1
287,7,114,9,90,9,2,1
494,21,104,25,74,9,1,1
111,36,116,28,58,7,0,1
340,31,100,24,14,5,2,1
212,9,102,12,21,4,2,1
334,1,113,20,31,1,5,1
328,28,66,13,81,4,0,1
198,37,64,18,18,9,3,1
76,18,3,23,99,2,5,1
452,19,82,21,95,3,0,1
14,26,150,27,37,7,4,1
65,12,16,18,58,1,3,1
478,4,121,6,62,2,4,1
120,2,134,13,97,10,2,1
78,21,18,3,81,4,2,1
157,27,19,18,22,10,5,1
329,28,3,1,21,4,5,1
128,5,40,16,31,9,2,1
413,27,86,12,33,10,5,1
263,28,95,15,12,2,5,1
319,39,126,4,72,7,5,1
251,31,10,25,66,5,3,1
144,13,135,19,21,4,1,1
140,26,7,30,52,9,5,1
348,25,50,18,4,4,1,1
122,20,109,8,31,1,2,1
478,25,131,28,60,7,0,1
166,18,90,18,23,2,4,1
201,37,37,2,4,8,1,1
124,8,103,7,3,2,3,0
33,14,140,15,66,8,4,1
298,12,101,25,6,5,2,1
69,11,7,1,98,7,5,0
86,5,98,18,90,4,5,1
155,37,133,30,31,6,2,1
473,34,105,30,7,4,2,1
394,8,104,22,8,4,5,1
363,7,104,11,67,5,2,1
213,38,41,24,23,2,5,1
434,39,61,27,18,3,1,1
372,12,94,30,71,2,5,1
11,36,26,17,95,10,4,1
495,10,135,23,7,8,5,1
475,28,8,19,95,10,1,1
66,10,81,21,1,3,0,1
372,28,145,18,57,4,1,1
206,29,34,7,51,4,3,1
57,17,73,2,62,7,1,1
489,31,10,3,78,6,1,1
189,35,109,2,8,10,4,0
311,40,95,23,92,6,1,1
311,13,87,27,47,7,3,1
308,29,46,3,24,3,3,1
143,24,150,5,83,3,1,1
307,29,98,18,64,10,0,1
268,20,75,16,30,9,3,1
278,38,48,14,44,7,0,1
277,21,107,16,6,1,2,1
252,21,58,24,71,6,4,1
424,6,55,25,6,5,1,1
452,17,53,17,67,7,0,1
328,31,31,25,1,5,2,1
310,31,55,28,62,7,3,1
286,22,103,19,95,8,2,1
289,27,102,25,60,3,4,1
82,29,25,27,24,6,0,1
346,10,101,3,38,8,5,1
187,11,49,2,25,5,5,0
293,18,75,10,59,10,0,1
121,14,41,17,69,6,4,1
93,2,98,6,20,7,4,1
310,24,18,2,26,10,4,1
405,6,34,21,5,9,0,1
202,24,36,27,81,1,1,1
160,20,100,5,37,9,5,1
349,28,143,8,96,7,0,1
409,8,117,4,79,3,4,1
417,2,94,2,2,4,5,1
31,19,16,13,68,5,3,1
208,29,45,19,70,3,1,1
72,4,7,19,22,10,5,1
146,14,138,24,95,5,3,1
447,22,101,25,44,2,0,1
135,40,141,26,79,6,1,1
256,9,40,4,60,2,5,1
213,11,40,27,19,6,3,1
257,11,44,16,4,7,4,1
198,40,108,12,68,3,1,0
90,8,40,14,60,1,1,0
443,3,9,12,16,6,4,1
368,2,91,28,22,1,1,1
98,27,76,25,33,8,5,1
195,38,53,4,75,9,5,1
315,25,17,14,57,1,4,1
267,3,76,10,100,9,5,1
355,14,18,9,68,7,2,1
290,26,31,9,15,6,3,1
288,27,90,17,9,8,5,1
274,35,110,22,73,8,5,1
58,30,138,4,54,4,5,1
56,20,74,13,2,6,2,1
355,33,40,12,91,1,3,1
404,19,58,16,56,1,5,1
51,40,39,2,56,4,3,0
90,30,35,28,73,2,1,1
391,24,54,22,60,1,4,1
458,39,66,10,4,3,1,1
309,14,36,9,21,4,0,0
79,7,38,16,60,5,1,1
278,26,13,26,78,3,5,1
338,16,47,3,27,3,0,1
470,14,1,16,32,8,5,1
351,19,130,1,85,4,5,1
341,32,80,9,100,5,4,1
266,33,72,3,97,7,4,1
311,25,76,4,89,1,0,1
471,34,5,10,87,1,3,1
448,27,117,17,96,2,5,0
35,18,43,19,88,10,5,1
400,33,8,21,75,4,2,1
12,22,125,29,63,7,3,1
138,2,49,6,69,4,5,1
449,25,149,4,81,2,2,1
146,19,127,7,52,10,5,1
143,16,112,15,93,3,5,1
218,31,133,9,87,3,5,0
150,6,24,21,12,8,2,1
201,29,125,21,70,9,3,1
99,10,39,13,67,2,4,1
476,35,56,2,51,8,2,1
64,30,71,13,77,8,1,1
406,5,25,25,40,6,3,1
159,7,65,15,20,1,5,1
159,31,66,23,30,6,2,1
31,17,90,12,84,2,2,1
169,21,60,20,13,3,3,1
99,38,93,6,12,4,1,1
456,9,15,7,57,1,0,1
377,3,49,6,28,4,4,1
18,39,2,15,66,7,2,1
483,9,100,27,33,10,1,1
434,30,69,23,73,8,1,1
97,11,103,13,15,8,4,1
158,22,72,27,14,9,4,1
406,28,141,2,30,7,4,1
103,21,26,5,40,7,0,1
437,35,92,3,47,2,2,1
233,13,57,8,89,8,5,1
406,31,32,9,63,5,0,1
329,3,69,23,74,2,3,1
494,33,16,25,55,3,5,1
361,6,120,25,49,1,4,1
351,6,19,27,6,4,4,1
367,35,61,3,53,9,1,1
78,24,118,4,3,6,0,1
192,36,65,24,80,3,2,1
477,34,30,12,87,9,2,0
295,21,86,28,27,3,5,1
380,20,6,12,68,1,5,1
166,34,88,20,49,7,1,1
58,26,9,23,10,5,5,0
425,1,24,23,66,4,3,0
128,27,115,19,57,7,1,0
85,5,98,24,43,8,4,1
51,33,75,6,93,3,3,1
197,27,30,8,2,6,0,1
431,24,101,30,35,6,2,1
328,10,91,18,69,4,0,1
485,38,129,4,2,1,4,1
239,13,74,30,24,2,3,1
340,33,125,21,72,3,3,1
399,25,43,27,97,7,4,1
232,28,63,9,12,4,0,1
196,36,79,9,27,3,0,1
432,27,67,23,4,5,4,1
425,22,25,25,44,2,2,1
62,17,72,24,2,5,2,1
204,39,22,3,68,5,1,1
102,4,10,25,75,3,1,1
325,20,62,1,17,1,3,1
425,19,96,28,81,4,4,1
467,13,84,24,39,2,3,1
335,26,56,26,80,5,0,1
219,33,42,8,68,1,0,0
21,36,96,25,10,1,2,1
386,29,109,21,23,8,1,1
356,29,80,26,42,5,1,1
180,29,44,21,79,9,0,1
151,23,105,14,75,4,4,1
297,9,69,12,75,2,4,1
466,36,14,13,73,4,2,0
314,37,29,9,85,7,4,1
144,14,119,12,35,9,4,1
95,6,97,21,84,2,5,1
356,33,104,2,67,3,3,1
270,39,128,22,76,5,2,1
214,8,139,17,16,6,0,1
276,38,102,8,76,3,4,0
284,18,29,1,92,3,1,1
354,16,38,25,28,2,1,1
372,12,64,27,80,4,3,1
212,8,123,14,84,9,4,1
319,25,9,16,83,3,1,1
193,2,49,18,11,2,5,1
317,19,116,5,75,2,2,1
96,2,137,9,75,4,3,1
364,29,92,14,87,5,2,1
396,24,9,29,72,6,1,1
238,36,30,23,13,3,1,1
427,30,6,14,61,2,3,1
479,39,107,15,17,8,2,1
249,3,105,26,83,10,2,1
457,39,45,7,42,9,0,1
282,20,20,3,62,6,2,1
429,37,126,16,60,8,1,1
26,31,134,25,28,9,4,1
345,24,78,30,56,8,4,1
425,34,37,4,80,4,1,1
457,7,75,26,66,10,3,1
242,15,86,18,43,4,1,1
86,10,103,3,93,8,4,1
381,3,46,6,71,6,1,1
98,19,66,24,3,10,3,1
209,5,137,18,76,4,0,1
451,9,95,9,96,8,2,1
466,36,65,1,48,10,3,1
309,38,106,24,63,10,5,1
36,10,34,21,4,4,0,1
89,21,120,30,19,5,5,1
49,23,79,8,34,3,5,1
46,16,88,30,4,8,5,1
492,4,4,24,23,10,0,1
292,6,26,1,95,4,5,1
181,33,88,20,16,6,1,1
62,19,103,6,17,3,3,1
454,12,97,20,92,3,5,1
330,33,37,27,22,9,4,1
64,35,113,1,82,8,3,1
332,34,33,1,66,8,1,1
419,11,25,15,15,6,3,1
21,10,35,17,26,1,3,1
364,23,74,30,22,5,0,1
15,27,63,4,3,6,0,1
326,37,74,13,97,8,3,1
76,11,103,13,3,4,2,1
484,10,9,11,52,5,4,1
86,21,70,27,9,5,0,1
424,38,114,11,67,5,1,1
65,15,32,4,16,3,0,1
116,2,84,15,48,4,4,1
422,11,73,8,10,6,3,1
406,10,115,19,94,6,3,1
497,32,50,1,10,2,0,1
311,33,62,10,2,5,1,1
274,33,80,30,10,6,4,1
347,8,139,27,37,2,4,1
31,33,128,17,13,5,5,1
158,11,19,7,27,4,4,1
300,17,122,20,1,1,4,1
399,34,111,14,7,9,5,1
465,15,66,21,33,3,1,1
322,35,39,6,13,9,2,1
472,27,121,23,26,3,4,1
456,23,86,4,74,2,3,1
500,17,117,5,44,4,1,1
231,36,24,7,29,6,3,1
408,6,76,25,43,9,4,1
295,20,48,5,12,6,1,1
291,12,74,18,45,4,4,1
56,36,13,3,77,1,2,1
249,35,25,7,63,2,4,1
468,9,69,2,37,8,3,1
19,27,32,15,1,9,0,1
331,9,74,16,18,9,2,0
258,26,99,26,68,4,2,1
119,3,79,29,91,10,2,1
303,34,63,23,88,1,3,1
330,19,36,11,15,8,0,1
422,8,30,27,52,9,0,1
154,8,93,7,52,10,1,1
273,21,76,10,4,3,2,1
410,15,107,19,40,7,2,1
62,19,90,13,82,8,3,1
113,22,36,25,3,1,1,1
83,24,129,5,85,6,4,1
364,12,13,23,42,8,0,1
445,34,49,22,39,7,3,1
143,18,136,8,6,7,1,1
230,31,3,23,9,10,3,1
117,13,129,16,68,8,4,1
207,1,149,25,86,4,4,1
500,11,62,13,77,10,1,1
438,36,26,8,90,2,1,1
397,20,98,10,11,5,3,1
119,27,117,10,29,3,4,1
316,38,137,6,88,8,3,1
344,2,90,17,23,6,5,1
113,34,148,27,24,3,0,1
280,17,104,26,93,9,4,1
203,37,59,1,32,4,1,1
437,22,25,12,100,10,0,1
129,23,39,26,42,1,4,1
40,13,83,15,88,3,0,1
175,5,111,22,49,10,3,1
441,22,74,22,58,6,2,1
316,19,117,26,7,7,4,1
126,14,17,27,23,7,3,1
19,17,115,1,94,2,1,1
375,21,38,30,32,9,1,1
279,29,14,19,52,2,5,1
180,15,37,4,14,1,3,1
287,3,61,22,5,7,4,1
135,28,75,20,25,8,3,1
314,13,92,14,53,10,3,1
103,13,7,13,48,2,5,1
135,25,90,23,87,6,3,1
108,6,85,3,19,6,0,1
304,31,145,16,65,6,1,1
394,32,139,3,77,4,0,1
495,37,89,6,46,2,1,1
86,12,114,1,82,3,3,1
136,15,117,3,89,2,4,1
410,26,33,14,46,4,0,1
121,22,139,5,92,10,5,1
479,27,18,24,48,7,5,1
141,40,95,9,21,10,5,1
327,32,66,11,91,3,0,1
72,22,110,24,24,10,1,1
78,35,68,18,76,2,0,1
164,38,95,1,76,3,5,1
321,4,73,24,13,3,4,1
241,30,30,5,92,5,3,1
131,20,150,24,21,10,3,1
285,3,68,6,45,3,0,1
130,32,20,8,35,6,1,1
396,29,49,29,36,1,2,1
329,10,124,3,76,1,4,1
304,39,143,21,31,7,4,1
58,13,99,28,4,1,1,1
167,18,88,28,31,8,5,1
142,27,34,14,51,6,2,1
140,22,139,10,7,5,1,1
48,12,10,18,16,8,3,1
79,26,23,6,67,9,2,1
416,7,82,17,60,7,1,1
412,2,109,28,75,8,2,1
115,38,77,3,39,5,1,1
425,30,100,29,48,2,1,1
490,7,30,18,22,8,1,1
405,27,67,11,61,7,1,1
239,36,65,29,74,7,1,1
263,7,85,12,9,5,1,1
67,3,136,14,18,9,0,1
411,33,124,28,20,6,3,1
151,28,82,5,50,7,5,1
181,1,131,15,95,6,5,1
275,35,142,17,56,10,3,1
274,12,94,5,88,9,3,1
278,15,109,11,22,3,4,1
286,37,76,2,53,2,1,1
182,1,57,27,61,9,2,1
318,12,91,16,10,10,4,1
352,7,37,5,44,9,5,1
21,33,34,1,58,3,5,1
117,14,46,26,91,9,1,1
254,38,5,19,16,6,3,1
426,4,108,10,93,5,4,1
124,25,75,24,2,1,0,1
252,38,67,19,78,4,2,1
11,19,106,30,76,7,1,1
432,33,49,15,48,2,3,1
377,34,83,12,97,3,1,1
413,6,88,7,10,7,4,1
244,10,121,27,23,3,3,1
381,1,127,1,60,1,3,1
67,19,19,4,17,2,2,0
365,27,15,26,10,6,1,1
312,11,103,27,92,6,3,1
381,24,132,19,71,4,4,1
338,38,142,9,11,1,0,1
145,9,28,10,32,4,1,1
69,23,87,30,43,4,4,1
370,31,39,30,73,6,4,1
225,14,143,5,13,8,0,1
63,25,46,6,9,2,3,1
447,21,123,26,73,3,2,1
282,39,130,23,49,10,4,1
490,39,29,26,90,1,2,1
225,22,64,22,68,5,2,1
434,7,38,23,84,1,4,1
42,38,25,4,45,2,4,1
422,32,37,21,88,5,0,1
118,21,73,4,57,4,0,0
105,26,46,5,73,8,2,1
114,12,42,12,48,2,5,1
363,6,58,1,21,9,2,1
64,31,23,4,80,3,1,1
498,20,32,16,20,8,0,1
212,29,121,4,18,2,5,1
390,23,37,10,84,8,0,1
341,12,82,14,26,3,5,1
77,33,113,25,38,2,5,1
360,6,94,19,71,2,1,1
482,38,103,24,23,9,4,1
460,27,85,24,26,2,5,1
448,10,67,8,38,2,5,1
263,14,47,27,40,5,1,1
495,34,135,19,14,5,1,1
279,10,48,29,10,4,1,1
336,14,22,23,98,1,1,1
479,4,2,26,35,1,5,1
370,18,131,19,37,10,3,1
74,27,34,4,79,9,5,1
223,9,81,5,31,10,5,1
65,35,10,6,43,6,3,1
376,2,50,5,17,8,0,1
35,30,101,2,14,6,4,0
173,12,88,8,1,4,1,1
397,4,136,9,18,4,3,1
387,38,64,8,25,8,3,1
241,18,61,19,65,1,2,0
297,18,74,16,54,8,5,1
346,36,121,22,60,7,4,1
272,19,73,12,60,7,5,1
218,21,111,13,64,1,0,1
193,35,134,2,19,8,1,1
30,19,53,14,76,7,5,1
290,28,61,28,24,7,5,1
181,30,5,18,75,8,1,1
386,8,139,30,67,8,1,1
138,30,90,2,59,6,0,1
90,1,3,10,50,5,2,1
414,33,63,1,18,6,0,1
467,38,107,3,76,7,0,1
493,34,64,14,52,2,2,1
14,5,26,2,51,7,0,1
41,25,34,12,80,8,4,1
339,23,58,26,22,4,0,1
104,25,11,23,7,5,3,1
382,37,110,2,29,8,2,1
59,17,15,22,57,10,2,1
190,1,140,6,57,10,1,1
48,29,128,15,78,9,3,1
351,26,77,5,42,9,2,1
256,17,68,16,18,6,0,1
265,16,10,5,30,4,5,1
315,22,97,15,93,1,5,0
413,16,116,30,6,9,3,1
162,6,25,14,3,7,0,1
98,17,17,2,62,10,5,1
186,21,123,14,87,5,0,1
364,36,139,29,56,4,4,1
242,16,61,3,39,9,1,1
344,2,73,27,17,6,2,1
289,20,57,10,20,10,5,1
274,4,8,15,27,6,2,1
473,40,69,12,2,1,4,1
236,12,55,2,48,2,2,1
475,25,28,6,1,8,0,1
43,17,31,27,27,5,4,1
100,19,12,30,51,9,2,1
416,11,48,14,32,7,4,1
220,29,138,6,26,8,4,1
96,25,76,24,56,7,3,1
278,38,70,7,41,3,5,1
80,9,100,16,49,2,0,1
485,25,136,23,35,3,3,1
228,21,95,24,9,3,1,1
403,29,12,9,92,9,0,0
152,16,101,26,71,3,3,1
13,39,79,5,76,1,2,1
259,1,98,26,27,4,3,1
424,11,78,3,71,7,3,1
151,13,77,10,17,10,2,1
296,5,53,20,61,8,0,1
265,30,119,5,51,2,4,1
242,22,132,14,8,1,0,1
131,12,75,23,38,4,0,1
299,30,50,21,6,10,1,1
78,37,81,3,59,3,2,0
10,39,19,8,56,6,4,1
55,11,137,9,49,8,2,1
91,33,1,10,6,7,4,1
392,16,6,11,38,10,2,1
415,31,106,5,40,10,3,1
395,39,26,3,85,7,4,1
101,36,121,20,69,2,4,1
80,14,104,27,15,1,1,1
268,2,132,17,63,9,5,1
475,18,107,28,11,4,0,1
13,29,135,12,25,3,1,0
45,32,79,13,70,9,0,1
280,12,121,11,99,7,4,1
406,38,105,10,62,10,3,1
72,37,131,14,83,3,4,1
197,34,126,15,34,2,4,1
210,24,117,10,27,3,0,1
104,31,27,18,44,7,0,1
399,25,20,5,73,8,4,1
301,36,55,28,31,9,5,1
310,6,73,13,12,9,4,1
378,15,49,13,10,8,4,1
418,32,5,17,66,4,3,1
315,1,87,27,82,8,2,1
61,29,55,15,75,5,3,1
198,4,72,7,18,1,5,1
167,5,63,3,24,8,0,1
278,12,86,21,85,5,4,1
213,39,145,19,63,5,4,1
362,9,90,3,54,9,2,1
360,16,100,28,61,3,5,1
310,14,1,23,90,6,4,1
263,26,50,19,6,3,3,1
130,30,53,16,22,8,3,1
217,11,121,1,1,9,1,1
295,10,78,11,68,4,1,1
337,2,129,28,2,1,5,1
97,38,73,20,19,1,2,1
212,12,116,20,68,6,4,1
157,1,15,27,76,10,2,1
83,35,75,22,78,10,4,1
122,11,91,9,66,3,2,1
201,1,99,18,62,6,5,1
452,16,137,27,27,6,1,1
181,10,72,11,98,3,2,1
36,10,87,23,7,6,3,1
380,9,122,8,97,10,2,1
232,26,105,29,62,10,0,1
265,2,132,19,97,5,1,1
284,12,94,22,80,4,4,1
461,28,52,5,42,3,2,1
466,34,19,7,5,6,1,1
85,30,149,19,3,10,4,1
83,7,119,28,32,2,4,1
169,17,42,28,22,9,2,1
366,35,103,12,74,10,4,1
301,17,143,19,10,6,1,1
457,31,32,9,88,2,5,1
415,22,47,15,78,10,2,1
360,4,81,13,66,8,1,1
386,10,23,20,26,2,5,1
359,30,65,2,44,1,2,1
284,16,144,15,11,10,4,1
107,39,127,27,59,10,3,0
168,26,140,4,95,10,4,1
91,31,119,18,41,4,3,1
480,26,93,19,6,8,1,1
429,11,76,2,15,8,3,0
171,35,41,7,43,8,1,1
72,6,138,28,60,6,0,1
352,29,123,1,41,6,4,1
36,5,53,20,13,5,4,1
475,10,138,24,20,8,3,1
352,10,117,29,19,5,5,1
242,26,46,4,13,9,5,1
200,10,113,2,77,7,1,1
267,9,123,14,89,3,2,1
207,25,88,20,2,6,2,1
248,3,73,29,19,2,4,1
38,24,89,15,24,8,3,1
283,40,105,7,14,5,4,1
416,18,97,24,28,1,3,1
324,25,121,27,84,4,2,1
25,30,114,13,55,1,0,1
288,29,74,2,13,9,3,1
103,17,87,27,50,5,5,1
401,1,130,10,58,3,4,1
496,17,14,14,5,2,0,0
10,17,34,10,66,5,2,1
203,29,6,22,70,6,5,1
396,3,140,28,34,9,4,1
155,22,78,17,32,10,5,1
255,37,79,7,97,7,2,1
360,21,8,29,16,2,0,1
50,7,106,30,83,6,0,1
63,15,134,1,57,5,3,1
372,11,64,8,1,2,2,1
293,32,1,2,59,7,4,1
470,4,92,28,3,2,2,1
401,32,19,23,90,10,4,1
387,25,16,28,8,2,2,1
216,34,112,17,74,7,4,1
358,1,57,4,64,2,0,1
188,19,93,28,78,7,2,1
61,8,95,19,99,9,2,1
290,19,149,11,70,8,5,1
264,27,81,3,51,5,0,1
456,26,128,14,81,10,1,1
371,3,41,28,75,5,4,1
494,23,117,2,46,4,5,1
411,31,122,24,93,7,1,1
101,1,81,10,98,1,4,1
358,26,129,25,56,3,0,1
425,1,121,29,48,7,0,1
51,8,39,27,72,3,5,1
395,3,121,18,73,9,5,1
389,24,118,22,95,10,4,1
384,17,10,24,17,10,1,1
81,2,121,5,42,3,0,1
487,5,8,23,88,6,0,0
402,13,15,24,42,3,5,1
159,35,88,27,18,4,0,1
220,7,142,1,89,3,5,1
384,14,12,2,44,10,0,1
309,37,72,24,96,9,3,1
497,3,83,18,41,9,2,1
190,39,47,4,76,5,4,1
42,4,73,11,12,8,1,1
277,40,107,4,45,1,1,1
473,37,144,20,29,8,0,1
307,22,51,2,43,8,0,1
153,29,30,9,69,8,1,1
478,39,86,8,92,8,0,1
147,11,4,14,20,1,2,1
335,11,49,10,10,2,0,1
368,25,70,15,42,4,3,1
139,9,107,15,85,3,3,1
424,33,56,25,25,8,2,1
78,9,63,15,22,1,0,0
296,11,89,29,31,4,2,1
447,20,34,16,85,4,5,1
416,34,91,11,94,5,0,1
244,19,31,27,58,4,0,1
460,15,79,16,74,7,0,1
64,27,48,7,68,1,4,1
114,37,54,16,91,1,0,1
174,11,96,19,25,9,4,1
91,21,57,1,14,5,1,1
231,8,109,14,44,3,0,1
343,26,75,29,38,4,4,1
72,1,81,16,21,5,4,1
430,11,33,15,37,8,5,1
354,21,37,2,37,4,5,1
429,25,5,2,35,2,1,1
424,22,103,20,60,2,3,1
216,17,4,5,48,1,5,1
159,3,84,14,33,7,5,1
116,24,22,27,52,10,0,1
57,31,91,28,34,5,5,1
16,32,57,4,91,3,1,1
474,9,98,13,68,10,1,1
163,37,53,9,28,7,1,1
484,7,98,22,7,3,2,1
91,32,99,25,15,3,0,1
437,40,70,8,17,4,5,1
111,7,24,15,8,1,1,1
429,34,112,19,33,4,0,1
340,17,107,15,6,7,3,1
192,20,39,19,48,10,5,1
198,25,22,12,76,3,1,1
103,23,55,27,12,10,3,1
135,6,84,16,81,4,2,1
429,7,88,21,76,4,1,0
295,16,25,7,13,6,0,1
226,40,106,4,11,9,0,0
201,21,114,28,7,9,3,1
349,38,70,8,94,6,4,1
182,1,2,8,62,6,2,0
461,6,82,3,20,2,1,1
345,13,125,1,57,5,4,1
447,19,70,26,99,6,3,1
335,3,58,7,39,8,2,1
95,3,93,27,10,6,3,0
105,20,1,13,39,4,0,1
117,7,80,11,2,5,3,1
158,4,52,9,67,8,5,1
153,15,63,23,7,7,4,1
463,40,42,25,15,4,0,1
175,21,83,22,99,4,1,1
46,17,73,11,2,4,0,1
133,10,14,30,40,8,3,1
30,29,136,2,84,9,0,1
293,7,45,12,85,5,3,1
37,14,128,18,24,5,1,1
374,40,115,26,16,8,2,1
25,19,2,17,72,2,0,1
269,25,118,1,6,5,5,1
107,35,105,1,52,9,4,1
286,17,37,28,89,10,3,1
27,12,7,30,17,6,3,1
189,13,51,14,68,8,1,1
21,3,72,10,85,9,2,1
204,28,61,28,79,7,4,1
70,6,45,2,49,4,4,1
195,40,42,11,17,4,5,1
106,34,136,24,85,1,1,1
370,5,72,8,61,6,3,1
31,14,85,7,31,10,1,1
140,24,137,23,94,1,5,1
348,33,63,23,8,6,3,1
334,17,116,13,75,6,2,1
465,28,121,24,30,3,3,1
260,38,145,26,60,1,1,1
255,4,113,24,68,1,0,1
213,31,84,13,13,6,4,1
103,10,51,15,54,4,2,1
425,1,72,16,48,3,4,1
222,38,69,8,61,2,0,1
420,35,91,20,49,8,2,1
300,22,51,25,41,6,3,1
488,11,75,6,54,6,2,0
397,40,30,24,63,6,0,1
215,3,88,28,19,6,4,1
439,33,111,24,3,7,2,1
47,14,108,7,17,2,2,1
249,23,43,25,28,6,5,1
326,24,149,19,86,1,0,1
26,30,109,3,36,1,4,1
291,20,137,25,63,2,2,1
494,15,128,24,36,8,2,1
440,19,106,3,70,4,3,1
219,24,141,21,73,8,2,1
177,25,90,23,92,5,4,1
36,5,142,18,9,5,3,1
186,32,140,4,62,6,3,1
217,32,65,7,24,4,1,1
196,30,11,3,88,2,4,1
20,30,58,30,63,1,4,1
397,16,103,1,38,3,4,1
282,15,12,17,31,10,3,1
335,25,99,29,96,3,1,1
191,3,22,7,8,7,2,1
24,8,18,5,73,2,2,0
321,5,25,11,62,1,4,1
37,21,34,23,42,10,4,1
109,15,61,28,100,8,2,1
421,9,1,24,84,7,4,1
82,22,103,13,48,9,1,0
275,7,108,14,49,2,4,1
431,12,28,3,13,10,5,1
305,35,139,29,12,4,0,1
310,18,124,16,29,10,2,1
147,23,35,14,82,4,4,1
136,26,37,7,99,8,1,1
59,39,134,18,98,8,2,1
50,15,137,18,45,4,4,0
178,23,137,5,4,8,4,1
480,9,5,24,1,2,4,1
138,33,87,21,6,7,2,1
456,6,30,4,8,8,2,1
313,1,147,1,19,3,5,1
137,35,27,26,51,7,4,1
343,4,103,30,98,10,1,1
479,12,147,29,99,9,1,1
462,13,79,16,5,4,1,1
136,3,7,14,100,3,4,1
117,22,11,5,39,2,4,1
175,28,131,1,16,6,4,1
195,1,35,21,68,2,5,1
401,6,100,20,5,5,5,1
194,23,53,25,25,5,1,1
60,6,103,19,10,4,3,1
365,23,7,30,74,6,2,1
209,11,104,18,33,1,0,1
428,27,60,28,7,8,4,1
386,20,21,17,72,8,4,1
123,5,64,3,8,8,0,1
203,31,134,5,24,9,2,1
343,32,94,15,52,1,2,1
214,10,42,11,82,2,5,1
208,38,81,14,15,2,4,1
352,28,121,22,88,1,2,1
243,17,125,21,73,8,2,1
357,4,126,8,18,9,0,1
69,1,106,16,3,5,4,1
282,8,101,14,28,9,2,1
279,8,38,5,22,3,0,1
412,4,99,10,38,7,0,1
38,28,92,3,60,6,2,1
155,1,14,3,52,6,1,1
283,17,111,7,39,2,1,1
65,22,49,7,69,8,3,1
299,12,71,14,27,10,0,0
477,36,19,14,80,2,2,1
81,17,103,3,84,1,5,0
357,1,98,17,13,2,1,1
157,28,33,23,28,8,0,1
375,25,53,1,1,8,5,1
82,16,149,2,31,4,2,1
243,24,8,16,81,8,1,1
264,40,65,22,9,8,5,1
447,40,136,20,100,2,2,1
267,36,81,21,24,5,0,1
480,6,82,11,66,2,5,0
261,5,78,28,73,10,2,1
207,28,6,18,24,5,3,1
21,10,91,2,28,9,5,1
292,3,28,23,41,9,0,1
491,37,129,12,52,7,5,0
103,36,50,28,24,2,0,1
74,33,102,1,95,9,2,1
485,11,55,4,54,3,4,1
167,25,77,24,27,2,3,1
41,33,60,12,56,5,3,1
295,14,45,2,20,7,2,1
26,29,120,30,41,10,1,1
278,40,127,22,5,6,4,1
450,24,19,28,22,5,1,1
47,17,10,26,88,6,2,1
140,7,85,24,35,3,0,1
132,10,79,3,8,9,3,1
82,17,114,30,17,9,4,1
121,10,37,10,75,6,0,1
424,17,135,3,73,4,5,0
480,29,109,3,91,6,5,1
253,19,85,20,54,3,2,1
203,27,147,23,52,5,4,1
122,32,44,3,1,4,3,1
100,26,117,29,7,9,0,1
456,3,2,22,84,9,3,1
274,2,29,15,75,9,5,1
135,27,112,29,88,1,3,1
391,31,144,17,45,5,5,1
146,13,67,24,94,5,3,1
365,23,83,18,4,1,3,1
459,23,10,21,77,9,2,1
252,24,149,26,60,9,5,1
331,12,29,2,40,2,2,1
301,14,92,22,45,5,1,0
222,29,5,13,90,4,3,1
189,24,71,4,15,3,1,1
90,33,123,21,10,1,3,1
113,26,106,23,4,4,5,1
499,27,75,27,89,5,5,1
166,34,9,16,68,4,5,0
409,14,61,25,37,7,3,1
92,34,22,29,27,4,2,1
327,13,137,28,84,10,5,1
26,29,33,30,51,10,1,1
75,22,32,17,60,8,3,1
292,36,82,2,97,3,1,1
445,12,142,28,94,2,2,1
424,3,25,9,97,7,5,1
384,2,9,3,23,7,4,1
261,29,16,25,70,5,1,1
224,19,5,19,18,9,5,1
427,18,150,16,58,8,0,1
55,27,145,25,95,5,3,1
424,20,93,5,66,8,1,1
442,37,56,3,45,6,1,1
270,23,105,2,64,5,4,1
347,32,100,26,3,7,0,1
15,8,137,21,87,10,1,1
49,40,97,28,69,1,1,1
382,37,124,17,33,2,3,1
230,19,37,27,62,4,2,1
17,5,134,8,39,2,5,1
365,2,3,19,37,2,4,1
185,29,29,3,48,1,4,1
196,35,34,10,64,6,1,1
133,7,76,15,25,4,1,1
315,22,59,2,66,8,4,1
357,24,115,4,69,10,0,1
20,27,112,15,48,7,2,1
198,25,92,19,70,2,0,1
87,11,79,8,96,7,2,1
301,35,87,1,20,7,4,1
53,35,104,18,31,7,2,1
191,17,131,1,28,6,4,1
123,9,130,23,88,7,4,1
236,35,24,16,90,5,3,1
287,19,21,15,28,10,3,1
369,5,39,29,48,4,3,1
399,3,44,22,20,5,0,1
301,12,40,7,90,6,4,1
457,1,123,26,85,9,5,1
343,17,150,24,28,8,2,0
251,14,119,16,6,6,2,1
35,14,139,23,28,8,1,1
398,5,131,9,84,7,1,1
171,19,51,3,34,10,3,1
166,19,132,20,80,4,1,1
335,40,126,11,39,6,4,1
12,20,100,7,67,4,0,1
285,24,82,28,36,9,3,1
109,35,136,29,78,2,4,1
430,15,14,14,96,2,4,1
211,22,81,28,80,10,5,1
457,4,8,1,33,5,2,1
54,10,57,30,15,2,5,1
376,24,50,26,27,6,5,1
178,36,54,19,45,1,5,1
159,27,84,18,32,9,0,1
345,11,133,5,21,2,2,1
61,23,56,12,57,9,5,1
486,28,56,20,87,10,2,1
377,10,97,19,99,7,2,1
430,4,95,20,7,7,4,1
482,12,20,2,61,4,2,1
281,4,85,13,8,2,5,0
189,1,18,20,77,1,3,0
28,36,59,18,13,4,1,1
369,7,107,12,73,3,4,1
456,15,72,30,93,5,0,1
86,16,13,15,8,6,0,1
31,30,93,16,8,6,2,1
242,12,17,9,55,9,3,1
393,20,147,23,59,2,0,0
385,26,52,10,55,3,4,1
441,38,78,8,78,5,2,1
401,30,1,22,78,4,2,1
341,40,141,13,28,2,0,1
419,39,115,23,100,2,4,0
476,19,47,2,45,2,3,1
186,38,83,18,45,2,1,1
284,32,80,23,10,9,0,1
446,10,54,26,78,5,4,1
217,39,53,8,70,10,3,1
67,39,57,26,66,3,4,1
313,7,122,25,67,6,4,1
440,5,118,2,51,3,1,1
191,10,80,16,86,10,5,1
189,1,109,5,57,9,3,1
256,5,61,27,27,8,2,1
100,38,122,6,15,9,5,1
487,33,109,25,50,7,0,0
39,7,136,29,90,6,0,1
440,37,28,8,37,7,2,1
435,1,7,27,63,8,2,1
207,5,66,10,74,1,4,1
476,30,51,13,63,7,2,1
291,37,124,15,88,6,5,0
130,4,125,11,19,7,0,1
307,5,27,13,21,10,3,1
10,17,51,28,46,8,4,1
38,21,55,16,52,8,2,1
297,32,146,8,34,2,0,1
445,25,142,19,9,2,1,1
86,10,40,6,84,5,2,1
470,39,98,24,11,1,5,1
98,28,103,11,62,3,3,1
280,3,112,5,30,8,1,1
374,11,127,7,55,2,5,1
159,22,56,22,52,8,4,1
257,14,115,8,17,8,1,1
352,25,15,13,67,4,1,1
307,18,141,9,63,5,5,1
91,23,3,10,56,2,1,1
480,8,78,27,19,7,3,1
46,27,145,19,73,9,3,1
429,13,45,2,62,1,4,1
323,27,41,14,99,9,0,1
492,31,52,11,46,8,0,1
270,13,38,18,95,5,0,1
274,13,37,28,66,10,0,1
32,14,124,11,11,8,5,1
271,27,43,4,72,5,5,1
457,1,64,20,20,10,3,1
455,7,69,24,29,7,2,1
258,35,29,5,29,3,2,1
212,13,61,10,25,2,3,1
349,39,146,6,42,1,3,1
432,38,21,27,47,7,3,0
458,8,67,12,64,10,2,1
396,3,145,3,18,10,0,0
247,19,66,26,13,6,4,1
23,27,116,22,1,4,3,1
485,19,105,30,64,5,4,1
322,9,20,2,8,5,1,1
266,18,4,14,73,8,0,0
378,33,45,8,9,10,0,1
462,5,84,26,80,6,4,1
42,38,66,10,86,4,2,1
454,24,91,5,70,10,1,1
40,40,100,4,83,2,5,1
214,19,66,26,81,5,4,1
325,33,79,23,64,6,4,1
191,29,20,23,95,1,4,1
485,38,81,14,100,4,3,1
67,24,97,20,41,1,1,1
278,36,38,8,33,8,3,1
415,4,65,12,7,2,2,0
486,1,126,12,66,9,2,1
373,21,77,19,77,2,0,1
445,15,5,12,13,8,0,1
355,22,146,5,85,3,5,1
346,29,96,12,20,2,0,1
35,2,118,29,91,7,2,1
392,40,99,28,26,7,2,1
148,26,40,11,36,8,0,1
303,36,69,4,62,9,3,1
429,31,20,19,44,1,5,1
171,33,80,28,54,10,5,1
410,8,45,29,65,1,3,1
25,18,68,30,83,10,0,1
96,25,44,9,47,5,1,1
295,30,147,22,69,3,0,1
56,16,8,29,29,6,4,1
50,31,46,15,78,3,1,1
405,23,52,5,67,10,4,1
166,23,86,30,41,1,0,1
434,14,23,3,51,7,5,1
293,22,71,28,20,5,1,1
139,16,112,6,37,10,0,1
340,26,37,13,2,5,0,1
206,7,7,14,45,9,2,1
467,35,51,11,21,3,5,0
479,7,27,3,7,2,1,1
312,17,45,1,77,2,3,1
449,9,58,11,73,6,1,1
395,25,23,5,8,3,0,1
60,19,73,25,94,9,4,1
214,36,146,4,53,10,0,1
18,11,120,11,27,8,5,1
69,9,69,15,97,10,5,1
473,20,64,6,64,5,3,1
83,36,13,7,81,4,2,1
191,19,81,28,70,4,2,1
419,38,19,13,7,2,3,1
403,16,51,26,44,7,4,1
238,23,15,12,25,1,5,1
370,20,87,22,80,7,0,1
362,27,129,5,73,10,3,1
489,28,118,16,95,4,2,0
256,33,38,6,92,1,0,0
367,36,94,19,52,5,3,1
52,6,34,11,36,6,3,1
222,32,147,21,21,10,2,1
357,35,136,17,91,9,2,1
140,13,3,12,90,4,5,1
99,12,105,16,88,6,5,1
293,30,111,8,33,7,5,1
231,35,79,22,64,9,4,0
277,20,120,13,13,3,2,1
316,9,11,15,11,10,5,1
450,14,33,23,7,2,4,1
45,40,98,19,13,1,2,1
347,35,72,13,86,6,2,1
493,22,46,6,86,10,1,1
204,22,100,14,42,5,4,1
60,17,74,11,65,4,4,1
256,31,111,22,96,10,2,1
77,23,79,16,92,4,4,1
272,26,53,13,7,10,4,1
17,11,118,21,10,3,3,1
483,13,138,25,81,9,3,1
281,2,97,4,75,4,1,1
52,37,120,5,22,5,4,1
366,19,75,7,33,4,5,1
39,21,36,16,35,2,5,1
209,9,31,8,10,5,2,1
331,22,128,7,97,4,2,1
336,5,7,14,20,2,3,1
253,27,75,13,36,1,5,1
373,26,80,15,48,2,1,1
109,32,77,14,66,6,3,0
269,8,138,25,22,3,0,1
423,15,47,26,80,5,2,1
189,38,44,2,84,4,3,1
339,23,95,1,1,1,5,1
301,8,80,3,38,6,4,1
27,12,137,19,27,3,2,1
428,24,17,16,81,8,0,1
81,12,134,1,49,8,3,1
414,26,81,26,18,6,5,1
165,30,132,23,79,10,2,1
155,7,32,10,10,7,1,1
292,8,124,19,86,1,0,1
459,34,113,13,95,3,2,1
249,32,89,20,78,2,0,1
496,8,45,18,40,5,2,1
474,23,125,1,3,2,1,1
355,30,73,29,21,6,2,1
350,5,136,1,38,9,2,1
297,38,4,11,31,6,5,1
173,8,89,17,47,10,1,1
92,27,85,5,89,1,5,1
315,34,17,18,72,9,1,1
378,23,55,20,56,3,5,1
473,11,37,4,52,6,2,1
441,38,84,30,55,8,2,1
207,7,86,1,53,4,3,1
285,32,29,21,48,6,1,1
345,37,32,26,36,1,2,1
25,14,51,16,27,4,0,1
484,36,145,28,37,7,4,1
289,17,49,15,14,10,4,1
55,26,150,27,20,1,2,1
92,22,48,9,88,6,2,1
219,28,144,26,16,3,5,1
362,16,106,2,4,5,3,1
176,3,21,16,56,3,4,1
206,27,142,3,97,9,2,1
333,25,118,8,51,4,5,1
12,35,55,9,84,7,4,1
327,29,119,20,100,4,1,1
469,22,81,14,7,8,5,0
430,7,136,9,20,9,5,1
220,10,96,28,76,9,4,1
353,28,25,30,17,10,4,1
379,20,119,9,65,3,2,1
421,15,111,16,4,10,2,1
153,35,149,10,83,3,2,1
362,34,144,14,9,7,3,1
57,27,133,17,3,3,3,1
153,40,70,1,19,1,2,1
213,22,27,15,61,6,4,1
430,31,18,7,90,6,4,1
402,28,47,21,38,1,0,1
118,30,144,3,8,8,3,1
215,7,134,24,64,2,3,1
116,34,75,1,48,7,4,1
188,5,106,1,31,8,3,1
50,27,42,10,97,3,1,1
461,8,68,7,35,9,5,1
316,12,128,23,75,6,2,1
259,10,105,12,18,6,0,1
64,5,77,18,88,7,4,1
137,40,104,2,81,7,1,1
295,3,136,18,1,5,4,1
54,37,65,17,39,10,3,1
465,12,59,17,73,4,0,1
373,9,146,5,46,10,4,1
442,36,29,10,27,3,5,1
433,40,44,21,71,5,3,1
43,9,105,11,74,1,4,1
71,3,133,1,27,4,2,1
402,12,114,12,37,7,5,1
449,8,62,13,47,6,5,1
254,20,78,14,59,3,2,1
471,10,51,8,64,3,5,1
157,20,66,19,98,10,4,1
285,37,3,1,51,9,4,1
200,16,90,2,32,5,2,1
315,34,112,9,38,10,4,1
475,1,7,15,41,10,3,1
448,30,78,25,96,1,5,1
397,2,90,17,13,2,5,1
19,2,72,7,60,5,3,1
298,13,147,27,29,1,5,1
18,18,44,10,3,10,5,1
400,33,104,7,70,4,1,1
121,20,145,20,74,5,1,1
304,6,55,25,20,4,4,1
440,25,31,8,70,4,4,1
393,9,123,15,32,5,4,1
282,31,101,7,25,9,1,1
232,22,134,23,51,10,1,1
102,29,114,17,51,5,2,1
213,15,44,18,56,6,0,1
89,2,148,14,1,5,2,1
464,10,98,3,22,2,2,1
396,8,150,18,14,4,0,1
229,2,52,26,87,3,0,1
153,27,92,14,25,2,3,1
124,12,83,30,47,3,3,1
263,14,113,3,1,6,4,1
270,38,109,12,74,9,4,1
185,3,40,29,64,9,0,1
202,17,96,5,100,10,5,1
218,13,130,10,20,1,2,1
237,26,60,10,24,5,2,1
141,9,73,22,76,7,1,1
356,13,108,23,25,6,1,1
364,4,29,23,3,8,0,1
448,31,15,29,11,3,2,1
31,14,102,21,23,5,4,1
72,27,88,15,49,2,5,1
489,24,60,24,77,4,3,1
480,32,37,18,31,9,5,1
231,13,49,9,17,5,5,1
152,23,13,15,78,2,2,1
297,33,27,5,96,7,2,1
176,36,42,3,38,9,3,1
427,2,1,18,15,7,4,1
367,16,49,12,35,2,3,1
484,10,37,28,42,3,3,1
52,1,105,2,84,5,4,1
463,4,7,22,80,10,1,1
177,10,57,30,41,9,3,1
325,9,63,19,22,5,1,1
74,25,141,11,12,3,2,1
463,12,143,17,77,1,2,1
480,33,72,29,9,2,4,1
107,20,22,15,75,3,4,1
477,13,82,6,70,8,0,1
217,7,95,13,80,9,5,1
31,19,80,22,57,2,0,1
418,39,49,13,62,4,0,1
348,36,47,21,46,4,2,1
317,19,115,9,39,5,0,1
193,32,104,15,65,1,4,1
315,9,48,27,86,5,0,1
206,26,35,10,82,10,0,1
465,40,136,1,8,3,4,1
157,33,52,5,29,8,3,1
260,4,140,5,76,7,3,1
23,35,128,15,54,5,2,1
16,16,133,20,94,1,5,1
225,20,128,24,71,2,0,1
447,23,125,26,11,10,3,1
84,25,52,30,91,2,1,1
113,5,141,2,56,4,5,1
264,29,68,19,70,8,2,1
56,21,12,6,32,5,4,1
338,27,11,1,86,2,2,1
446,2,20,10,79,1,5,1
73,4,53,9,69,10,0,1
462,2,44,24,69,2,0,1
365,5,97,1,77,7,2,0
351,39,98,2,31,3,1,1
91,15,67,21,7,6,3,1
419,29,53,24,83,9,1,1
28,24,94,2,63,3,3,1
113,39,57,12,50,4,5,1
191,23,42,6,35,2,4,1
106,17,93,14,48,5,5,1
443,17,131,4,50,1,2,1
404,28,23,27,48,8,1,1
346,23,66,7,29,10,5,1
350,36,111,20,35,2,4,1
162,30,54,12,17,4,5,1
122,38,122,12,7,6,0,1
63,2,101,9,39,2,2,1
132,16,32,17,24,6,0,1
118,14,84,30,2,1,3,1
83,8,32,1,6,5,2,1
368,39,47,2,36,9,5,1
71,9,135,11,19,1,4,1
278,35,144,19,1,10,5,1
412,20,132,12,45,5,5,1
320,40,90,30,68,6,2,1
47,21,56,26,19,9,1,1
325,11,61,11,23,4,2,1
314,35,22,30,82,2,4,1
221,31,132,1,68,9,3,1
53,32,108,2,72,6,3,1
454,31,70,19,73,4,3,1
98,23,2,15,25,2,3,1
325,40,11,13,3,1,5,1
273,20,33,16,74,8,0,1
392,39,58,28,50,8,4,1
390,35,103,15,53,10,2,1
394,34,85,18,8,3,2,1
269,7,78,19,4,4,2,1
271,10,63,29,50,8,0,1
334,6,150,27,28,4,2,1
25,3,128,19,79,7,0,1
368,20,94,17,80,1,3,1
490,4,110,9,68,6,5,1
114,10,1,1,10,10,5,1
81,28,4,2,88,5,0,0
254,5,33,4,64,2,1,1
208,36,75,23,94,5,5,1
230,19,68,28,37,8,2,0
442,32,81,12,20,8,0,1
416,30,57,3,10,3,2,1
482,30,51,4,5,9,3,1
161,26,34,22,15,7,3,1
108,12,112,17,67,8,2,1
491,37,149,25,25,7,0,1
170,33,65,11,91,5,2,1
18,9,2,23,33,6,1,1
338,20,82,18,26,2,4,1
190,19,18,8,53,10,1,1
310,10,49,10,87,5,4,1
364,3,10,5,88,7,2,1
166,6,131,4,40,4,3,1
68,38,54,6,72,6,1,1
82,12,40,5,46,3,3,1
276,4,134,23,10,3,1,1
228,39,101,21,70,1,3,1
289,14,148,6,76,7,4,1
412,34,105,28,25,3,2,1
95,36,69,6,92,3,0,1
144,31,10,2,73,3,5,1
465,13,124,21,56,8,1,1
211,35,3,24,63,6,4,1
45,8,29,16,31,2,5,1
29,12,135,12,83,4,5,1
41,17,38,22,92,2,2,1
201,3,121,9,51,6,2,1
147,34,30,22,8,2,1,1
358,30,27,16,55,7,5,1
276,31,95,5,6,5,0,0
287,21,127,22,96,1,2,1
413,17,122,29,6,5,1,1
301,28,96,19,56,9,4,1
90,40,146,4,10,4,5,1
271,38,83,8,44,4,1,1
495,14,18,23,88,10,3,1
130,16,71,9,91,8,0,1
159,40,131,9,29,10,4,1
119,13,100,11,69,6,2,1
122,13,65,7,83,4,3,0
423,17,7,2,38,2,5,1
348,13,142,29,93,1,5,0
140,12,146,11,26,7,2,1
480,10,19,4,72,3,5,1
137,12,74,1,36,1,2,1
157,33,115,30,90,9,0,1
72,40,48,27,40,6,2,1
481,37,70,7,36,8,2,1
211,36,34,17,16,2,5,1
462,20,47,18,13,8,3,1
15,14,64,24,85,7,5,1
10,26,133,15,69,9,0,1
107,12,135,11,38,1,1,1
100,24,116,14,56,8,3,0
418,4,25,10,29,4,3,1
354,13,88,30,16,2,1,1
297,4,7,1,96,9,5,1
476,28,8,24,81,3,2,1
426,31,47,11,5,8,1,1
302,38,136,17,72,10,5,1
293,39,52,5,20,1,5,1
434,33,30,23,45,1,0,1
121,5,137,8,10,4,1,1
37,23,28,26,89,4,4,1
102,36,20,10,92,4,1,1
105,16,47,3,42,6,2,1
447,9,150,11,25,9,1,1
437,25,145,9,63,5,1,1
45,22,85,17,97,3,0,1
259,4,109,23,2,5,5,1
382,1,123,2,41,2,2,1
163,19,25,11,41,9,3,1
457,12,18,27,11,10,0,1
154,4,104,21,76,10,5,1
318,2,27,23,10,5,0,0
225,12,49,19,100,2,0,1
18,5,137,30,60,4,2,1
21,8,104,26,46,7,1,1
410,11,81,15,23,6,0,1
26,5,21,2,67,3,0,0
421,8,21,18,94,9,1,1
363,20,86,22,83,8,5,1
36,14,140,26,94,1,5,1
292,24,31,8,42,9,0,1
435,10,92,26,63,10,3,1
349,17,85,29,46,9,2,1
41,5,111,30,31,8,1,1
289,11,83,26,90,5,4,1
20,24,98,3,39,4,2,1
262,40,116,2,73,9,1,1
272,5,52,11,6,1,4,1
285,10,44,13,85,1,1,1
138,33,32,10,53,6,2,1
51,9,132,20,66,1,3,1
366,36,76,25,22,3,1,1
20,20,134,2,50,7,2,1
297,26,38,25,13,9,5,0
41,10,19,17,26,6,2,1
391,19,48,21,8,7,5,1
146,8,88,2,92,3,0,1
311,35,40,7,68,3,3,1
489,21,141,18,76,2,5,1
206,33,131,28,2,7,0,1
34,2,79,4,57,10,5,1
492,26,81,2,23,6,5,1
100,13,8,12,45,8,4,1
308,29,100,25,67,8,2,1
89,15,52,14,47,10,3,1
175,15,68,6,14,9,1,1
409,4,42,30,96,1,3,1
257,20,139,8,5,6,3,1
462,27,127,17,79,1,1,1
117,16,135,5,98,2,2,1
473,10,104,14,88,5,1,1
159,11,94,23,9,6,3,1
215,8,76,3,20,4,5,1
170,17,14,12,41,9,0,1
426,10,65,26,41,10,2,1
498,37,41,11,26,10,1,1
179,5,26,18,61,9,4,1
192,2,69,9,84,4,1,1
280,19,7,18,3,10,3,1
321,24,20,7,76,9,5,1
17,40,51,13,65,7,3,1
369,11,76,22,36,9,3,1
150,25,91,10,12,1,2,1
114,33,44,21,54,4,4,1
11,18,139,10,66,4,0,1
202,6,126,8,24,1,3,1
190,29,124,5,30,1,0,1
68,21,139,10,51,3,0,1
445,28,30,20,17,10,0,1
396,27,43,22,59,8,3,1
100,40,109,24,79,5,5,1
380,7,57,9,45,4,3,1
23,30,55,22,11,4,3,1
78,23,53,11,45,10,5,1
10,8,86,4,68,9,5,1
97,11,136,11,22,2,0,1
197,5,91,7,66,4,4,1
257,3,66,14,49,6,2,1
458,22,66,16,11,2,1,1
408,31,23,2,28,7,0,1
377,13,78,23,95,4,3,1
326,5,27,21,57,4,0,1
126,20,50,10,27,7,2,1
100,37,10,8,68,7,2,1
418,38,127,16,23,5,0,1
191,25,100,25,24,2,2,1
481,13,30,30,42,7,3,1
96,7,111,16,44,5,3,1
171,13,98,9,58,4,3,1
362,32,138,15,82,6,2,1
200,16,58,26,25,1,2,1
337,10,23,13,88,1,2,1
262,8,33,8,21,2,4,1
228,33,150,30,100,4,3,1
318,33,23,19,99,6,3,1
51,1,116,4,73,9,0,1
366,1,139,2,53,9,2,1
297,36,62,15,39,8,1,1
147,30,35,8,33,2,3,1
202,38,73,1,34,6,4,1
331,38,13,25,74,3,1,1
330,17,86,5,90,7,3,1
241,36,93,12,72,9,1,1
320,18,97,3,47,1,5,1
125,8,97,25,57,2,2,1
319,33,78,5,4,7,5,1
32,11,40,14,23,7,0,1
391,1,17,9,77,10,3,1
495,40,19,8,54,1,2,1
492,35,129,29,83,4,2,1
278,32,76,13,56,10,0,1
430,29,17,22,74,4,4,1
371,29,83,6,34,8,3,1
139,31,119,17,73,9,3,1
153,15,78,27,65,2,0,0
26,14,139,9,44,10,5,1
175,2,133,6,21,1,2,1
194,32,40,23,72,2,5,1
267,16,1,28,97,5,0,0
135,21,17,14,98,2,2,1
362,39,44,27,73,7,1,1
282,33,148,12,96,2,2,1
175,7,101,10,77,5,4,1
402,30,48,12,73,5,0,1
190,31,108,21,3,1,0,1
210,28,82,22,74,8,2,1
478,24,25,22,79,1,3,1
322,23,134,2,47,6,2,1
129,9,144,29,68,7,5,1
126,8,91,15,22,10,3,1
360,10,32,3,30,6,4,1
296,17,67,4,15,1,4,1
294,33,3,19,18,7,3,1
32,39,93,18,47,10,0,1
112,4,148,25,57,6,5,1
244,31,137,7,95,6,5,1
92,39,41,8,36,9,1,1
499,7,97,27,97,2,2,1
168,38,35,9,73,1,5,1
310,33,8,27,98,8,3,1
15,23,63,22,82,3,0,1
182,8,104,23,15,1,2,1
283,25,84,3,12,10,1,1
119,9,72,11,14,6,4,1
375,36,35,15,5,5,2,1
398,13,9,11,8,3,1,0
34,14,31,15,67,5,4,1
324,22,90,25,25,2,0,1
11,39,105,3,99,6,2,1
29,32,49,23,52,1,5,1
388,35,33,25,95,3,5,1
223,39,48,11,19,4,2,1
288,39,62,14,97,10,2,1
340,2,26,22,18,8,3,1
137,14,134,6,27,7,5,1
120,18,82,8,78,3,2,1
368,33,145,26,60,2,1,0
180,40,100,4,75,7,4,0
331,21,102,11,81,1,5,1
318,26,114,14,23,10,4,1
56,4,47,26,40,5,0,1
90,27,142,25,41,5,0,1
274,2,47,11,73,8,2,1
223,21,107,13,45,1,0,1
400,11,75,12,19,4,3,1
218,20,137,6,72,5,4,1
314,7,97,19,61,7,3,1
420,16,87,12,29,5,1,1
435,35,89,15,53,9,4,1
385,7,17,9,26,4,0,0
300,10,41,26,65,5,0,1
311,8,26,21,86,5,1,1
219,17,106,16,52,4,1,1
19,22,90,14,25,10,5,1
66,19,54,15,25,3,5,1
348,19,36,12,77,3,5,1
301,17,44,15,96,3,5,1
471,22,24,2,45,1,2,1
397,27,63,23,26,7,5,1
94,16,120,27,45,1,3,1
336,3,53,3,100,8,0,1
294,10,105,15,36,2,1,1
303,24,49,3,71,2,0,1
239,23,142,13,92,7,1,1
381,28,16,8,83,5,2,1
263,7,62,19,89,6,5,1
225,28,79,11,58,9,0,1
272,24,51,3,92,4,0,1
422,28,133,13,77,6,4,1
370,3,105,10,93,2,2,0
433,28,106,28,26,4,5,1
400,17,86,15,42,4,2,1
439,13,87,20,34,9,2,1
229,40,104,1,56,4,1,1
378,8,57,19,73,1,5,1
378,20,9,25,76,1,1,1
253,20,70,9,5,8,4,1
298,4,8,12,87,8,2,1
55,37,24,17,19,7,0,1
220,21,81,17,12,5,3,1
32,30,105,27,48,4,3,1
272,12,82,20,16,5,5,1
398,6,103,16,46,4,1,1
319,12,12,30,48,2,3,1
468,19,91,14,36,5,3,1
462,20,75,10,52,2,1,1
266,23,73,22,33,7,1,1
371,38,53,26,62,4,0,1
332,25,39,29,68,2,5,1
146,21,58,5,23,9,3,1
284,30,45,3,88,2,5,1
448,12,51,8,75,9,1,1
214,31,139,22,69,4,1,1
70,34,89,15,65,2,2,1
259,34,57,11,40,2,4,1
405,8,147,21,68,3,0,0
241,5,81,23,41,1,0,0
369,28,13,8,19,10,5,1
210,34,139,28,6,2,0,1
482,38,9,19,4,8,3,1
86,9,85,21,26,1,5,1
229,39,74,17,38,9,1,1
492,20,116,20,51,1,5,1
345,10,102,1,67,2,1,1
405,15,99,29,96,1,2,1
81,20,56,29,34,9,4,1
110,31,116,7,80,7,4,1
403,14,71,11,64,2,2,1
285,36,32,3,6,5,0,1
232,7,92,24,38,6,3,1
182,25,85,23,35,6,0,1
301,11,32,25,92,10,1,1
211,27,23,22,62,7,4,1
196,19,35,28,97,10,3,1
101,6,28,25,6,1,5,1
211,2,81,17,80,2,0,1
385,20,99,18,61,10,4,1
479,13,94,12,92,2,4,1
451,8,32,21,37,4,5,1
483,16,66,9,13,9,4,1
364,22,122,1,91,6,4,1
414,3,102,18,88,3,2,1
48,20,25,18,91,10,2,1
320,40,78,28,37,10,4,0
354,1,48,14,76,9,5,1
164,27,91,25,63,9,0,1
374,18,116,24,79,5,5,1
160,28,53,26,84,3,1,1
31,38,132,25,66,4,4,1
342,32,8,6,42,3,3,1
30,37,59,27,34,7,4,1
56,2,38,25,19,10,5,1
248,18,21,18,31,2,2,1
352,28,56,29,41,3,4,1
117,15,50,28,27,8,3,1
135,15,9,1,49,1,5,1
189,40,112,22,53,5,4,1
281,29,94,22,7,5,3,1
51,6,30,1,100,4,2,1
308,32,83,30,44,3,4,1
493,14,32,6,1,3,1,1
441,3,1,10,33,10,1,0
247,12,112,28,38,5,0,1
487,4,67,19,50,6,4,1
161,21,44,22,29,9,1,1
248,31,69,10,86,2,1,1
478,21,100,5,82,4,3,1
298,2,32,20,42,1,2,1
170,21,50,27,62,1,5,1
62,31,126,29,32,3,5,1
148,36,135,26,84,8,0,1
174,39,81,22,8,3,1,1
227,39,98,21,82,10,2,1
33,20,3,24,12,2,4,1
382,19,9,30,58,10,1,0
319,5,121,9,48,10,5,1
288,19,5,18,75,9,3,1
276,20,143,28,34,1,0,1
142,11,95,22,52,4,3,1
114,30,89,10,54,2,4,1
50,37,92,4,3,10,3,1
46,20,57,23,70,1,5,1
358,11,149,9,31,3,5,1
24,28,57,10,11,1,0,1
324,16,100,13,89,7,0,1
198,34,104,11,61,1,4,1
250,9,104,7,2,1,3,0
438,4,132,7,9,6,2,1
38,29,144,22,88,6,0,1
295,34,144,2,1,2,1,1
274,16,52,15,98,7,4,1
496,25,139,11,19,9,1,1
24,19,72,13,57,1,3,1
153,23,134,5,85,6,4,1
332,8,150,27,17,10,2,1
297,20,69,27,28,6,4,1
483,21,25,8,22,5,3,1
58,35,34,24,57,7,2,1
88,13,38,21,28,6,1,1
186,19,77,29,50,1,3,1
142,31,64,12,51,9,5,1
258,13,118,10,76,3,5,1
104,23,119,6,38,10,2,1
437,6,145,14,53,2,0,1
348,25,78,15,81,1,1,1
396,18,40,15,38,3,5,1
201,6,34,2,68,10,2,1
319,24,5,5,68,3,2,1
299,11,130,10,88,3,0,1
111,23,6,4,29,5,2,1
441,26,55,2,5,2,2,1
355,35,30,7,72,2,2,1
152,5,54,15,5,10,1,1
199,24,123,22,92,4,4,1
21,3,101,2,36,3,4,1
77,27,72,2,48,3,5,1
401,38,90,25,62,7,1,1
438,23,19,20,18,4,3,1
113,11,27,2,95,8,0,1
316,40,12,12,7,8,3,1
169,12,92,18,16,3,0,1
57,10,38,2,86,10,5,1
28,18,16,9,26,6,0,1
345,9,121,26,47,9,5,0
174,7,134,30,71,9,5,1
444,14,74,16,5,3,2,1
274,8,13,14,26,3,2,1
319,14,123,2,93,1,4,1
108,12,45,5,33,9,2,1
336,5,104,1,39,3,0,1
89,21,93,17,32,5,4,1
480,10,146,23,53,1,3,1
58,24,61,26,63,1,0,1
184,1,136,14,2,10,1,1
146,27,9,30,84,2,4,1
270,4,73,13,69,5,0,1
404,15,78,13,98,10,5,1
304,34,3,18,79,9,5,1
336,21,139,14,69,9,4,1
145,33,91,30,37,6,4,1
231,18,108,17,62,2,0,1
341,6,109,7,43,6,5,1
306,5,90,8,6,2,3,1
494,6,37,19,28,6,2,1
286,27,28,30,81,6,4,1
428,5,27,2,46,3,5,1
293,23,139,6,32,2,0,1
390,25,43,27,38,8,4,1
230,20,84,20,52,5,5,1
181,27,103,10,48,6,1,1
226,15,121,30,74,4,4,1
83,36,150,7,3,5,5,1
379,12,51,14,80,6,3,1
172,23,49,27,41,3,1,1
325,33,141,4,7,6,0,1
35,16,144,15,29,5,3,1
62,10,148,24,31,4,5,1
85,36,143,22,1,7,3,1
126,17,31,5,58,4,1,1
111,38,79,30,36,10,0,1
161,26,89,15,16,9,4,1
24,5,120,11,13,1,2,1
406,29,34,6,11,9,5,0
140,37,114,3,79,2,3,1
248,20,14,27,25,3,4,1
333,10,59,29,34,4,5,1
261,17,34,14,75,4,4,0
145,36,130,2,71,2,2,1
360,26,10,23,92,8,3,1
198,28,77,25,27,4,5,1
26,30,14,7,82,7,0,1
60,22,81,7,64,4,0,1
382,20,30,6,45,6,3,1
358,4,140,16,9,9,0,1
156,20,107,24,50,2,1,1
101,14,32,8,2,9,4,1
38,9,98,20,87,3,0,1
73,26,149,24,60,7,3,1
72,40,132,1,49,2,0,1
262,27,52,4,40,7,4,1
147,9,55,6,25,1,1,1
27,36,34,2,92,4,1,1
356,31,20,13,4,4,2,1
17,5,75,27,83,3,1,0
262,4,16,2,83,6,5,1
224,9,123,19,14,10,2,1
441,33,23,3,48,4,2,1
499,23,21,10,87,7,4,1
253,11,107,2,45,9,4,1
38,4,112,2,49,8,5,1
142,36,131,28,15,4,5,1
83,5,89,1,78,2,3,1
400,13,35,11,84,2,4,1
183,19,23,11,2,8,5,1
91,24,45,1,17,8,2,1
463,6,148,1,63,7,0,1
183,19,6,25,49,8,1,1
26,29,77,22,53,4,4,1
117,8,88,1,74,3,5,1
374,20,121,22,93,8,1,1
134,20,135,17,89,2,5,1
478,3,83,17,96,4,1,1
168,13,118,22,19,6,0,0
126,17,53,4,82,6,4,1
116,13,119,23,88,9,0,1
287,29,100,15,56,1,2,1
405,7,76,14,31,6,4,1
245,31,105,17,13,5,3,1
188,18,78,2,27,5,4,1
110,29,132,29,3,3,5,0
129,18,135,23,77,10,1,1
126,2,139,26,75,7,0,1
425,21,5,30,24,7,5,1
114,19,34,19,23,3,4,1
478,28,7,1,8,4,1,1
382,34,48,6,19,6,5,1
424,5,64,1,78,1,5,1
431,34,4,1,70,3,0,1
422,2,72,3,13,2,0,1
409,40,108,24,83,7,5,1
243,24,6,21,38,10,0,1
468,19,16,18,80,6,5,1
79,34,41,12,92,10,2,1
500,38,75,14,32,2,2,1
49,37,13,27,14,8,4,1
290,32,34,18,82,10,2,1
461,11,26,18,32,5,4,1
23,25,143,7,3,7,4,1
296,27,97,19,82,8,1,1
61,30,6,1,16,4,2,1
63,40,94,10,91,3,2,1
223,17,82,18,13,6,2,1
64,40,5,25,65,8,1,1
184,39,61,2,70,8,4,1
108,7,75,27,85,8,1,1
382,22,91,3,31,5,0,1
56,25,117,18,24,8,0,1
209,3,86,16,76,7,3,1
42,31,76,20,11,9,4,0
282,14,57,17,49,1,4,1
319,1,72,15,35,9,3,1
95,11,4,15,99,7,1,1
124,24,101,24,85,4,1,1
495,22,70,7,41,6,5,1
191,22,34,5,32,4,1,1
227,31,80,27,8,7,1,1
164,16,132,12,52,1,2,1
177,22,66,11,8,9,2,1
256,23,93,25,56,4,1,1
426,17,75,1,86,3,3,1
140,22,117,28,22,10,3,1
425,39,108,11,2,4,3,1
356,17,136,5,23,2,3,1
157,12,138,3,5,5,3,1
441,1,42,16,94,7,4,1
63,14,73,7,59,2,0,1
459,16,57,14,67,8,0,1
445,8,72,12,40,2,5,1
342,25,130,1,60,8,0,1
359,8,38,24,91,5,5,1
325,27,125,4,38,7,4,1
340,33,135,14,92,2,5,1
257,2,63,12,44,2,2,1
23,5,21,6,4,6,3,1
182,32,31,15,99,1,3,1
156,35,123,1,96,8,1,1
29,18,103,10,20,4,3,1
269,32,131,12,44,3,1,1
287,3,49,18,26,4,3,1
364,37,10,14,96,5,3,1
229,20,115,21,99,2,2,1
187,2,75,10,12,8,4,1
163,1,37,18,34,1,4,1
303,37,70,8,6,10,2,1
358,13,133,4,88,5,1,1
84,9,18,30,71,5,0,1
109,25,23,9,29,5,5,1
288,18,120,13,88,4,1,1
200,35,31,14,52,7,4,0
174,26,81,1,35,8,3,1
387,19,107,9,86,7,4,0
114,26,105,21,62,9,0,1
203,34,75,7,89,5,0,1
209,23,64,26,71,1,0,1
408,18,100,16,57,3,3,1
45,28,38,16,18,2,1,1
109,34,145,14,77,1,0,1
164,23,86,20,74,10,1,1
401,9,39,28,54,5,1,1
401,23,74,17,46,3,5,1
127,1,13,2,37,9,4,1
472,2,2,29,64,9,1,1
69,40,77,2,61,9,0,1
12,2,27,28,95,9,1,1
101,31,1,24,78,9,2,1
496,33,6,22,17,1,4,1
137,17,143,10,72,10,5,1
330,14,91,12,96,1,4,1
44,37,29,15,60,4,0,1
456,24,8,28,88,9,2,1
247,17,38,17,3,9,0,1
465,24,43,13,45,3,1,1
183,22,110,21,66,6,2,1
218,1,29,19,23,7,1,1
392,40,53,1,94,6,5,1
18,11,18,9,56,5,4,1
260,31,2,2,24,6,5,1
96,8,105,20,30,6,3,1
477,31,37,8,63,1,0,1
466,4,12,12,6,8,1,1
400,34,133,4,68,3,3,1
467,3,131,26,42,5,3,1
21,12,111,16,38,10,4,1
349,7,60,27,99,3,0,1
446,10,23,4,67,5,1,1
106,25,44,23,88,9,0,1
257,10,46,22,38,4,4,1
410,31,146,1,31,2,0,1
218,23,30,11,69,3,3,1
364,25,80,18,34,6,4,1
209,9,120,20,19,9,0,1
358,5,15,14,98,8,3,1
293,40,114,1,84,4,0,1
161,26,1,30,9,5,1,1
459,1,83,21,17,4,4,1
170,5,55,2,34,7,3,1
78,7,33,27,24,4,5,1
50,26,40,9,75,1,4,1
415,22,148,2,46,9,3,1
489,3,97,6,57,1,3,1
170,16,84,11,30,10,2,1
80,19,62,29,69,1,5,0
260,19,4,6,61,9,1,1
218,2,97,8,69,7,4,1
473,19,116,16,16,9,4,1
383,33,56,16,18,6,1,1
317,36,122,15,77,3,5,1
12,9,7,5,66,1,5,1
387,34,140,26,34,5,0,1
67,15,38,26,51,3,0,1
56,19,122,24,24,10,4,1
356,22,48,18,55,1,1,1
264,26,107,7,89,6,0,1
287,8,108,17,73,6,2,1
441,39,71,12,85,5,4,1
353,17,90,15,85,3,0,1
178,8,91,20,75,3,2,1
376,4,141,29,73,8,3,1
426,7,32,9,32,6,0,1
128,33,9,20,20,8,0,1
322,33,69,18,96,9,4,0
399,10,136,13,33,5,5,1
291,1,37,1,21,1,1,1
91,34,29,9,54,5,4,1
139,21,33,27,16,4,0,1
278,33,32,15,13,2,0,1
278,35,50,23,43,5,5,1
391,29,4,24,32,8,4,1
485,32,55,1,71,6,1,1
115,4,141,6,99,8,4,1
143,21,137,1,51,1,2,1
263,27,123,25,40,2,1,1
203,21,92,10,18,9,2,1
303,4,79,9,9,10,0,1
40,14,135,12,58,9,2,1
380,32,115,25,38,4,1,1
111,30,81,30,78,2,0,1
270,23,27,19,10,2,2,1
142,2,136,5,80,5,0,1
338,36,34,3,80,4,1,1
97,2,26,16,19,4,5,1
19,40,70,5,15,1,2,1
363,12,125,9,32,10,3,1
436,35,48,2,59,3,0,1
162,16,73,17,92,1,2,1
450,22,80,2,66,6,4,1
24,16,148,6,56,7,2,0
84,1,85,21,35,1,5,1
119,16,142,22,51,9,1,1
378,32,12,23,14,5,3,1
74,7,130,1,43,3,2,0
177,31,123,18,35,6,1,1
346,38,1,18,7,10,1,1
466,27,125,23,34,7,4,1
348,8,8,16,8,3,3,1
134,6,31,16,32,2,5,1
67,19,29,12,94,5,1,1
215,2,34,18,19,4,4,1
215,16,138,16,62,10,5,1
57,35,61,5,2,10,2,1
196,19,42,15,39,3,0,1
56,7,7,16,96,4,1,1
419,18,3,8,5,3,1,1
361,25,147,21,1,1,3,1
173,39,124,2,58,6,0,1
440,35,13,17,19,6,2,1
428,29,63,8,97,6,1,1
41,37,124,30,68,3,5,1
164,18,43,23,77,1,1,1
52,22,132,7,30,10,2,1
407,3,144,22,16,1,0,1
323,38,89,9,28,4,3,1
319,35,47,30,57,2,4,1
482,27,84,13,66,8,1,1
160,10,135,15,28,7,4,1
36,24,119,19,28,8,3,1
201,17,139,10,94,4,4,1
32,2,142,18,14,8,2,1
423,5,23,9,21,4,0,0
200,4,128,8,58,1,5,1
330,1,23,12,25,10,3,1
40,40,84,23,19,7,0,1
433,36,143,21,70,7,3,1
356,31,72,9,4,9,2,1
392,21,149,22,43,1,4,1
305,10,13,9,60,4,5,1
444,39,113,26,81,7,5,1
248,14,108,17,41,1,0,1
238,21,81,24,36,8,2,1
91,27,96,11,23,9,4,1
255,9,142,18,48,10,4,1
373,22,125,18,69,8,2,1
195,13,102,15,36,8,1,1
371,39,128,3,24,1,4,1
100,7,105,8,43,9,0,1
394,28,31,21,75,3,3,0
58,32,34,29,26,2,1,1
93,40,54,1,34,3,0,1
426,27,144,9,74,2,0,1
278,11,76,10,76,2,2,1
209,30,115,20,22,9,2,1
149,5,130,27,49,5,4,0
321,29,134,15,25,5,5,1
145,22,114,7,52,4,4,1
181,34,59,2,43,2,0,1
49,19,92,9,67,2,5,1
229,37,32,14,19,10,4,1
264,40,94,21,35,6,3,1
387,13,23,18,97,2,4,1
429,21,149,11,78,3,0,1
263,13,97,12,87,3,1,1
140,6,70,4,73,6,0,1
141,35,46,5,58,1,0,1
255,5,84,5,4,8,0,1
179,26,66,16,93,5,0,1
280,22,82,21,86,8,3,1
412,2,84,6,32,10,4,1
369,20,63,20,60,2,2,1
116,11,88,3,74,6,0,1
114,9,25,20,62,7,2,1
366,11,121,19,59,4,1,1
23,35,71,26,9,9,3,1
261,17,50,19,94,5,3,1
94,39,16,5,49,1,4,1
150,3,118,9,30,2,3,1
394,14,100,4,60,10,2,1
339,33,71,28,1,9,4,1
76,39,121,14,15,3,1,1
378,29,65,11,60,9,5,1
249,5,4,30,50,2,0,0
225,25,134,6,39,2,0,1
417,35,112,20,12,1,2,1
178,30,125,6,23,10,0,1
107,16,149,18,1,10,3,1
469,23,130,1,5,8,4,1
430,40,121,24,93,6,0,1
32,23,45,8,54,4,5,0
369,8,120,24,38,1,0,1
107,13,139,22,5,4,5,1
156,31,76,9,39,6,0,1
177,35,10,26,14,8,0,1
77,17,54,29,84,6,3,1
499,8,74,29,57,5,4,1
204,35,111,26,58,6,1,1
315,33,139,19,30,1,5,1
269,34,56,1,14,7,0,1
147,10,15,12,14,10,0,1
437,19,18,23,64,10,5,1
435,16,38,9,29,5,3,1
251,20,94,2,89,8,5,1
372,21,77,20,36,10,3,1
366,17,76,28,15,1,1,1
81,34,102,27,74,2,3,1
288,4,125,29,77,4,4,1
341,39,125,1,38,6,2,1
123,6,87,24,63,8,5,1
491,21,44,9,56,9,5,1
170,31,9,10,91,4,4,1
260,15,7,18,72,3,4,1
180,29,99,28,87,4,5,1
363,25,140,2,37,9,4,1
171,14,119,6,56,1,1,1
171,18,130,15,37,7,5,1
474,19,51,5,97,6,1,1
157,9,50,17,57,1,2,1
384,24,87,12,98,6,2,1
330,39,63,16,80,6,3,1
391,26,118,28,82,5,1,1
21,2,19,5,60,4,0,1
34,2,58,6,24,6,2,1
106,6,20,13,48,7,1,1
21,34,67,15,84,1,3,1
84,15,38,28,9,8,5,1
290,9,24,6,84,3,0,0
101,28,39,29,47,2,1,1
62,23,146,28,3,10,3,1
317,24,127,10,46,10,1,1
296,30,125,25,63,10,1,1
82,3,102,19,25,3,0,1
403,31,60,20,14,5,2,1
301,8,38,1,87,1,0,1
221,12,120,8,64,8,2,0
26,25,81,14,29,5,1,1
330,9,20,28,80,10,5,1
434,3,22,19,41,9,2,1
19,22,53,8,46,1,3,1
417,39,145,24,44,9,1,1
486,6,142,17,35,8,5,1
199,40,1,3,41,5,5,1
81,28,102,11,61,6,3,1
309,29,101,3,19,8,3,1
165,26,11,13,91,2,1,0
359,25,111,29,55,9,2,1
152,10,29,3,40,4,4,1
128,24,99,11,7,9,5,1
464,39,2,27,3,10,0,1
400,24,131,28,100,9,0,1
56,1,130,1,87,8,3,1
447,4,64,10,12,10,1,1
142,10,9,24,58,7,2,1
248,16,51,18,100,4,0,1
342,29,76,5,36,7,1,1
16,20,71,26,14,1,1,1
88,32,60,8,82,7,5,1
408,31,85,21,23,9,3,1
227,30,62,21,6,4,4,1
236,33,87,19,91,6,0,1
29,6,16,16,76,3,4,1
452,11,125,11,64,7,1,1
350,10,58,30,42,8,3,1
81,6,2,4,31,5,2,1
349,25,1,19,54,1,3,1
95,12,15,22,47,1,4,1
471,34,55,20,43,7,1,1
426,40,48,12,53,6,0,1
383,8,29,12,5,4,2,1
124,24,1,5,61,6,1,1
491,28,59,9,18,7,3,1
10,2,54,9,27,5,1,1
311,33,53,2,100,2,4,1
453,24,135,5,62,3,2,1
487,22,123,26,51,5,5,1
198,18,107,8,38,4,1,1
474,30,64,16,97,1,3,1
62,30,141,18,20,2,5,1
151,15,88,17,80,2,4,1
437,20,77,8,81,6,2,1
459,3,3,10,28,5,1,1
235,4,71,2,97,2,5,1
32,28,77,25,98,7,0,1
35,4,72,27,96,8,2,1
70,5,8,27,63,10,3,1
225,3,44,22,10,4,3,1
411,25,142,29,47,6,5,1
278,19,150,15,75,4,1,1
160,3,95,26,87,8,0,1
426,40,31,8,14,9,1,0
167,38,100,5,27,4,1,1
427,27,68,16,73,7,4,1
476,17,19,9,48,4,4,1
162,38,33,5,78,4,2,1
398,26,127,29,2,5,3,1
49,37,107,19,14,1,2,1
419,34,54,8,4,6,5,1
290,40,71,2,20,6,3,1
445,19,148,7,79,7,1,1
481,35,101,28,17,7,4,1
258,14,75,28,95,2,4,1
197,37,131,21,90,7,0,1
486,33,112,27,30,5,5,1
324,27,48,9,47,1,0,1
209,38,13,25,4,1,2,1
390,10,127,9,78,1,1,1
82,20,102,6,79,1,1,1
471,1,82,18,24,6,3,1
249,15,64,15,52,4,5,1
84,13,93,21,75,3,2,1
138,2,68,10,98,9,3,1
67,24,149,15,20,6,4,1
299,17,33,25,33,3,4,1
380,11,51,25,75,8,5,1
346,31,57,26,18,6,5,1
312,32,109,26,90,9,0,1
336,17,9,29,7,6,4,0
230,24,102,23,47,3,0,1
120,31,35,5,28,9,2,1
373,14,90,6,14,2,2,1
194,18,62,6,77,1,4,1
114,20,149,27,5,9,1,1
347,17,150,30,98,8,4,1
136,3,20,11,39,9,3,1
94,7,61,2,8,8,1,1
299,16,16,2,85,2,2,1
430,34,126,7,34,1,0,1
487,3,98,3,75,1,2,1
81,35,88,24,89,6,2,1
69,29,135,5,85,10,1,1
179,11,56,28,83,2,2,1
285,11,75,19,26,8,1,1
164,27,40,18,48,8,5,1
402,11,111,27,73,1,2,1
191,17,37,20,93,1,3,1
325,17,8,28,59,8,1,1
113,38,142,6,29,1,0,1
63,4,40,19,57,6,3,1
73,38,6,15,4,3,5,1
389,17,116,4,41,9,4,1
467,28,145,7,44,4,2,1
170,12,46,8,66,2,1,1
189,3,132,7,100,9,5,1
257,23,83,15,8,5,4,1
228,4,54,30,55,6,4,1
104,39,5,30,85,7,1,1
49,38,100,11,27,8,0,1
322,20,59,4,73,9,4,1
403,4,110,2,84,6,2,0
117,11,125,21,10,4,5,1
427,19,110,27,38,5,4,1
45,21,128,17,63,1,0,1
238,28,113,21,11,6,3,1
242,39,21,5,25,1,1,1
438,39,41,26,43,7,0,1
139,12,83,6,29,6,2,1
250,8,82,17,17,2,0,1
422,21,56,14,22,2,5,1
201,39,68,6,18,7,1,1
309,33,132,6,40,3,1,1
290,1,135,30,89,8,0,1
388,30,117,17,77,5,5,1
313,36,69,8,42,3,2,1
19,37,33,1,45,7,0,1
265,2,99,4,16,8,5,1
31,19,10,20,39,10,4,1
396,33,14,20,79,9,0,1
451,21,58,4,55,9,4,1
304,32,3,15,23,7,5,1
144,20,116,14,72,7,1,1
354,11,87,10,34,5,0,1
329,31,60,18,31,9,1,1
10,30,27,21,51,7,4,1
387,12,150,21,100,2,0,1
68,30,61,16,91,6,1,1
308,19,38,19,1,2,2,1
432,32,122,22,84,4,3,1
494,20,51,29,9,7,0,1
426,11,135,10,30,5,2,1
489,35,54,10,88,10,5,1
490,7,137,22,53,3,4,1
402,31,64,6,87,5,3,1
288,23,42,12,22,7,1,1
173,24,140,17,16,7,0,1
101,17,3,30,32,8,4,1
58,17,149,22,35,3,1,1
218,37,90,8,8,6,0,1
164,34,82,7,79,4,4,1
439,3,147,19,83,4,1,1
229,14,140,10,95,9,2,1
134,15,137,4,36,5,0,1
436,15,137,18,61,5,4,1
405,2,150,26,12,2,4,1
260,21,39,17,34,2,4,1
424,3,8,16,63,7,0,1
375,36,41,9,8,7,2,1
176,13,131,20,25,9,5,1
495,27,111,15,9,4,2,1
110,3,142,19,10,10,0,1
358,29,9,8,71,2,0,1
431,32,116,26,75,2,1,1
463,26,141,22,57,5,1,1
142,14,118,13,85,8,0,1
152,37,125,8,89,7,1,1
261,9,133,12,96,5,1,1
405,8,140,26,93,2,1,1
353,21,44,20,8,9,3,1
421,11,20,9,96,8,0,1
197,39,119,6,27,2,0,1
143,13,93,13,79,7,5,1
327,4,35,18,44,9,1,1
146,14,50,3,50,3,3,1
97,1,148,8,8,5,1,1
499,22,115,21,71,9,5,1
478,5,38,13,53,8,4,1
217,36,61,5,38,10,2,1
350,32,149,12,18,9,3,1
147,31,30,15,25,10,0,1
332,32,131,18,24,7,0,1
224,35,38,27,36,10,3,1
306,35,3,10,12,6,0,1
296,29,87,28,22,8,5,0
81,23,149,21,72,8,1,1
66,19,4,29,13,8,5,1
184,17,42,10,5,10,1,1
445,1,93,22,4,8,5,1
44,26,30,22,34,5,1,1
467,11,13,2,7,5,5,1
46,6,104,5,1,6,0,1
143,4,28,10,83,4,1,1
227,4,117,25,90,3,0,0
49,4,66,12,48,5,4,1
18,28,94,20,22,6,5,1
232,16,12,26,96,6,0,0
125,20,101,9,42,3,0,1
242,21,112,14,22,10,0,1
22,25,83,14,91,2,1,1
35,19,9,26,90,1,0,0
90,11,47,15,87,7,3,1
14,13,16,29,41,8,0,1
306,15,138,7,87,9,3,1
230,35,122,16,41,7,2,1
348,36,10,10,65,7,4,1
414,34,12,14,72,5,2,1
226,22,82,28,68,10,5,1
168,1,34,10,87,2,4,1
132,35,8,25,43,2,2,1
323,40,62,28,27,10,2,1
281,33,104,25,32,6,2,1
184,29,31,28,17,2,4,1
230,36,67,7,53,1,2,1
344,16,102,24,87,5,3,1
345,31,119,16,30,3,4,1
437,31,1,16,3,1,0,1
441,33,99,4,5,5,1,1
447,16,77,15,88,5,0,1
30,32,77,8,85,10,0,1
358,26,31,9,60,5,3,1
35,6,23,24,42,3,2,0
378,1,74,16,95,10,5,1
234,24,43,13,83,1,3,1
300,27,70,3,1,7,1,1
295,35,38,29,84,7,3,1
200,4,36,8,52,10,1,1
141,37,89,7,3,4,2,1
432,5,140,19,77,3,3,1
57,2,72,28,53,5,4,1
478,22,106,2,51,10,0,1
146,2,39,18,86,5,0,1
411,16,64,30,49,9,3,1
286,23,16,17,55,10,5,1
226,32,55,16,81,1,0,1
431,22,119,3,65,8,1,1
375,2,47,9,2,2,1,0
227,15,92,18,79,4,2,1
273,12,128,13,32,9,0,1
252,25,137,27,75,3,2,0
459,29,144,12,16,3,2,1
312,17,4,2,35,5,1,1
366,24,107,27,78,6,1,1
229,23,42,22,65,3,4,1
52,9,18,21,32,9,1,0
142,11,69,17,82,6,0,1
45,21,137,14,39,9,1,1
283,19,1,14,62,1,3,0
288,4,142,11,35,5,4,1
206,21,54,19,92,6,0,1
204,6,60,6,17,6,4,1
290,9,69,16,41,7,4,1
101,17,30,13,98,9,0,1
146,9,95,14,98,8,1,1
157,26,133,11,60,9,1,1
264,30,115,10,7,8,0,1
243,17,131,18,73,2,5,1
299,34,114,14,94,4,2,1
223,20,124,22,33,7,3,1
109,11,137,16,5,3,2,1
208,17,144,26,86,2,0,1
14,10,6,7,77,9,4,1
79,27,111,3,68,6,3,1
477,22,13,19,48,3,4,1
167,23,86,15,33,6,1,1
318,18,118,19,77,4,1,1
331,9,27,27,63,8,1,1
149,16,16,25,36,6,0,1
460,32,99,22,35,4,0,1
421,27,82,21,79,9,3,1
90,13,67,1,43,3,4,1
327,29,67,3,63,9,0,1
150,28,52,24,13,4,3,1
89,26,64,15,27,6,0,1
468,25,110,16,87,1,1,1
29,27,132,12,39,1,1,1
356,14,40,30,70,2,4,1
280,5,29,15,35,4,4,1
490,5,129,28,81,5,3,1
165,32,59,4,46,5,3,1
446,22,45,25,50,5,4,1
203,13,37,6,78,8,1,1
465,34,60,26,14,3,5,1
78,13,117,1,16,9,3,1
213,32,82,7,71,8,2,1
115,2,101,9,44,8,2,1
172,6,118,6,93,7,2,1
107,24,133,28,30,5,2,0
253,28,75,17,48,4,1,1
14,30,103,30,83,6,0,1
74,39,8,10,33,5,1,1
42,14,100,26,81,5,3,1
226,8,56,9,47,5,3,1
30,7,59,12,54,2,1,1
285,28,144,14,11,4,5,1
375,24,47,30,53,1,3,1
71,35,88,20,57,2,4,1
265,30,148,3,18,6,2,1
213,12,85,1,92,10,1,1
136,7,63,25,67,3,1,1
251,3,134,29,68,1,4,1
55,15,136,9,10,5,4,1
185,11,112,27,62,1,1,1
308,14,131,20,10,3,3,1
341,10,76,6,68,4,2,1
174,26,82,15,13,1,0,1
101,4,135,6,4,5,0,1
208,33,114,12,62,8,2,1
67,36,60,26,46,8,1,1
81,35,54,15,20,3,1,0
299,12,106,3,100,2,0,1
33,35,35,12,71,8,4,1
274,12,117,27,29,6,3,1
371,32,43,1,23,3,4,1
92,28,128,7,60,5,2,1
36,24,18,9,45,8,1,1
359,24,39,5,80,6,2,1
103,15,36,24,41,7,1,1
93,36,95,3,63,9,3,1
10,34,45,8,74,8,1,1
163,2,52,10,95,1,4,1
26,26,87,23,95,8,0,1
430,13,119,11,50,4,2,1
38,19,56,6,38,2,5,1
72,38,127,7,88,4,2,1
402,27,125,21,22,3,1,1
325,33,140,25,34,2,3,1
182,8,127,9,84,9,4,1
123,10,93,30,42,3,4,0
22,24,88,8,55,3,5,1
428,25,13,7,86,8,3,1
214,40,120,30,8,9,5,1
446,10,105,29,83,2,4,1
240,6,3,13,34,3,4,1
271,32,35,2,71,4,4,1
455,7,62,15,94,7,2,1
96,40,133,12,52,10,2,1
349,8,10,19,67,8,5,1
355,31,46,7,11,5,4,1
328,29,79,14,13,10,0,1
233,27,149,13,30,4,0,1
490,39,138,3,59,1,1,1
407,35,61,7,10,1,4,1
297,11,137,16,86,8,5,1
358,4,64,23,26,7,4,1
84,39,72,29,8,7,1,1
492,10,102,7,54,10,2,1
454,19,29,6,92,2,3,1
68,7,81,1,59,7,0,1
159,31,35,20,74,4,1,1
94,40,96,19,44,1,1,1
65,8,137,12,31,10,4,1
482,2,49,7,66,3,3,1
41,5,96,23,45,7,2,1
492,2,4,2,47,4,3,1
42,38,105,22,58,8,5,1
261,6,91,15,13,10,0,1
465,37,46,6,43,7,2,1
51,9,92,24,50,7,0,1
229,4,24,23,18,6,0,0
138,2,98,9,82,9,5,1
176,10,150,14,17,5,4,1
158,15,74,30,56,1,3,1
345,12,31,16,29,5,1,1
337,11,109,28,78,2,0,1
140,8,139,20,96,7,2,1
71,12,38,7,95,7,5,1
432,28,37,15,37,4,0,1
382,25,55,25,26,6,5,1
135,27,92,4,1,9,5,1
446,25,73,30,92,3,4,1
250,1,22,5,38,4,4,0
141,4,84,3,27,7,5,1
341,4,65,14,27,10,3,1
289,35,76,19,32,9,4,1
150,22,78,16,100,7,1,1
224,34,47,25,97,7,0,1
443,21,52,15,49,3,0,1
50,36,92,19,50,3,0,1
369,15,139,1,26,3,1,1
298,23,24,3,61,10,4,1
44,2,145,17,13,5,3,1
446,16,6,4,53,8,3,1
283,27,57,29,59,7,0,1
93,19,131,2,63,8,5,1
135,19,14,6,18,4,5,1
405,27,23,28,49,5,0,1
356,39,33,19,24,8,2,1
172,23,60,30,84,5,0,1
437,15,17,11,41,5,5,1
56,25,56,15,4,9,2,1
19,12,42,7,14,2,4,1
311,6,134,22,25,3,1,1
35,35,85,21,97,3,4,1
498,25,145,2,43,5,5,1
270,27,62,28,71,3,2,1
11,39,43,17,52,7,2,1
373,33,117,23,39,6,4,1
91,21,85,18,64,3,5,1
233,14,70,13,33,9,0,1
12,17,27,12,60,8,4,1
402,3,32,16,26,2,0,0
311,25,1,30,4,7,0,1
375,36,53,1,89,10,2,1
61,18,9,14,8,10,4,1
86,16,119,26,14,3,5,1
309,7,106,23,4,2,4,1
342,40,34,27,20,2,0,1
489,6,65,2,24,4,4,1
47,28,12,21,94,4,2,1
145,24,13,7,96,6,0,1
365,23,93,28,23,5,0,0
198,7,50,27,69,3,0,1
147,6,1,8,40,5,4,1
458,2,124,28,35,3,2,1
339,7,29,8,76,1,4,1
498,33,71,13,79,1,2,0
441,8,13,30,91,3,4,1
298,35,131,6,46,8,5,1
146,20,73,23,3,7,5,1
476,14,19,23,47,9,4,1
378,9,51,5,76,2,2,1
36,4,105,4,75,8,1,1
394,2,28,6,85,4,1,1
110,35,93,1,77,5,2,1
55,6,74,25,38,7,4,1
47,27,127,23,61,1,4,1
149,8,108,14,10,4,3,1
85,39,33,18,90,1,2,1
106,29,73,21,52,10,2,1
190,7,26,3,76,10,3,1
83,6,86,12,39,8,1,1
452,22,84,28,24,1,5,1
186,30,24,10,73,7,5,1
206,4,53,2,78,6,1,1
321,8,92,1,75,9,3,1
392,5,41,28,13,9,2,1
111,1,61,15,26,7,3,1
289,29,73,23,71,1,5,1
474,6,87,19,73,7,3,1
195,17,83,21,32,2,2,1
10,40,121,12,25,9,4,1
493,24,135,6,89,2,1,1
153,4,128,24,51,2,4,1
312,7,49,12,38,10,1,1
481,23,147,21,91,1,3,1
373,16,33,27,66,3,3,1
164,38,27,4,89,7,3,1
198,25,27,26,46,10,0,1
395,26,92,30,49,5,5,1
48,5,6,16,95,10,0,0
199,11,37,28,29,10,0,1
273,36,90,8,4,2,0,1
426,13,21,11,90,7,0,1
450,16,16,25,22,10,0,1
199,31,32,30,91,1,0,1
260,5,40,8,6,6,0,1
132,28,56,13,43,2,5,0
56,17,70,25,36,9,1,1
367,22,133,7,33,6,5,1
140,16,98,23,23,8,0,1
470,24,144,9,11,3,1,1
309,12,106,16,43,1,1,1
236,34,145,3,92,9,5,1
28,21,125,26,42,10,2,1
344,20,73,9,38,3,2,1
416,8,40,28,28,5,4,1
160,15,22,21,20,2,2,1
295,20,132,27,5,2,2,1
132,23,133,22,5,4,4,1
101,37,122,14,46,4,1,1
180,25,88,18,86,8,4,0
53,13,77,11,84,4,4,1
23,11,68,22,80,6,2,1
67,40,95,6,40,1,2,1
243,11,15,29,40,5,1,0
235,28,137,16,98,9,3,1
22,27,76,27,46,8,5,1
251,2,3,29,97,10,5,1
16,29,111,11,61,2,2,1
459,40,133,13,85,2,0,1
38,25,15,3,29,7,1,1
63,26,145,18,86,2,3,1
26,30,96,2,25,5,1,1
115,12,150,23,38,2,5,1
258,14,110,9,10,3,5,1
107,34,10,18,33,7,3,1
492,18,126,2,17,10,5,1
406,1,49,19,80,6,2,1
54,22,69,19,97,6,5,1
290,1,72,29,45,4,3,1
114,19,96,3,32,3,3,1
471,32,39,21,56,1,4,1
92,12,145,7,64,8,4,1
296,33,85,21,40,8,1,1
327,4,82,8,73,5,5,1
139,25,49,26,53,4,5,0
158,40,101,18,76,6,5,1
338,31,83,5,35,10,5,1
97,34,61,13,79,3,5,1
451,4,128,2,72,7,0,1
47,22,129,15,15,9,0,0
233,38,101,8,36,4,5,1
188,7,39,19,41,3,3,1
74,20,125,17,74,2,1,1
131,8,14,16,10,9,5,1
61,23,121,12,94,1,1,1
213,25,94,24,85,3,4,1
264,27,97,8,34,8,0,1
284,39,59,13,54,9,1,1
293,37,110,26,74,3,0,0
151,11,80,6,43,8,2,1
242,28,120,30,53,10,5,1
436,16,51,5,58,4,4,1
466,32,115,15,30,6,4,1
370,19,17,4,4,5,4,1
145,8,22,7,54,1,1,1
314,4,108,5,29,2,1,1
139,26,18,18,43,4,0,0
66,24,59,24,59,10,2,1
106,15,73,6,81,8,5,1
375,39,123,14,7,9,3,1
228,11,143,10,77,1,3,1
404,4,22,17,36,5,3,1
280,17,117,13,40,10,4,1
182,35,113,19,33,7,4,1
489,34,70,28,31,4,4,1
99,23,9,6,36,2,4,1
73,32,61,18,75,6,5,1
328,37,49,1,45,2,0,1
244,22,83,21,96,7,5,1
356,4,60,4,24,5,3,1
307,14,51,10,81,3,4,1
385,22,62,22,15,9,0,1
97,25,13,1,25,7,2,1
212,40,145,20,54,3,2,1
242,10,120,8,87,7,5,1
130,31,106,6,81,6,3,1
125,25,97,10,57,9,1,1
430,6,122,18,14,2,3,1
332,23,18,9,27,8,3,1
443,14,142,4,36,9,5,1
27,4,14,16,93,4,4,1
64,37,115,9,63,2,2,1
32,15,7,13,85,9,5,1
475,8,20,2,98,8,0,1
385,39,77,13,37,2,1,1
241,37,65,7,6,4,5,1
114,36,104,2,71,6,3,1
383,21,126,25,30,2,0,1
283,18,19,22,39,10,1,1
155,25,106,12,64,5,1,1
404,8,90,18,17,8,5,1
39,7,108,2,54,5,2,1
262,25,15,3,76,2,4,1
371,2,129,11,48,2,3,1
145,27,48,10,60,2,1,1
394,10,31,18,7,6,4,1
243,37,2,2,6,2,4,1
402,20,25,2,68,8,0,1
68,34,68,24,60,8,4,1
424,15,84,15,39,8,3,1
315,13,83,15,80,2,4,1
323,5,39,23,1,7,3,1
10,16,119,22,50,6,4,1
149,23,9,3,86,10,4,1
75,14,135,30,16,7,2,1
346,7,134,3,19,3,4,1
362,23,20,10,79,5,0,1
199,13,53,17,81,6,2,1
64,30,93,27,51,8,3,1
31,27,130,26,94,5,1,1
199,7,68,28,46,10,1,1
80,4,74,11,66,6,1,1
383,33,76,15,14,6,0,1
340,38,29,6,46,7,4,1
100,27,113,27,76,1,3,1
303,38,21,30,22,2,0,1
412,21,141,29,17,5,3,1
25,36,64,24,33,5,4,1
127,3,37,3,1,5,4,1
362,5,40,7,63,5,2,1
62,35,116,22,52,9,5,1
417,15,42,12,57,3,4,1
367,6,36,10,36,6,3,1
12,39,68,1,1,7,2,1
243,9,117,17,63,4,2,1
450,19,111,18,63,3,3,1
159,14,103,8,9,3,1,1
20,23,144,10,61,6,4,1
265,9,148,26,73,7,0,1
384,23,146,25,82,3,4,1
476,1,80,16,19,5,3,1
381,31,13,9,6,1,1,1
463,28,2,8,17,9,5,1
84,5,24,15,55,7,3,1
222,36,59,25,31,6,5,1
68,37,23,4,90,5,0,1
100,27,55,1,3,2,2,1
210,22,136,25,21,4,1,1
222,14,44,10,28,9,5,1
379,1,33,8,20,1,5,1
366,33,52,3,59,7,4,1
59,24,43,21,8,9,1,1
151,30,9,6,64,7,0,1
133,33,96,2,2,3,3,1
160,18,87,16,59,8,3,1
76,29,61,6,12,6,1,1
312,27,60,6,49,10,0,1
229,13,70,17,60,8,2,1
208,25,84,13,56,8,0,1
38,24,63,6,87,1,1,1
421,12,112,12,38,8,4,0
305,36,4,1,94,5,0,1
137,8,79,11,13,5,5,1
208,8,80,14,77,6,2,1
18,15,29,25,35,8,2,1
396,38,90,2,42,2,0,1
339,26,94,16,60,5,4,1
384,35,84,27,25,8,4,1
257,7,65,5,15,7,5,1
315,12,91,21,96,1,5,1
141,37,87,26,29,7,5,1
418,17,46,25,23,9,1,1
374,20,79,26,49,4,1,1
388,5,104,4,53,7,5,1
280,31,121,2,49,4,2,1
268,25,54,23,100,6,1,1
366,36,48,18,17,10,4,1
110,14,30,28,17,4,3,1
178,38,109,19,73,7,3,1
497,2,91,17,38,2,4,1
470,27,65,23,26,6,2,1
193,26,39,10,50,1,2,1
371,17,100,7,26,9,0,1
58,7,84,14,32,6,5,1
220,26,54,4,65,8,3,1
121,9,139,8,4,6,0,1
76,30,15,27,73,10,5,1
407,11,34,25,60,9,2,1
100,27,78,8,43,1,1,1
461,23,147,30,98,7,1,1
393,35,142,27,73,3,3,1
133,26,148,2,92,3,3,1
399,2,139,3,60,4,2,1
336,19,55,5,54,5,5,1
390,19,83,8,77,10,3,1
102,23,67,13,96,5,0,1
112,21,63,4,37,1,3,1
302,16,29,15,13,4,4,1
477,5,29,30,35,4,3,1
115,28,96,4,85,6,1,1
47,24,3,16,30,1,5,1
26,7,124,8,55,7,2,1
232,36,26,22,52,3,1,1
440,30,144,19,96,7,5,1
258,4,117,30,29,6,5,1
144,13,40,14,68,10,2,1
343,33,103,30,18,4,0,1
421,9,82,9,28,3,2,1
368,18,58,27,57,6,5,1
269,37,137,25,94,3,0,0
305,3,75,27,84,5,2,1
430,3,44,15,69,4,4,1
109,32,78,21,2,8,1,1
26,11,55,23,86,8,3,1
255,29,91,3,70,10,2,1
312,31,71,13,61,5,2,1
283,23,54,26,42,4,1,1
97,3,124,19,4,2,2,1
354,39,11,26,85,5,5,1
242,6,91,22,82,1,5,1
256,8,123,18,94,10,0,1
167,2,133,12,38,4,0,0
175,29,51,27,75,6,2,1
12,10,51,29,68,7,0,1
126,18,112,27,29,7,5,1
135,37,57,11,47,8,3,0
374,11,53,2,61,9,5,1
61,37,46,5,1,8,0,1
92,20,37,27,8,6,5,1
284,34,78,5,5,10,2,1
418,31,128,6,70,2,2,1
257,28,33,11,50,9,5,1
12,36,75,19,29,3,1,1
137,5,125,25,57,10,2,1
480,18,138,11,37,4,1,1
454,15,60,12,4,9,0,1
467,33,43,18,42,3,3,1
317,19,16,29,35,8,3,1
440,39,50,6,45,7,2,1
329,38,30,6,7,4,0,1
14,9,18,21,89,2,0,0
457,25,98,6,87,6,2,1
216,23,118,1,92,2,2,1
413,7,39,10,44,1,5,1
144,33,138,25,62,1,0,1
30,22,29,5,8,10,1,1
332,28,130,9,77,2,2,1
57,36,128,21,87,2,3,1
335,3,76,7,75,1,3,1
370,39,77,17,61,9,2,1
71,5,129,2,22,3,1,1
230,38,51,3,57,10,5,1
83,32,90,16,65,10,1,1
210,24,32,6,16,7,4,1
215,33,46,11,57,8,3,1
463,10,5,16,96,8,5,1
259,31,79,26,87,2,5,1
307,35,72,9,93,6,3,1
236,4,149,23,61,8,5,1
366,14,25,22,84,9,0,1
210,14,93,30,75,7,5,1
459,23,80,1,69,4,4,1
109,17,65,23,63,9,5,1
495,21,43,27,55,2,5,1
134,25,73,20,78,5,2,1
80,17,96,22,95,1,3,1
282,28,16,12,7,7,5,1
200,8,63,8,86,1,4,1
498,12,37,16,98,7,5,1
22,14,6,18,64,5,0,0
277,38,125,18,57,10,3,1
258,4,122,1,10,4,4,1
439,8,47,25,17,3,5,1
114,25,99,19,25,1,2,1
23,13,90,18,92,6,2,1
168,9,84,21,52,7,3,1
212,6,3,30,58,9,5,1
328,13,65,25,2,8,2,1
461,6,122,16,70,2,1,1
267,36,72,13,51,4,4,1
103,5,108,14,15,8,4,1
66,23,18,22,97,9,5,1
353,38,83,4,72,1,0,1
140,34,19,23,45,9,0,1
214,2,73,6,26,9,4,1
368,38,28,12,24,4,2,1
469,35,52,11,61,10,2,1
475,33,10,3,51,10,3,1
55,16,93,23,32,3,5,1
252,5,102,5,40,7,5,1
431,13,98,11,39,3,1,1
139,15,99,30,66,7,4,1
92,22,72,6,34,10,3,1
50,27,65,1,20,3,4,1
249,35,6,4,30,2,2,1
380,3,145,3,72,2,2,1
90,6,144,1,90,1,2,1
187,16,43,12,68,6,1,1
159,23,73,10,5,6,3,1
414,10,31,15,24,4,5,1
446,35,117,6,4,8,1,1
368,40,126,9,93,3,5,1
441,1,47,5,4,8,4,1
73,40,84,23,20,9,3,1
315,11,37,6,33,2,3,0
453,21,72,21,33,1,5,1
344,1,110,19,48,6,3,1
396,21,116,9,75,8,3,1
98,11,14,3,37,4,1,1
77,14,59,2,90,9,0,1
419,1,54,6,92,6,3,1
208,24,70,12,38,7,1,1
205,9,135,14,64,1,5,1
21,23,144,11,75,2,0,1
401,10,32,14,7,9,5,1
212,15,90,12,97,9,1,1
332,31,99,24,46,8,0,1
424,3,131,2,71,5,2,1
199,36,139,12,13,2,3,1
447,39,115,23,24,1,3,1
212,12,64,21,10,7,1,0
143,36,119,4,81,2,2,1
153,5,122,13,52,6,1,1
14,31,130,29,97,5,1,1
192,18,74,10,32,5,3,1
40,32,125,16,19,3,2,1
391,17,49,20,24,5,1,1
490,18,37,7,90,6,1,1
376,17,111,23,83,10,1,1
271,20,57,28,50,3,2,1
444,19,143,12,74,6,4,1
61,10,80,11,26,2,4,1
165,16,143,3,64,4,4,1
63,4,17,17,100,4,3,1
171,5,45,6,45,8,1,0
40,12,35,4,11,2,0,0
345,36,6,19,44,7,4,1
124,22,45,20,48,9,4,1
105,27,136,24,51,9,0,1
442,5,47,12,92,2,4,1
482,18,56,8,45,6,3,1
330,33,36,20,84,7,0,1
500,39,108,8,83,10,0,1
123,31,46,19,65,9,2,1
219,30,58,14,28,8,3,1
390,4,118,5,15,6,5,1
408,2,111,16,12,3,3,1
89,18,96,5,90,3,0,1
283,3,86,12,64,7,4,0
41,35,126,16,59,7,5,1
32,39,62,12,40,7,5,1
66,36,114,28,59,1,5,1
47,28,66,4,93,3,5,1
229,16,89,25,48,1,4,1
493,36,83,15,53,2,0,1
459,23,106,28,5,6,2,1
427,4,82,3,96,8,3,1
164,6,12,15,44,9,1,1
281,18,43,28,74,8,1,0
273,26,99,23,57,1,2,1
10,23,26,28,9,8,2,1
14,31,147,24,86,10,4,1
459,4,45,21,28,4,0,1
207,3,115,22,78,5,0,1
423,24,87,30,26,7,5,1
233,40,40,16,10,6,4,0
202,27,98,7,30,7,3,0
109,29,39,2,66,5,0,1
291,38,21,5,50,6,2,1
241,38,80,27,52,9,4,1
27,25,86,5,74,1,2,0
336,3,105,13,78,1,0,1
436,22,92,14,12,1,1,1
342,5,13,24,9,9,5,1
460,14,92,6,14,9,2,1
75,12,28,10,21,1,4,1
463,27,118,15,75,9,2,1
444,22,22,8,23,2,2,1
490,10,118,8,82,3,2,1
455,13,25,19,88,5,0,1
151,21,134,17,61,4,4,1
52,24,9,19,74,9,0,1
221,40,109,11,84,7,0,1
421,27,130,5,14,4,3,1
28,6,27,24,92,7,0,0
274,3,118,13,20,3,4,1
475,11,136,1,23,6,0,1
415,34,14,17,23,2,1,1
323,4,98,30,59,2,0,1
384,28,51,28,3,3,0,1
421,11,107,17,52,4,5,1
397,22,144,21,95,9,3,1
433,10,48,8,57,9,2,1
286,17,61,16,38,3,5,1
300,10,24,14,47,6,5,1
402,20,31,8,22,9,3,1
275,9,2,16,81,9,0,0
32,6,125,25,40,5,2,1
430,2,90,21,86,2,0,1
31,22,145,3,19,3,0,1
474,15,142,12,33,1,2,1
388,29,27,10,95,1,3,1
233,18,135,7,20,3,0,1
291,5,142,14,98,8,1,1
496,20,40,25,8,6,3,1
334,3,61,16,70,7,3,1
97,3,111,20,53,3,5,1
97,33,50,14,60,6,2,1
92,39,90,4,44,5,3,1
137,24,93,13,4,5,4,1
408,1,127,3,9,9,3,1
29,9,83,14,64,3,3,1
64,38,26,9,92,9,4,1
331,7,50,4,50,4,4,1
275,11,36,20,36,8,4,1
448,14,2,25,35,7,3,1
213,25,112,27,74,2,0,1
134,39,32,11,88,7,1,1
479,19,10,15,88,6,5,1
384,3,108,9,16,4,2,1
355,31,42,26,13,6,2,1
56,34,66,6,96,7,0,0
128,2,88,30,20,6,5,1
188,25,129,19,51,7,3,1
434,3,21,5,92,5,3,1
337,19,142,13,14,2,5,1
213,1,24,18,12,9,2,1
131,18,122,12,92,8,2,1
314,9,4,18,87,9,4,1
233,33,9,26,83,8,4,1
211,6,105,3,41,7,5,1
454,24,137,25,92,8,4,1
476,26,52,26,3,2,4,1
493,11,68,18,65,5,3,1
19,32,17,14,70,9,3,1
201,37,3,28,60,1,0,1
488,38,35,14,6,6,0,1
54,14,119,8,52,7,1,1
164,13,43,26,30,2,5,1
409,4,37,1,42,3,0,1
328,1,86,14,33,8,0,1
412,8,67,17,26,2,4,1
71,32,129,26,28,1,5,0
218,18,72,12,63,1,5,1
280,25,95,9,6,1,0,1
229,25,61,1,20,8,4,1
369,2,110,29,51,7,2,1
417,12,37,10,71,6,2,1
255,28,95,10,29,5,3,1
193,20,41,29,63,10,2,1
443,5,107,4,23,2,1,1
353,36,143,1,56,1,1,0
285,6,30,18,44,8,0,1
289,15,39,15,17,3,5,1
427,13,37,16,83,8,4,1
428,7,109,14,53,4,0,1
413,7,60,4,93,7,5,1
406,34,133,11,30,1,2,1
493,28,60,27,58,9,5,1
414,10,118,3,98,5,2,1
336,28,11,8,30,7,5,1
242,18,67,13,69,10,0,1
311,39,88,28,32,8,5,1
207,31,42,20,41,10,5,1
202,11,26,17,96,5,4,1
336,23,84,7,22,3,0,1
13,38,35,13,79,10,0,1
139,15,64,17,12,10,0,1
144,19,11,11,10,4,0,1
178,23,87,2,2,8,5,1
73,6,61,25,39,2,2,0
261,20,89,30,3,3,1,1
141,9,108,11,58,9,5,1
291,27,105,30,87,3,0,1
24,11,136,30,80,6,4,1
435,29,140,25,75,8,0,1
252,22,96,13,17,9,4,1
22,12,109,7,36,2,4,1
93,32,81,14,3,8,0,1
342,22,93,2,16,4,0,1
187,3,90,5,100,4,5,1
17,11,118,13,100,3,1,1
268,14,113,4,12,7,4,1
262,37,112,25,13,6,0,1
459,13,53,24,99,8,1,1
428,15,145,1,98,4,0,1
169,17,60,21,38,1,0,1
467,29,101,30,84,2,1,0
442,26,132,11,4,9,3,1
68,17,54,5,58,3,5,1
271,30,36,13,87,2,4,1
38,31,42,18,30,2,0,1
269,34,22,21,70,10,3,1
462,28,6,12,66,8,5,1
416,14,47,19,58,5,2,1
233,37,127,28,65,5,0,1
490,17,10,20,67,8,1,1
219,16,43,13,42,4,0,1
76,10,80,2,98,3,3,1
254,17,125,21,22,9,3,1
147,15,54,23,21,9,0,1
263,37,45,15,32,2,2,1
108,11,69,14,32,10,1,1
473,30,140,16,44,2,3,1
493,28,134,23,8,4,5,1
269,34,107,17,37,8,5,1
373,2,86,16,14,5,3,1
431,10,94,25,22,2,4,1
475,4,13,17,19,3,5,1
431,11,131,24,68,3,4,1
82,19,62,16,97,3,4,1
338,23,13,4,47,8,3,1
136,39,149,20,48,5,1,1
144,31,139,14,20,8,1,1
128,11,18,9,60,3,2,1
417,26,105,9,88,9,1,1
67,6,118,24,61,5,1,1
257,34,88,24,33,10,1,1
477,5,42,5,1,9,3,1
178,39,18,11,96,7,3,1
466,1,148,8,78,7,4,1
491,29,117,7,100,9,1,1
129,8,16,3,80,7,2,1
317,27,82,9,54,2,2,1
485,27,134,25,56,8,2,1
35,10,141,30,9,7,2,1
308,15,43,3,74,8,0,1
446,39,127,27,46,5,1,1
139,16,144,22,16,5,3,1
406,3,1,9,84,10,2,1
130,31,63,27,62,8,5,1
377,27,127,1,25,5,5,1
465,19,49,11,55,1,2,1
309,31,60,8,21,5,1,1
285,11,98,9,96,10,4,0
295,15,101,3,36,4,4,1
54,32,105,1,2,7,3,1
425,2,126,30,64,4,5,1
365,2,150,7,95,7,3,1
112,28,141,18,94,9,0,1
434,38,12,22,76,4,4,1
278,3,79,30,91,8,0,1
180,13,136,6,30,5,1,1
435,15,94,30,61,9,3,1
440,25,45,17,55,7,1,1
106,27,42,24,93,1,2,1
146,8,104,14,46,3,1,1
495,11,48,22,3,9,3,1
291,33,120,11,89,4,0,1
481,35,51,21,97,7,3,1
209,37,116,27,36,5,2,1
140,19,131,3,76,2,5,1
149,32,13,20,13,8,2,1
412,13,132,16,73,5,5,1
310,28,44,29,17,2,2,1
234,4,115,18,69,2,3,1
471,17,8,20,26,5,2,1
162,25,62,25,46,9,0,1
72,19,22,29,74,7,1,1
245,36,68,9,12,4,5,1
246,37,53,10,81,1,2,1
84,37,103,2,7,1,1,1
188,4,113,23,62,1,4,1
141,15,84,19,6,3,1,1
376,26,74,29,90,10,0,1
385,18,12,9,14,10,3,1
216,27,65,20,15,8,5,1
302,22,25,14,55,5,2,1
404,1,147,2,27,7,2,1
133,11,8,14,43,2,1,1
180,18,63,27,89,1,3,1
291,4,123,25,21,5,3,0
22,12,103,12,31,8,0,1
358,23,143,24,21,3,4,1
314,1,62,27,45,4,1,1
123,24,79,9,22,3,5,1
401,32,148,5,25,3,1,1
68,18,34,21,74,4,1,1
32,25,99,19,16,7,4,1
214,25,100,6,91,7,4,0
172,14,112,20,15,10,4,1
460,24,114,29,76,4,0,1
144,11,105,28,2,8,0,1
307,4,135,23,95,5,3,1
495,28,63,26,1,4,1,1
100,3,2,2,59,4,3,0
329,10,117,6,58,10,3,1
348,6,114,22,57,9,1,1
251,35,56,11,38,1,1,1
300,35,10,29,42,2,2,1
202,34,16,27,54,1,0,1
20,38,52,16,75,7,2,1
427,19,123,15,14,10,3,1
176,30,35,7,3,4,0,1
312,37,111,11,41,2,4,1
199,11,31,21,9,1,5,1
46,38,60,5,16,4,4,1
61,18,113,1,32,2,3,1
216,13,4,17,8,10,5,1
111,35,70,20,75,9,5,1
162,35,150,17,85,10,2,1
258,17,142,10,52,8,2,1
428,9,14,4,66,6,3,1
452,29,137,12,66,8,1,1
27,34,56,16,8,8,0,1
338,9,45,14,91,5,1,1
122,23,100,12,47,7,2,1
186,38,13,3,46,10,4,1
199,35,66,29,46,8,3,1
295,34,58,6,14,4,2,1
117,34,129,24,33,3,5,1
162,30,73,2,53,1,5,1
375,35,45,30,52,4,2,1
224,38,98,23,7,9,4,1
272,24,15,23,27,3,1,1
188,18,141,2,32,4,5,1
491,33,80,5,64,7,5,0
234,6,87,29,99,10,3,1
493,31,88,5,48,8,3,1
353,22,149,27,49,6,2,1
498,39,74,4,84,9,4,1
293,19,106,20,21,5,5,1
146,6,76,30,20,9,4,1
457,22,135,20,34,7,0,1
209,10,21,4,32,7,1,1
191,26,1,27,7,6,0,1
209,20,59,21,7,1,5,1
358,27,34,13,1,1,0,1
351,15,75,11,83,2,0,1
109,27,91,20,89,9,5,1
28,12,148,27,77,8,5,1
178,34,135,13,29,7,5,1
196,7,145,26,25,4,3,1
473,29,117,17,75,4,0,1
218,36,76,13,65,9,4,1
239,35,119,13,74,6,5,1
19,30,29,13,18,5,4,0
281,18,103,21,70,1,3,1
439,25,48,19,74,6,0,1
484,32,8,21,82,8,1,1
480,11,23,20,38,4,0,1
301,12,15,27,49,4,3,1
413,19,72,14,5,2,1,1
19,25,76,23,40,3,4,1
466,40,73,10,55,2,3,1
269,39,31,17,76,5,1,1
351,10,144,17,69,10,0,1
30,31,32,11,20,5,1,1
276,40,56,27,96,8,1,1
282,2,32,23,31,4,0,1
385,13,69,16,35,2,5,1
168,9,10,21,8,4,1,0
177,6,102,4,63,4,5,1
244,10,131,16,11,9,5,1
262,26,101,28,28,8,2,1
336,35,23,25,97,3,2,1
167,26,112,24,33,2,0,1
326,26,150,1,75,2,5,1
226,24,98,21,83,9,2,1
105,13,122,4,45,1,4,1
309,15,144,24,76,2,4,1
477,20,46,6,81,3,1,1
496,36,24,1,92,1,1,1
353,8,12,13,34,10,3,1
486,1,102,8,56,6,5,1
260,7,121,12,69,1,3,1
202,33,10,21,45,1,1,1
332,8,93,27,17,4,3,1
313,34,125,29,91,4,1,0
147,24,74,26,50,3,0,1
382,12,138,27,57,8,1,1
150,5,83,29,96,9,1,1
77,27,128,30,95,2,4,0
181,16,131,5,34,7,3,1
416,12,141,8,17,1,2,1
40,14,85,16,31,10,1,1
81,22,43,9,42,10,1,1
204,30,134,7,68,3,4,1
307,27,134,10,2,7,5,1
44,10,121,28,57,2,0,1
237,21,10,15,21,5,3,1
480,2,95,24,56,3,3,1
402,16,74,19,58,5,5,1
110,36,49,4,67,3,5,1
493,1,65,30,87,7,1,1
188,34,119,9,18,8,1,1
302,36,107,29,42,6,3,1
347,17,71,30,78,6,2,1
422,23,76,20,24,10,5,1
472,20,2,12,36,8,3,1
207,7,128,28,8,10,5,1
426,1,65,10,68,7,2,1
199,15,63,12,37,8,4,1
413,1,91,2,45,1,3,1
212,38,85,28,15,2,1,1
161,15,126,21,1,1,0,1
305,36,73,10,74,3,3,1
233,24,139,30,33,9,5,1
60,8,121,13,37,2,1,1
211,23,97,21,43,3,1,1
174,3,150,7,42,5,4,1
18,15,128,21,94,2,3,1
102,27,150,8,32,2,2,1
477,36,22,28,31,9,4,1
352,19,70,3,66,10,3,1
143,19,103,11,1,9,5,0
270,10,33,28,35,3,5,1
242,34,98,13,32,7,5,1
277,17,12,8,38,7,5,1
238,25,74,20,41,4,2,1
325,36,122,26,93,6,2,1
354,34,21,16,14,10,3,1
428,26,74,28,25,7,0,1
93,30,96,21,81,7,1,1
247,25,60,20,33,4,1,1
405,8,140,8,95,4,1,1
243,39,76,9,4,3,5,0
191,4,37,1,33,1,1,1
12,39,32,3,96,5,3,0
272,34,70,8,57,8,2,1
60,17,51,24,66,3,4,1
96,4,27,26,92,3,5,1
429,9,132,8,9,4,0,1
104,6,48,29,49,5,4,1
103,20,3,23,63,8,5,1
286,8,58,23,35,1,5,1
259,12,84,14,33,3,5,1
169,12,80,15,84,4,2,1
214,28,97,30,56,2,5,1
476,9,58,23,18,3,2,1
150,29,45,16,76,2,4,1
160,27,56,30,15,6,1,1
496,17,97,5,87,1,3,1
23,3,109,10,61,5,5,1
211,14,141,7,60,10,0,1
150,8,115,27,60,5,4,1
143,34,120,4,64,1,3,1
452,23,88,19,92,3,1,1
219,26,111,27,60,4,0,1
347,3,105,21,68,3,1,1
176,39,134,3,70,6,2,1
451,9,135,20,89,6,2,1
80,2,61,15,47,6,2,1
47,19,109,27,100,9,3,1
229,37,45,29,15,10,2,1
400,17,10,30,45,3,5,1
269,17,34,9,91,6,5,1
54,21,95,27,11,3,4,1
389,6,100,8,7,9,3,1
352,4,18,7,32,4,0,1
308,27,127,6,5,4,3,1
103,7,2,5,31,8,2,1
37,37,144,24,48,8,5,1
331,13,62,11,39,3,4,1
121,14,138,6,22,9,5,1
250,2,61,11,16,3,2,1
310,37,137,2,4,8,0,1
324,11,89,12,17,5,2,1
471,39,134,5,37,2,3,1
488,16,37,22,68,5,0,1
393,38,95,4,23,7,2,1
54,27,141,25,88,7,5,1
196,22,129,23,29,4,0,1
434,21,129,27,17,4,2,1
17,11,99,6,69,7,0,1
397,4,67,3,23,10,2,1
376,26,17,14,16,9,1,1
359,18,135,1,54,9,5,1
184,13,25,30,74,8,5,1
21,5,4,4,46,1,3,0
279,19,120,26,28,5,4,1
395,26,118,19,45,5,3,1
223,20,2,5,90,10,0,1
226,17,147,20,98,5,2,1
64,20,89,9,9,1,4,0
151,25,118,3,81,7,5,1
367,13,55,29,29,8,4,1
349,5,74,7,83,6,2,1
323,39,57,7,9,4,1,1
293,10,32,17,57,9,4,1
429,23,60,29,60,10,2,1
304,14,96,26,79,10,5,1
94,34,37,27,49,9,3,1
328,40,2,7,34,6,3,1
171,10,91,9,79,2,2,1
261,4,49,4,18,2,5,1
148,40,15,7,93,8,2,1
131,4,69,16,38,4,4,1
204,14,128,11,43,9,3,1
345,5,137,14,53,2,5,0
161,22,47,19,70,2,5,1
255,26,115,16,89,6,4,1
452,26,53,29,86,7,3,1
171,15,90,21,9,1,2,1
362,23,126,2,33,4,2,1
459,4,126,24,29,6,3,1
374,30,17,16,94,10,5,1
409,8,43,12,51,7,0,1
304,27,36,22,2,10,2,1
271,2,1,29,59,2,4,1
400,23,29,8,43,3,0,1
369,5,117,15,82,1,4,1
471,23,54,26,56,3,3,1
146,33,77,7,95,10,4,1
20,15,68,2,60,2,5,1
330,17,111,29,29,7,4,1
210,40,40,23,44,10,0,1
417,33,105,29,7,7,4,1
149,12,64,8,46,3,2,1
185,19,128,26,75,9,3,1
292,5,84,15,14,10,5,1
188,30,43,14,23,3,5,1
386,33,93,5,75,8,5,1
423,40,143,19,83,7,3,1
121,37,121,8,90,2,3,1
434,36,96,16,75,4,2,1
33,23,143,27,70,3,1,1
371,25,6,8,4,7,0,0
145,20,86,4,12,6,4,0
26,40,66,8,91,2,4,1
124,12,24,8,42,4,5,1
274,15,120,3,87,6,1,1
386,7,40,20,35,6,0,1
322,3,87,1,36,7,4,1
216,29,147,29,37,9,4,1
20,20,113,25,58,1,5,1
476,5,108,27,47,9,3,1
190,27,94,6,43,5,2,1
144,5,99,26,82,6,1,1
279,6,98,12,1,10,2,0
142,9,85,19,93,9,5,1
411,10,124,19,39,5,1,1
83,26,121,23,34,1,3,1
229,10,101,28,90,1,5,1
64,1,100,2,76,8,4,1
31,12,30,30,96,10,4,1
185,27,95,22,78,10,4,1
163,18,148,28,57,5,2,0
481,31,106,19,2,2,3,1
295,24,20,5,46,4,4,1
29,8,64,10,98,5,0,1
14,17,146,26,74,4,3,1
250,37,80,22,61,8,3,1
405,22,26,7,95,1,1,1
84,13,54,23,58,2,5,1
397,7,53,12,91,4,1,1
456,38,141,10,83,2,3,0
192,28,31,21,66,1,0,1
363,28,74,8,35,6,4,1
432,25,78,6,24,4,4,0
223,25,65,25,78,1,4,1
49,10,15,29,44,7,0,0
475,31,25,7,14,3,5,1
221,31,57,17,100,4,4,1
374,13,116,12,70,3,1,1
363,40,58,2,22,9,0,1
80,6,23,25,63,2,2,1
328,28,24,29,23,10,5,1
137,23,86,30,13,7,0,0
12,25,135,23,54,1,2,1
62,11,18,6,16,7,4,1
139,31,133,21,74,1,5,1
219,34,105,17,94,1,3,1
123,19,92,26,11,3,1,1
307,10,78,5,12,4,3,1
282,33,77,4,90,7,0,1
484,15,36,27,53,4,5,1
392,11,139,3,35,9,0,0
380,12,146,19,30,4,3,1
234,3,31,14,21,9,5,1
134,21,31,4,80,5,1,1
46,36,41,26,11,8,0,1
247,25,111,6,28,8,4,1
40,13,111,2,53,9,3,0
341,27,42,28,83,2,4,1
172,20,55,25,4,2,2,1
477,10,145,12,56,9,1,1
198,12,76,5,49,4,5,1
172,26,49,6,30,8,2,1
467,37,39,15,31,6,5,1
219,21,18,27,43,8,0,0
422,27,98,7,26,9,1,1
121,7,121,21,51,5,2,1
162,32,150,4,14,7,2,1
249,13,77,15,24,3,4,1
246,20,82,18,77,5,4,1
420,7,5,12,35,7,1,1
434,34,99,24,80,8,4,1
289,32,120,17,87,6,5,1
459,15,137,26,49,3,0,1
91,20,66,5,13,6,5,1
435,7,66,28,39,5,1,1
225,3,96,11,28,9,4,1
171,28,102,3,38,10,1,1
430,23,51,8,5,10,3,1
31,36,29,9,19,1,5,1
313,32,34,3,25,2,2,1
110,10,33,14,86,2,1,1
267,26,82,1,25,7,0,1
422,17,131,20,68,1,5,1
204,28,10,20,24,8,3,1
277,27,96,10,68,8,0,1
161,26,70,24,17,3,5,1
148,2,7,4,12,7,4,1
313,35,17,13,84,2,3,1
120,7,8,29,7,2,0,0
290,22,131,2,22,7,0,1
205,19,41,3,6,4,2,1
231,38,39,3,89,7,0,1
121,24,99,5,82,6,0,1
221,25,38,8,73,1,5,1
59,8,76,3,49,5,4,1
344,32,33,19,9,1,2,1
92,24,53,30,38,5,2,1
155,28,65,12,58,8,1,1
108,26,70,7,79,4,5,1
490,9,77,11,53,5,2,1
124,29,97,10,17,7,0,1
18,16,74,12,65,9,1,1
157,15,139,30,67,4,1,1
494,36,51,5,53,9,5,1
351,6,46,28,3,6,2,1
194,22,41,16,23,4,3,1
123,29,148,27,93,5,2,1
307,39,82,6,31,3,1,1
328,12,71,11,94,1,2,1
289,22,70,25,70,7,2,1
364,6,63,26,13,6,5,1
260,36,45,12,8,4,0,1
463,37,14,5,13,2,2,1
15,18,59,3,75,7,5,1
310,24,61,5,62,10,0,1
221,22,119,17,76,10,5,1
54,21,76,7,71,3,3,1
438,13,65,21,3,6,0,1
319,34,139,24,85,7,0,1
263,34,13,9,25,4,3,1
230,26,139,20,98,1,3,1
63,26,86,2,10,5,5,1
203,9,126,9,66,4,3,1
233,12,142,23,36,5,4,0
90,34,135,11,33,4,0,1
114,9,139,27,14,7,3,1
292,1,51,24,51,5,5,1
40,5,3,11,67,3,1,0
271,28,107,14,28,2,4,1
136,10,142,20,100,10,2,1
155,5,74,16,35,1,0,1
496,11,22,7,88,3,0,1
261,6,20,22,20,2,0,0
483,35,40,20,17,4,4,1
76,13,91,10,92,6,3,1
36,17,145,19,50,2,3,1
485,30,42,13,65,2,2,1
287,32,77,24,74,5,3,1
180,36,18,7,71,1,2,1
23,15,135,9,80,9,1,1
280,12,75,21,44,7,0,1
282,36,33,5,60,10,0,1
232,25,134,9,16,4,2,1
468,18,149,26,69,4,1,1
30,6,62,11,66,6,4,0
317,13,64,14,71,10,3,1
59,20,16,22,68,6,3,1
491,37,43,5,100,1,5,1
35,28,79,26,38,2,4,1
266,37,34,8,99,9,3,1
435,11,41,24,99,4,3,1
420,19,9,25,100,1,2,1
421,25,42,25,32,7,0,1
92,10,133,23,37,10,4,1
417,33,56,28,86,3,2,1
97,3,111,21,25,3,4,1
355,4,14,23,22,3,4,1
419,17,49,19,49,6,1,1
133,31,97,1,22,5,3,1
312,29,131,10,92,1,1,1
122,18,114,6,13,7,3,1
206,38,149,2,73,4,1,1
314,25,128,8,18,7,1,1
415,34,109,3,4,4,5,1
339,9,134,5,11,1,0,1
11,13,23,30,83,5,4,1
402,21,50,22,78,9,5,1
24,5,55,20,58,8,4,1
108,8,122,7,20,8,3,1
342,8,4,6,23,1,4,0
371,34,12,2,21,7,3,1
30,33,80,18,75,3,5,1
477,12,48,16,71,3,3,1
95,5,57,9,64,10,3,1
109,20,28,11,59,9,1,1
466,26,141,14,40,7,1,1
426,10,9,27,54,1,0,1
82,10,47,26,31,2,4,1
225,7,150,7,89,7,1,1
409,25,51,11,49,2,1,1
38,35,112,30,65,10,3,0
13,32,93,1,47,3,3,1
206,27,23,27,91,3,5,1
466,17,29,23,46,5,4,1
233,30,47,6,56,10,5,1
287,22,135,20,49,10,5,1
72,39,72,30,15,5,5,1
192,13,115,15,70,7,2,1
171,3,83,9,47,4,5,1
92,9,124,11,62,3,2,0
19,17,2,26,87,10,3,1
494,20,131,14,70,2,3,1
33,17,88,20,34,5,1,1
128,40,117,6,77,7,0,1
65,37,32,2,65,7,4,1
474,4,108,2,14,2,2,1
495,31,40,20,32,7,1,1
399,20,43,4,63,6,4,1
153,17,25,10,15,3,2,0
115,2,134,2,52,10,2,1
54,27,65,28,13,7,0,1
25,30,117,9,43,4,4,1
213,15,46,28,35,6,1,1
84,31,149,6,99,4,1,1
60,27,107,20,67,10,4,1
269,3,103,13,98,7,5,1
328,26,94,20,19,1,5,1
266,27,18,3,76,3,0,1
315,33,2,3,62,1,3,1
23,39,133,16,67,1,5,1
221,20,67,17,10,3,3,1
452,27,9,23,54,6,2,0
355,1,116,11,74,6,3,0
342,27,106,18,88,5,3,1
55,21,79,22,70,6,1,0
288,17,11,20,20,3,4,1
304,26,92,29,43,2,0,1
437,19,83,1,89,1,0,1
343,9,63,30,70,7,2,1
92,17,28,26,36,2,2,0
111,18,142,29,99,8,3,1
384,5,76,3,55,5,2,1
398,14,102,11,97,10,1,1
252,10,72,25,37,5,0,1
497,18,132,21,1,8,5,1
159,9,55,7,96,7,0,1
172,40,138,12,25,6,2,1
357,21,41,18,5,8,2,1
66,34,108,11,47,8,0,1
409,8,11,17,77,5,1,1
307,10,108,5,46,8,3,1
449,14,103,13,64,2,2,1
133,6,124,7,49,9,5,1
30,33,102,30,57,4,0,1
390,35,48,28,28,2,4,1
219,15,61,22,78,3,3,1
69,38,72,8,81,3,1,1
244,35,117,23,11,3,3,1
268,2,108,19,97,8,0,1
16,5,121,23,5,10,0,1
56,8,91,28,100,1,3,1
121,35,90,20,27,6,4,1
468,6,95,4,18,8,5,1
144,9,57,28,61,7,0,1
438,6,27,8,67,9,3,1
54,7,149,29,72,3,4,1
269,3,15,17,48,1,0,1
259,14,122,29,45,4,2,1
241,9,45,13,82,10,2,1
316,15,40,11,93,7,5,1
119,31,84,2,36,4,4,1
17,32,38,22,57,4,4,0
363,27,129,1,38,3,4,1
460,22,89,30,37,3,5,1
335,13,13,26,86,1,5,1
69,31,112,23,11,9,2,1
443,15,31,5,82,10,4,1
107,32,100,16,85,7,5,1
105,40,8,13,16,4,2,1
100,12,84,22,2,9,1,1
210,19,46,9,57,2,5,1
144,31,34,20,94,6,1,1
403,17,94,26,63,1,1,1
334,1,29,19,31,6,4,1
71,6,58,2,32,2,2,1
114,29,148,21,7,7,3,1
167,16,133,6,84,10,1,1
385,2,60,17,58,5,2,1
17,30,75,11,51,5,4,1
46,19,129,15,91,3,0,1
425,32,15,3,26,3,3,1
192,26,11,18,8,1,5,1
268,21,12,7,80,5,3,1
295,4,113,23,14,6,2,1
344,23,32,26,84,10,1,1
50,40,11,22,52,6,5,1
143,25,116,5,16,4,0,1
17,27,67,18,87,1,0,1
219,6,33,6,62,2,4,1
384,10,36,6,68,3,0,1
239,33,33,10,9,1,4,1
221,12,67,1,52,6,4,1
396,35,132,27,97,3,4,1
418,40,74,25,27,10,5,1
290,37,47,7,94,1,4,1
343,25,49,22,8,3,3,1
216,3,128,17,75,4,2,1
320,9,5,14,36,10,0,1
33,37,31,10,88,8,5,1
478,15,99,24,84,5,4,1
417,10,14,1,37,9,4,1
12,6,112,11,42,8,2,1
153,26,85,25,69,1,1,1
341,35,80,9,27,5,1,1
163,30,96,22,37,1,2,1
52,16,41,26,51,8,4,1
113,25,56,11,77,6,2,1
434,34,87,28,64,10,2,1
393,39,82,17,57,6,1,1
56,39,88,23,69,9,0,1
29,18,147,17,39,7,3,1
360,14,84,3,65,7,2,1
113,22,21,11,45,3,1,1
406,5,71,23,8,7,2,1
10,29,11,17,6,3,0,1
178,37,88,2,62,4,0,1
284,31,66,27,49,2,4,1
110,6,72,14,34,4,4,1
323,30,47,12,70,2,3,1
161,35,45,27,50,2,3,1
498,8,112,11,59,1,3,1
492,7,39,14,17,7,5,1
471,7,39,9,31,1,0,0
387,35,148,8,65,5,0,1
146,32,9,10,56,10,2,1
237,22,138,29,54,9,0,1
283,38,100,29,40,6,0,1
80,9,74,26,97,2,1,1
84,3,126,25,94,8,5,1
359,14,88,27,22,9,1,1
450,21,120,6,6,9,0,1
324,3,55,26,31,7,1,1
191,32,97,30,88,1,3,1
19,11,108,10,37,6,0,1
183,27,115,16,85,7,4,1
471,23,144,22,81,2,2,1
345,31,53,28,52,4,3,1
458,34,27,20,79,9,2,1
177,33,139,27,66,4,2,1
401,9,20,25,66,4,2,1
434,1,143,6,48,2,5,1
239,24,87,25,88,5,3,1
299,21,74,1,70,8,0,0
448,12,88,23,24,2,4,1
335,38,103,11,55,3,3,1
439,31,102,17,12,2,1,1
45,11,96,4,3,2,2,1
18,15,109,4,1,2,1,1
90,19,61,24,55,1,3,1
77,10,113,3,40,10,0,1
447,38,122,22,73,4,2,1
355,21,65,17,4,9,2,1
168,7,81,29,8,4,1,1
256,38,99,4,93,3,0,1
237,17,108,13,92,1,4,1
249,34,120,15,21,5,4,1
30,10,79,4,32,4,0,1
331,24,80,17,100,8,0,0
252,15,145,15,78,8,3,1
209,28,51,28,100,2,3,1
117,36,83,27,41,9,2,1
479,38,91,7,28,5,4,1
388,28,126,7,33,5,3,1
214,8,88,24,59,2,4,1
200,26,135,14,81,5,3,1
82,10,108,24,85,8,4,1
401,34,1,11,5,8,4,1
298,20,4,27,98,3,5,1
221,9,123,18,4,2,2,1
181,25,10,18,4,7,4,0
408,6,105,15,14,6,1,1
394,37,134,24,69,1,1,1
394,35,14,15,2,9,2,1
235,22,5,24,7,6,5,0
49,12,130,21,22,2,3,1
254,20,59,25,66,4,5,1
202,25,28,24,76,9,2,1
309,11,33,28,37,3,4,1
473,27,24,28,87,1,4,1
253,29,129,28,12,5,5,1
391,29,129,23,24,4,5,1
390,37,66,18,84,6,5,1
136,5,113,30,39,1,2,1
306,6,134,23,66,10,1,1
414,33,56,12,72,5,2,0
356,18,72,26,2,4,4,1
41,25,136,30,84,8,2,1
197,6,84,11,18,2,4,1
433,36,114,4,92,2,2,1
89,32,103,6,5,8,4,1
25,14,64,5,62,8,3,1
96,5,26,20,37,3,4,1
468,20,21,19,6,6,2,1
455,37,95,17,20,9,0,1
426,10,42,11,40,4,5,1
326,1,80,8,97,5,2,1
416,12,47,19,67,2,2,1
173,5,116,26,83,9,5,1
363,1,81,22,71,1,0,1
84,9,116,22,74,2,3,1
275,16,76,17,87,6,0,1
307,6,6,10,36,6,5,1
420,8,2,17,74,10,1,1
286,28,32,4,28,10,0,1
268,3,130,29,83,7,3,1
256,18,94,30,4,4,5,0
482,33,37,17,68,3,3,1
422,4,148,4,23,1,4,1
205,22,84,3,78,6,1,1
500,9,35,10,34,1,3,1
244,2,148,30,78,1,4,1
365,1,55,5,58,9,0,1
220,19,123,5,24,6,5,1
353,21,95,11,66,5,1,1
365,20,26,20,87,2,0,1
368,36,72,23,75,4,0,1
219,30,52,7,44,8,3,1
186,40,19,27,78,9,1,1
145,21,134,8,27,1,5,1
404,27,100,27,94,10,3,1
392,35,115,19,81,7,2,1
183,37,103,23,53,3,2,1
303,28,111,21,74,2,5,1
175,1,63,13,38,7,3,0
460,7,56,13,3,10,4,0
291,24,14,17,39,10,4,1
228,24,111,6,67,1,5,1
500,23,98,18,100,2,0,1
406,40,133,16,45,3,1,1
248,14,104,16,20,1,4,1
401,1,10,10,34,2,5,1
19,15,102,28,53,7,5,1
385,2,92,27,53,1,1,1
171,4,1,13,5,4,4,0
335,19,121,19,63,2,1,1
420,5,83,9,34,10,0,0
116,35,12,28,69,5,4,1
362,7,137,1,91,9,4,1
150,39,103,2,5,2,5,1
346,6,86,2,13,1,3,0
121,31,93,26,69,4,0,1
385,24,76,2,15,8,5,1
134,8,40,18,96,2,0,1
184,25,30,13,52,4,5,1
377,11,79,10,61,5,2,1
25,4,20,24,61,10,2,1
110,17,144,4,7,6,1,1
393,39,39,28,31,6,4,1
487,28,22,15,6,6,3,1
125,30,72,14,79,5,5,1
472,29,103,17,81,10,5,1
51,19,98,11,12,2,0,1
276,4,113,23,34,10,4,1
182,18,14,9,59,6,2,1
290,31,144,20,94,10,3,0
98,13,38,23,34,7,3,1
445,38,41,11,54,9,1,1
317,37,138,13,19,6,2,1
216,7,100,24,59,2,5,1
33,26,123,29,90,5,5,1
109,22,55,30,2,10,1,1
203,29,122,6,62,6,0,1
70,29,116,9,17,5,5,1
149,21,50,10,73,4,1,1
300,22,112,21,20,3,0,1
23,13,36,27,84,4,1,1
247,40,48,25,86,1,1,1
452,1,69,29,64,4,3,1
174,32,78,4,5,5,1,1
414,7,148,7,18,2,0,1
206,24,111,7,37,7,0,1
23,5,134,15,8,1,3,1
473,7,55,16,93,3,4,1
294,38,77,12,94,3,3,1
22,25,71,23,86,2,0,1
162,32,3,19,54,9,3,0
439,19,108,12,87,7,0,1
496,28,53,3,91,4,4,1
56,32,117,1,85,9,0,1
233,1,55,9,92,9,4,1
496,14,132,26,39,1,5,1
26,36,93,19,65,10,0,0
302,30,113,17,50,10,4,1
68,19,101,26,50,6,0,1
391,29,55,12,26,2,1,1
356,39,94,29,19,1,4,1
45,2,26,28,37,3,5,0
305,7,127,26,61,10,0,1
269,39,45,1,19,3,1,1
326,9,36,21,73,2,3,1
323,10,70,4,98,10,4,1
469,3,100,12,51,4,1,1
191,35,131,25,11,10,4,1
191,5,105,26,87,10,4,1
391,7,27,11,52,2,5,1
302,29,18,11,50,3,3,0
253,26,55,7,64,5,5,1
483,38,20,6,30,5,2,1
359,36,129,26,92,8,4,1
15,3,98,16,74,2,0,1
88,24,3,11,45,3,5,1
324,7,14,30,26,3,2,1
187,21,149,26,49,9,3,1
256,12,102,5,95,1,3,1
101,36,16,9,70,2,2,1
276,37,20,9,26,4,5,1
493,11,15,28,97,5,0,1
347,15,111,6,88,10,4,1
301,22,140,17,40,6,2,1
229,5,101,9,85,2,4,1
87,24,13,14,64,1,0,1
68,6,34,13,94,5,0,0
134,4,4,24,75,6,3,1
397,35,46,18,13,10,5,1
59,17,85,10,15,2,0,1
180,14,37,19,11,4,0,1
195,37,49,18,53,7,2,1
460,1,27,20,49,9,1,1
227,16,102,25,66,5,4,1
423,16,95,24,34,8,0,1
182,19,98,15,76,4,3,1
140,36,142,4,64,5,2,1
225,6,60,24,21,4,0,1
118,1,42,27,17,8,3,1
230,24,99,17,67,6,4,1
172,16,115,28,49,4,4,1
400,3,59,20,85,9,5,1
216,7,28,7,92,1,0,1
23,29,75,4,52,8,3,1
126,32,81,4,89,4,2,1
58,31,121,17,13,8,5,1
452,11,15,10,51,5,2,1
445,29,43,16,64,10,0,1
45,8,134,6,2,4,4,1
179,7,3,6,100,6,5,1
123,6,47,27,71,9,3,1
340,29,79,22,9,5,1,1
105,36,138,21,35,10,0,1
75,13,7,29,85,4,0,0
84,39,96,10,25,2,1,1
382,30,74,20,66,7,5,1
334,23,57,11,24,6,4,1
116,35,46,2,20,9,1,1
310,14,101,2,30,4,1,1
409,4,96,7,91,7,1,1
118,20,121,30,36,6,4,1
343,29,6,23,58,1,2,1
179,29,113,30,38,3,1,1
82,33,129,17,21,5,2,1
305,35,11,29,26,10,3,1
102,2,78,26,46,7,4,1
35,22,129,6,72,1,5,1
204,14,144,10,33,3,1,1
285,38,90,17,19,8,2,1
192,20,135,28,18,9,2,1
265,11,79,28,29,6,2,0
473,4,41,4,9,1,4,1
138,24,117,2,74,2,4,1
21,33,136,19,47,8,4,1
282,5,35,9,26,2,1,0
169,5,108,24,42,3,5,1
251,7,41,5,22,10,1,1
223,8,76,25,59,10,2,1
162,3,104,25,60,3,1,1
496,5,96,14,12,4,3,1
296,19,84,14,43,8,1,1
117,29,57,26,7,9,2,1
24,14,116,17,60,5,5,1
83,33,114,29,12,4,3,1
112,11,70,24,26,7,2,1
323,38,110,7,11,5,0,1
96,26,92,8,43,9,3,1
48,8,129,27,1,4,4,1
466,4,81,14,71,10,2,1
234,21,136,18,15,4,3,1
226,31,78,5,52,9,0,1
274,15,105,29,79,3,0,1
158,5,78,18,7,3,0,0
99,31,38,13,34,1,0,1
216,12,91,2,35,3,5,1
250,20,118,29,41,3,4,1
411,15,84,26,18,3,0,1
33,29,100,8,24,6,5,1
459,2,99,13,34,6,2,1
242,39,44,23,64,1,0,1
140,25,32,28,88,6,3,1
198,14,90,4,90,9,3,1
274,24,37,10,94,9,3,1
293,11,128,10,43,3,1,1
198,22,76,24,35,4,1,1
372,2,15,20,91,7,2,1
234,28,58,19,29,5,2,1
161,9,148,23,79,8,2,1
142,12,63,10,85,4,2,1
39,34,146,18,99,5,0,1
35,1,143,7,60,9,4,1
273,2,146,19,5,9,1,1
95,20,23,23,6,5,1,1
211,9,116,5,10,9,2,1
330,5,39,20,23,9,3,1
463,34,96,20,46,3,3,1
298,25,33,8,79,3,1,1
143,40,23,18,67,3,1,1
129,37,97,9,38,7,3,1
125,16,127,18,4,6,5,1
479,21,11,22,14,8,2,0
422,39,88,3,25,5,5,1
308,25,46,20,98,8,1,1
10,11,36,6,33,6,4,1
70,39,107,28,65,2,1,0
35,11,51,12,8,4,3,1
457,33,32,28,94,2,1,1
328,18,109,17,71,7,2,1
13,7,112,28,91,5,5,0
368,4,42,26,26,4,3,0
137,18,115,28,3,2,2,1
398,39,75,15,92,8,4,1
397,34,56,28,4,5,0,1
422,20,147,15,7,9,5,1
118,23,100,11,81,8,1,1
199,15,120,19,40,1,0,0
319,23,126,4,85,9,1,1
274,30,107,17,8,8,1,1
276,24,10,24,46,10,4,1
392,22,130,16,71,6,5,1
174,16,82,1,13,9,2,1
311,40,123,1,83,3,5,1
423,18,147,7,98,8,2,1
188,26,107,9,22,1,5,1
203,34,35,26,83,9,3,1
331,24,129,21,64,8,1,1
370,26,144,9,87,5,0,1
219,18,26,9,70,5,1,1
52,17,89,29,52,7,0,1
314,11,107,1,23,7,0,1
239,36,98,17,24,8,5,1
191,24,4,16,30,1,3,1
41,20,27,22,29,2,1,1
457,32,45,26,33,4,1,1
141,10,59,27,4,5,5,1
455,25,46,20,29,8,3,1
490,38,42,5,81,2,4,1
197,1,7,23,48,5,4,1
425,12,119,21,94,3,5,1
174,19,98,3,15,3,1,1
392,15,84,1,55,6,1,1
173,5,149,15,86,9,1,1
424,36,67,4,96,8,0,1
173,14,123,1,19,9,2,1
147,7,6,28,11,10,2,1
11,24,15,11,93,9,1,1
409,8,150,1,74,8,2,1
291,6,96,6,28,2,1,1
146,7,123,11,45,10,2,1
149,1,118,11,23,6,0,0
307,2,145,19,24,10,3,1
192,20,26,30,37,8,4,1
165,36,72,21,6,9,1,1
150,26,19,20,66,3,1,1
468,40,79,9,66,7,4,1
62,13,72,3,58,3,0,1
62,40,139,21,45,9,4,1
297,24,144,17,97,8,0,1
69,19,52,29,86,5,0,1
266,27,139,4,3,7,5,1
270,22,20,16,9,4,5,1
136,36,13,3,58,2,4,1
297,4,15,21,8,2,2,0
222,12,130,11,69,6,1,1
235,23,19,9,89,1,0,0
466,21,33,10,73,8,2,1
89,5,79,27,16,8,1,1
315,39,17,11,57,2,1,1
397,25,82,14,77,10,3,1
270,39,115,17,68,10,0,1
382,25,99,13,28,1,4,1
302,38,82,5,31,4,0,1
88,38,44,3,94,3,2,1
244,16,15,5,13,4,0,1
180,10,144,2,9,6,2,1
366,6,91,6,73,1,2,1
406,25,40,25,86,3,2,1
391,28,12,12,44,5,1,1
494,2,90,23,99,9,4,1
296,19,136,25,70,3,3,1
443,1,105,24,69,9,1,1
292,19,11,4,93,10,0,1
341,5,5,25,92,5,1,1
349,13,39,2,25,8,0,0
291,8,89,30,21,7,3,1
457,40,31,2,7,3,0,1
169,38,35,8,93,5,0,1
162,26,80,20,32,4,0,1
139,5,7,14,9,7,5,1
480,13,49,11,37,9,0,1
488,23,44,28,61,8,1,1
231,32,129,29,17,10,0,1
412,40,139,18,16,9,1,1
399,17,64,8,3,9,0,1
127,35,2,27,28,8,1,1
500,4,115,25,42,3,0,1
18,2,4,21,39,2,4,1
239,4,4,25,88,9,3,1
255,8,58,16,55,5,4,1
354,12,110,14,9,1,1,1
193,27,95,16,87,10,4,1
252,16,20,18,95,2,3,1
465,5,53,13,56,2,3,1
18,34,139,3,58,3,0,0
42,39,5,7,35,10,5,1
382,28,144,21,30,4,5,1
69,36,68,12,39,8,1,1
276,35,67,18,62,1,5,1
25,30,117,19,93,5,5,1
296,29,19,8,66,1,0,1
345,28,54,30,14,1,3,1
259,3,64,16,6,4,4,1
500,6,118,19,34,8,1,1
246,14,142,26,9,5,4,1
451,9,59,15,100,3,2,1
394,11,28,1,34,4,0,1
72,29,4,22,89,2,0,1
146,2,99,12,69,5,4,0
14,29,70,17,28,5,3,1
285,34,124,6,32,7,0,1
258,23,118,15,41,8,4,1
478,8,14,26,73,10,5,1
155,18,123,27,14,5,1,1
82,38,143,12,91,6,1,1
226,34,27,19,5,2,4,1
245,5,104,15,36,5,0,1
26,8,118,17,54,10,4,1
452,38,117,5,47,10,2,1
136,26,122,7,85,6,0,1
263,36,119,5,78,8,3,1
427,38,50,17,12,10,2,1
16,5,43,16,91,3,0,0
340,2,129,9,10,4,0,1
451,21,1,15,61,5,0,1
298,27,148,7,16,1,0,1
432,40,148,8,61,5,4,1
85,18,100,26,39,10,0,1
110,24,111,6,57,7,5,1
493,38,114,18,66,3,1,1
124,37,37,10,11,9,3,1
389,33,2,11,81,5,0,1
41,30,3,11,50,4,1,1
191,3,2,23,97,3,4,1
28,5,67,2,39,9,1,1
337,17,147,1,9,9,2,1
479,20,44,17,54,2,4,1
334,22,66,8,40,6,5,1
382,35,85,12,26,9,3,1
220,7,10,3,73,10,0,1
404,21,10,25,4,4,2,1
312,4,148,16,12,8,3,1
39,26,124,22,24,3,5,1
313,31,111,15,37,8,3,1
204,13,141,27,58,4,1,1
140,21,98,27,91,8,4,1
57,6,82,26,11,10,4,1
157,39,88,19,36,8,4,1
347,3,126,9,3,2,1,1
146,4,15,3,98,4,5,1
435,18,112,29,30,5,5,1
435,2,64,20,55,2,0,0
118,4,69,18,86,1,3,1
147,3,62,23,7,2,1,1
458,10,55,12,20,9,1,1
215,13,73,8,23,5,2,1
190,34,59,30,68,5,2,1
123,21,58,8,5,2,1,1
117,4,13,3,55,5,3,1
86,26,78,8,7,9,5,1
396,6,119,20,91,7,3,1
61,8,135,7,16,1,4,1
20,13,101,20,68,3,4,1
100,19,35,6,20,2,5,1
372,24,47,11,78,2,2,1
399,22,95,11,68,1,5,1
461,37,119,3,61,6,4,1
157,22,143,4,56,1,4,1
219,30,111,27,7,2,2,1
469,31,132,6,11,6,1,1
133,12,80,20,8,8,5,1
355,3,130,19,28,2,1,1
144,3,25,11,11,1,1,0
166,30,32,11,41,5,1,1
433,18,101,9,7,9,1,1
241,23,84,10,23,5,4,1
198,28,95,27,98,7,0,1
84,9,144,4,20,3,1,1
347,35,14,10,10,5,0,1
105,12,74,22,62,5,1,1
275,28,23,21,65,10,3,1
63,36,94,16,58,10,0,1
351,13,87,27,35,10,3,1
144,12,91,21,53,7,1,1
390,3,48,2,13,8,1,1
274,2,30,2,59,4,0,1
305,26,97,22,82,2,5,1
18,24,132,20,72,7,5,1
453,18,121,27,95,1,4,1
28,4,119,28,62,9,4,1
335,35,134,10,9,2,4,1
399,9,37,16,12,10,5,1
110,28,45,16,50,1,5,1
12,10,142,21,53,8,2,1
258,9,2,21,37,9,4,1
146,8,85,25,83,7,3,1
388,16,36,20,8,2,0,1
464,22,96,22,45,8,5,1
463,28,86,18,36,1,4,1
271,22,74,11,64,9,0,1
124,10,30,11,85,6,4,1
79,32,30,25,49,10,4,1
201,17,81,9,10,10,1,1
317,10,122,26,77,8,3,1
250,18,58,30,3,1,5,1
13,16,82,29,88,9,2,1
260,24,18,10,4,2,1,0
421,12,132,12,57,10,5,1
329,31,57,18,88,8,4,1
169,31,71,9,83,6,2,1
364,2,89,16,53,4,1,1
167,26,72,14,70,4,0,1
110,25,149,30,7,6,5,1
361,1,100,25,74,7,0,1
97,13,110,11,15,6,4,1
183,22,25,15,79,5,3,1
372,33,46,3,55,2,2,1
296,13,117,11,74,8,4,1
79,10,104,18,83,3,0,1
153,15,49,16,27,1,2,1
355,15,39,23,40,7,3,1
466,33,12,16,4,5,1,1
398,23,19,3,83,2,5,1
330,6,76,4,5,7,4,1
39,34,107,26,13,6,4,1
149,38,2,25,93,6,3,1
199,26,111,21,25,7,3,1
30,17,97,6,65,5,2,1
468,29,63,23,28,10,4,1
162,1,81,13,22,3,3,1
360,24,133,5,38,9,3,1
188,12,109,11,90,6,4,1
378,16,86,26,64,6,3,1
186,39,87,16,48,4,2,1
266,26,141,15,51,5,0,1
245,38,80,4,68,2,1,1
378,38,133,17,52,7,1,1
368,26,6,22,38,8,1,1
272,34,69,26,61,3,0,1
168,24,50,10,58,10,3,1
336,7,99,19,78,4,1,1
272,21,54,11,50,3,4,1
302,5,15,28,78,4,0,1
355,19,128,30,48,2,5,1
370,10,46,20,48,8,0,1
30,1,70,4,21,9,2,1
385,2,135,20,78,2,4,1
116,26,74,15,87,10,0,1
92,23,44,8,100,9,4,1
409,27,79,18,13,5,3,1
344,14,96,21,34,3,0,1
181,11,87,23,75,9,4,1
398,20,7,21,95,4,3,1
109,10,134,1,50,10,4,1
241,2,122,17,27,3,4,1
101,29,53,15,4,6,2,1
314,20,107,25,81,7,1,1
329,2,43,17,43,7,1,1
138,2,91,12,96,8,5,1
211,22,95,25,8,6,0,1
327,11,142,17,50,2,1,1
125,11,126,5,65,4,5,1
346,35,16,17,7,6,1,1
305,16,95,17,97,10,2,1
445,23,23,20,87,7,4,1
330,38,81,30,53,9,2,1
490,18,16,15,24,6,1,1
275,6,41,3,95,3,5,1
412,38,141,13,11,6,5,1
321,29,133,11,10,10,0,1
480,6,116,23,61,2,4,1
302,4,36,20,37,2,4,1
170,33,46,3,18,4,4,1
137,24,43,14,42,5,3,1
466,20,59,7,86,10,4,1
33,17,40,22,58,4,3,1
21,23,25,29,74,6,5,1
34,11,17,9,67,7,4,1
408,17,64,17,20,6,5,1
429,30,52,6,2,5,5,1
177,7,30,13,20,7,4,1
187,3,3,22,13,7,0,1
320,2,101,5,17,10,4,1
137,8,133,4,82,7,2,1
460,16,107,10,36,4,0,1
88,5,40,18,88,10,4,1
356,1,139,19,37,1,3,1
135,14,71,4,68,1,4,1
20,26,77,4,64,4,4,1
415,32,125,15,63,9,2,1
305,23,124,5,49,10,1,1
464,9,29,23,51,10,4,1
40,10,130,21,21,3,5,1
408,11,45,18,27,6,0,1
356,6,19,10,41,6,5,0
145,38,112,26,10,4,4,0
389,10,132,10,67,3,5,1
110,38,77,19,33,1,1,1
174,37,139,20,53,8,3,1
295,15,126,15,51,3,0,1
169,23,51,10,83,5,4,1
186,23,65,6,34,8,2,1
244,15,3,4,35,1,4,1
88,24,27,1,37,4,5,1
491,19,112,12,44,7,2,1
17,8,128,16,85,10,2,1
341,26,15,9,49,10,4,1
279,14,96,13,49,1,4,1
416,34,3,10,54,1,1,1
87,20,18,27,30,5,4,1
434,18,11,23,74,1,1,0
232,6,9,9,53,3,2,0
360,24,37,8,8,6,4,1
182,12,75,6,16,7,5,1
260,14,20,27,78,2,3,1
326,32,140,30,73,9,1,1
195,23,68,19,83,3,1,1
175,28,107,19,33,9,0,1
125,15,6,27,53,5,2,1
90,16,77,6,91,6,2,1
273,31,16,1,10,3,1,1
406,35,65,1,73,10,3,1
328,11,95,13,50,1,0,1
313,3,62,16,73,9,4,1
424,40,85,4,26,7,0,1
144,16,85,14,18,1,2,1
368,30,63,11,59,9,4,1
258,13,40,29,57,1,1,1
103,15,37,3,100,2,4,1
345,10,125,20,88,8,1,1
205,15,34,11,84,1,3,1
479,38,128,7,58,5,2,1
182,37,64,16,84,9,4,1
195,31,21,26,75,4,5,1
480,13,124,17,31,8,3,1
49,20,135,11,100,2,1,1
22,21,24,29,1,8,5,1
387,1,3,10,67,9,5,1
12,29,23,22,10,4,5,1
351,10,13,4,17,3,5,1
444,24,117,23,88,7,1,1
143,26,64,14,16,7,5,1
396,29,60,17,67,3,5,1
41,28,113,7,43,7,2,1
439,9,74,20,48,8,4,1
110,40,134,7,60,8,5,1
118,5,108,20,61,3,0,1
137,11,101,15,75,4,0,1
145,15,54,6,81,3,4,1
445,28,150,3,57,3,1,1
335,23,104,6,4,10,3,1
354,36,13,7,59,5,5,1
497,17,67,26,54,1,4,1
414,16,70,12,46,7,0,1
270,38,123,14,65,3,2,1
311,27,136,20,30,10,1,1
23,9,2,12,2,7,5,1
64,21,47,8,90,6,0,1
38,39,60,7,98,9,3,1
163,14,55,23,12,7,0,1
456,32,65,28,56,1,5,1
154,40,95,24,82,8,0,1
385,24,131,14,15,7,2,1
191,8,44,3,9,5,5,1
462,20,140,14,43,10,1,0
86,8,122,6,11,6,3,1
382,38,80,10,34,4,3,1
417,27,69,4,94,6,1,1
241,14,105,18,17,1,2,1
357,18,46,8,35,4,4,0
49,25,143,29,23,7,4,1
434,14,105,4,64,6,5,1
19,37,104,2,76,1,2,1
473,15,110,26,48,4,5,1
125,36,46,15,84,5,3,1
378,34,101,10,81,9,3,1
253,21,38,19,59,1,0,1
301,7,107,30,50,5,0,1
138,33,8,28,1,1,3,1
442,8,128,9,96,7,5,1
466,7,122,19,79,5,0,1
135,38,36,26,1,7,1,1
465,28,32,14,17,6,2,1
85,23,74,7,73,9,5,1
241,22,124,19,10,5,5,1
307,30,121,28,71,2,2,1
199,25,108,27,75,7,2,1
126,28,92,18,64,5,2,1
94,26,26,8,78,3,3,1
390,33,107,17,38,10,0,1
261,12,78,15,87,8,0,1
15,12,94,16,32,8,0,1
182,5,53,7,33,6,2,1
181,22,23,4,23,2,3,1
14,26,65,8,94,8,3,1
48,19,66,2,4,5,5,1
138,30,74,19,75,8,3,1
217,28,3,14,66,6,4,1
450,37,112,29,6,2,5,1
175,21,149,22,96,2,5,0
159,15,47,12,21,1,2,1
217,25,73,1,18,2,3,1
147,11,131,29,36,10,4,1
228,15,115,15,26,8,3,1
309,6,17,20,79,7,3,1
496,6,6,5,99,5,2,1
189,21,86,30,19,8,5,1
465,28,106,22,97,6,5,0
26,13,136,26,75,2,4,1
102,27,107,8,78,8,2,0
146,32,40,3,50,2,0,0
15,35,113,29,71,5,1,1
384,6,5,2,4,3,4,1
215,28,140,14,13,2,2,1
403,3,38,25,3,9,4,1
15,27,38,22,61,8,1,1
126,4,140,6,47,4,4,1
368,40,120,5,18,3,1,1
119,14,7,26,79,7,1,1
59,34,8,9,98,1,5,1
60,39,55,17,58,1,4,1
125,5,93,29,99,3,4,1
28,6,146,1,55,5,4,1
451,21,136,7,2,1,3,1
493,25,26,6,36,4,0,1
68,22,149,21,23,2,4,1
477,38,82,10,21,4,3,0
176,13,59,18,25,5,4,1
466,40,131,13,22,4,0,1
412,26,3,29,40,3,4,1
442,17,13,23,64,8,5,1
414,33,50,13,69,3,4,1
335,10,16,5,82,1,0,0
56,11,42,26,58,3,3,1
111,14,120,29,90,9,4,1
117,23,118,25,68,10,4,1
96,29,1,27,2,2,1,0
297,21,146,24,42,5,0,1
60,13,81,8,87,5,0,1
134,16,87,25,74,2,2,0
64,13,44,18,94,7,3,1
346,9,33,25,92,5,2,1
221,1,70,28,9,5,3,1
438,1,119,20,50,9,5,1
356,31,98,5,77,1,4,1
346,38,52,25,73,5,1,1
200,11,52,23,54,9,5,1
271,30,75,26,42,5,3,0
130,39,82,4,14,8,3,1
285,13,81,3,82,6,1,1
21,23,80,27,41,10,2,1
190,14,148,30,95,8,3,1
305,35,112,4,86,3,5,0
416,28,102,18,71,2,0,1
197,19,143,8,68,8,1,0
151,19,60,12,18,8,1,1
424,17,41,20,80,1,4,1
490,21,60,30,49,10,2,1
191,16,138,29,82,5,2,1
448,11,120,1,81,1,1,1
465,39,30,24,52,5,5,1
308,26,29,15,22,1,1,1
208,1,87,18,80,5,3,1
81,7,145,28,20,8,0,1
374,7,69,19,99,6,5,1
385,34,83,21,69,7,3,1
299,17,66,17,10,2,3,1
463,20,68,12,26,2,0,1
205,5,142,19,88,6,4,1
299,22,111,11,64,4,1,1
152,29,115,5,46,4,3,1
143,6,115,19,19,9,0,1
186,40,8,29,49,5,2,1
62,17,113,2,18,10,5,1
369,22,90,19,71,2,0,1
165,39,66,15,18,9,4,1
286,38,71,30,14,1,3,1
227,12,65,30,45,3,5,1
329,23,98,21,21,4,5,1
143,13,5,1,50,10,4,1
71,35,60,20,35,3,3,1
305,8,48,10,17,8,0,1
320,21,80,6,38,9,3,1
491,29,123,11,76,4,0,1
314,1,67,1,34,9,4,1
481,13,111,22,87,7,3,1
214,30,71,28,82,1,0,1
487,10,12,26,86,7,5,1
430,16,89,22,1,7,3,1
59,40,112,25,16,3,3,1
54,16,73,5,99,1,1,1
369,40,105,28,83,10,2,1
224,32,12,18,89,3,1,1
399,3,64,1,26,4,0,1
17,21,3,8,38,3,1,0
427,27,73,28,99,10,4,1
152,13,139,19,76,4,3,1
415,10,89,22,63,3,4,1
189,34,71,22,64,3,4,1
450,14,50,11,18,3,5,1
496,15,28,3,82,10,5,1
271,28,84,8,99,7,4,1
364,25,146,20,71,6,1,1
493,20,46,8,7,9,2,1
430,17,98,17,68,9,1,1
96,25,79,13,35,7,2,1
239,3,119,27,36,4,5,1
289,10,42,14,20,4,4,1
141,38,51,23,46,1,3,1
127,8,83,26,38,6,1,1
252,17,79,14,33,10,0,1
411,23,150,21,38,8,5,1
169,12,77,3,61,5,3,1
356,11,100,10,36,2,4,1
134,27,111,16,80,8,2,1
429,40,5,3,98,7,4,0
306,12,62,24,62,10,1,1
254,9,3,14,14,6,1,1
462,34,64,7,11,3,4,1
380,9,75,16,100,7,1,1
462,39,116,22,77,3,5,1
135,14,46,10,80,3,1,1
437,29,67,7,39,3,2,1
386,39,129,9,10,5,4,1
465,16,14,27,76,8,0,1
262,12,98,7,32,8,4,1
84,17,37,18,41,9,4,1
272,32,42,24,15,10,1,1
274,18,115,15,10,4,5,1
470,31,40,10,56,1,2,1
110,10,56,24,76,10,5,1
116,5,136,24,85,7,2,1
321,12,32,3,82,1,5,1
90,39,82,4,38,6,1,1
224,37,19,3,92,10,3,1
442,40,100,6,7,8,3,0
165,37,83,21,45,6,1,1
60,17,114,7,20,10,2,1
289,26,150,4,95,2,5,1
453,37,35,22,72,7,5,0
407,33,85,8,67,4,4,1
232,22,68,24,93,3,2,1
220,8,8,9,49,3,2,1
281,40,7,24,90,7,1,1
106,19,140,29,4,2,0,1
74,35,125,5,27,9,2,1
433,23,62,26,68,1,4,1
177,19,124,26,10,8,5,1
46,1,108,23,64,1,4,1
431,34,50,7,10,3,3,1
381,7,70,21,56,7,2,1
452,8,119,8,88,10,0,1
234,9,146,5,55,6,0,1
442,15,36,18,85,6,1,1
473,8,108,29,29,2,3,1
120,1,44,4,65,10,3,1
472,19,31,4,78,5,3,1
410,39,148,16,87,2,3,1
18,28,18,23,30,4,5,1
471,20,40,1,14,4,0,1
303,2,13,2,100,2,4,1
466,27,6,22,20,9,0,1
428,35,104,12,24,3,2,1
489,9,26,17,12,8,1,1
18,17,10,26,63,1,2,1
94,5,53,26,57,3,1,1
355,6,68,28,4,8,4,1
249,33,19,3,50,7,5,1
437,19,98,21,10,5,5,1
227,9,134,21,97,8,4,1
358,35,62,12,52,2,5,0
245,19,113,25,56,3,5,0
472,30,133,9,92,9,0,1
244,9,76,3,92,3,0,1
419,35,78,26,59,7,1,1
322,19,69,26,48,7,1,1
425,15,10,24,3,8,0,1
57,1,23,7,59,2,4,1
40,39,26,16,54,4,4,1
46,15,19,21,44,7,1,1
239,24,93,7,65,2,5,1
445,40,115,30,30,5,1,1
463,12,99,11,58,7,5,1
392,18,110,26,55,10,0,0
179,2,12,2,40,10,3,1
485,40,17,13,96,4,2,1
391,39,143,7,81,10,0,1
324,13,40,16,4,6,0,1
310,35,60,16,35,5,0,1
172,36,61,20,75,7,4,1
97,8,112,7,23,2,1,1
68,33,119,1,22,9,0,1
402,28,33,21,30,7,1,1
160,35,33,18,39,1,4,0
466,2,96,15,7,9,3,1
205,34,67,26,20,5,0,1
30,20,25,27,3,5,3,1
481,8,92,24,26,5,5,1
246,4,66,26,82,1,5,1
106,15,3,14,68,3,2,0
205,7,23,15,97,4,3,1
275,15,140,30,43,2,5,1
147,6,52,29,98,6,3,1
185,34,22,9,76,9,1,1
161,4,100,10,1,3,5,1
101,7,84,14,5,1,3,1
406,8,22,22,68,10,0,1
204,32,31,28,33,9,1,1
264,11,116,10,6,4,3,1
413,15,59,26,85,7,1,1
372,35,106,13,89,1,3,1
423,14,147,26,99,7,2,1
80,32,38,26,58,5,2,1
433,20,56,30,14,7,1,0
292,10,130,6,59,1,2,1
256,31,58,29,57,7,4,1
29,16,89,16,61,4,4,1
66,24,126,15,95,6,4,0
110,18,64,14,97,6,2,1
428,13,117,11,45,4,5,1
10,37,1,28,67,2,1,0
67,13,30,8,66,9,3,1
486,15,91,5,86,10,5,1
473,25,2,9,48,2,5,1
449,14,112,12,93,4,5,1
404,18,150,17,52,10,4,1
241,7,105,4,60,9,0,1
58,7,33,19,78,4,3,1
47,9,53,9,45,5,3,1
255,33,36,23,62,4,4,1
77,22,131,28,99,10,0,1
27,22,71,5,69,5,5,1
333,5,13,21,37,3,3,1
181,4,91,27,64,6,3,1
230,18,17,29,20,6,5,1
122,9,63,16,87,6,0,1
402,6,56,21,46,6,5,1
197,9,15,24,94,5,2,1
125,14,20,29,32,9,0,1
401,29,65,12,20,6,1,1
188,25,49,22,56,6,3,1
14,33,114,12,45,5,3,1
168,24,115,12,93,3,3,1
465,6,8,12,30,9,4,1
106,32,149,28,42,9,2,1
345,14,135,24,2,2,0,1
32,5,100,27,24,9,0,1
496,2,55,3,56,3,0,1
170,37,43,10,20,3,3,1
286,2,1,10,15,3,2,1
160,36,60,28,98,8,1,1
56,22,34,2,12,10,1,1
373,18,65,27,10,1,4,1
398,11,150,6,60,4,2,1
84,23,5,13,58,5,1,1
307,32,89,20,71,7,1,1
97,13,53,19,22,8,5,1
427,15,18,11,19,10,0,1
261,29,148,13,3,9,5,1
372,26,56,3,15,9,0,1
80,40,14,15,76,1,3,1
481,38,55,25,100,8,2,1
231,16,104,2,98,9,2,1
415,35,88,13,74,9,2,1
117,34,97,22,31,3,1,1
370,15,75,24,82,6,1,1
347,17,122,22,21,3,2,1
45,40,125,14,51,6,5,1
213,18,137,13,15,7,0,1
245,39,80,30,62,9,5,1
368,23,45,8,93,2,5,1
267,34,12,27,84,9,0,1
147,23,32,7,45,7,4,1
486,20,62,20,8,6,5,1
168,40,95,30,97,7,0,1
494,33,77,16,9,6,5,1
198,12,118,17,39,1,3,1
206,2,5,30,14,2,5,1
314,31,139,13,56,9,4,1
435,19,48,12,6,9,4,1
268,13,12,16,50,1,3,1
221,26,44,20,12,2,5,1
267,19,97,6,60,8,5,1
319,39,19,22,49,8,0,1
25,10,80,10,76,4,2,1
164,11,49,9,93,1,1,1
144,13,146,8,48,5,2,1
190,36,84,3,18,5,1,0
150,4,10,25,35,6,4,1
441,9,71,7,20,7,5,1
298,38,11,6,57,4,3,1
211,4,48,13,15,5,5,1
142,40,111,18,73,1,0,1
227,39,25,14,97,5,3,1
146,39,45,24,19,8,4,1
426,31,40,14,39,10,4,1
176,17,35,8,96,1,1,1
337,18,132,6,89,5,4,1
307,5,148,9,72,10,1,1
451,21,53,28,3,5,4,1
244,11,120,21,89,5,4,1
239,32,135,13,97,8,5,1
335,29,27,7,13,9,2,1
335,12,126,10,8,1,3,1
101,6,127,21,96,7,5,1
455,27,76,4,72,7,4,1
68,32,107,17,43,2,5,1
437,14,23,27,94,3,2,1
420,35,83,14,53,4,2,1
334,14,29,27,80,9,1,0
228,14,16,22,99,1,2,1
263,15,66,8,89,5,3,1
197,26,114,8,59,2,1,1
428,22,9,26,78,4,4,1
80,12,18,22,6,10,5,1
109,10,47,14,90,3,3,1
206,37,45,5,77,10,4,1
344,9,120,3,95,7,3,1
495,11,133,16,72,9,4,1
210,27,109,15,55,9,1,1
192,37,32,15,39,6,0,1
479,34,79,10,66,3,2,1
361,31,63,6,69,3,0,1
141,27,118,27,98,2,0,1
486,32,77,11,22,4,3,1
150,23,35,8,24,3,5,1
144,36,146,9,50,4,2,1
128,12,43,10,38,2,3,1
333,32,1,28,51,6,4,1
262,10,54,19,52,2,0,1
82,27,25,7,1,10,2,1
82,35,64,27,37,1,1,1
63,12,72,20,96,2,0,1
333,31,54,10,68,5,5,1
364,11,67,29,88,4,5,1
298,32,58,17,29,7,5,1
422,1,39,6,61,10,1,1
90,36,46,4,93,10,4,1
438,35,37,10,30,5,5,1
483,22,115,2,45,5,2,1
115,9,148,17,9,4,2,1
281,29,18,21,43,10,3,1
214,19,106,9,4,7,1,1
12,18,121,5,32,7,1,1
382,30,122,3,35,6,3,1
364,28,2,16,96,10,0,1
243,6,91,9,81,10,1,1
12,37,70,15,46,9,2,1
353,35,76,30,1,2,1,1
279,6,90,12,13,10,1,1
373,12,75,4,68,6,4,1
192,6,92,19,64,6,0,1
392,18,75,2,47,1,4,1
383,31,120,9,87,4,0,1
237,14,147,30,6,9,0,1
438,17,26,23,79,2,2,0
318,31,50,8,63,10,1,1
383,24,149,4,26,5,1,1
386,8,64,17,73,9,3,1
178,28,145,17,60,1,3,1
253,28,111,3,74,6,4,1
230,22,37,26,29,7,4,1
246,37,31,8,37,5,5,1
405,40,11,18,55,10,5,1
42,14,100,6,13,7,5,1
311,28,50,28,5,10,5,1
118,39,121,25,4,2,2,1
343,7,104,26,72,3,5,1
234,18,20,29,17,5,4,1
204,14,89,16,84,5,0,1
190,8,92,3,50,8,2,1
375,34,24,17,3,5,1,1
487,4,56,16,6,7,3,0
305,12,93,11,97,7,2,1
174,18,119,4,46,1,0,0
423,38,19,15,80,3,3,1
423,14,6,14,73,8,1,1
155,28,95,6,98,10,5,1
98,32,127,7,7,5,2,1
459,34,121,12,99,5,1,1
118,8,126,5,8,5,1,1
49,22,99,25,89,7,1,1
383,34,2,25,82,5,3,1
356,26,27,18,50,1,4,1
202,3,91,11,77,1,3,1
452,25,150,21,69,1,5,1
428,17,80,12,7,7,2,1
496,3,54,4,75,6,5,1
306,33,28,19,13,5,2,1
10,2,12,7,89,8,0,1
384,28,8,17,13,9,4,1
250,20,124,4,96,10,1,1
244,6,21,23,4,5,0,1
40,6,60,7,96,5,1,1
433,16,144,13,33,5,4,1
311,4,34,18,43,8,3,1
392,34,73,22,33,10,4,1
75,21,140,1,99,7,3,1
437,15,28,29,72,1,5,1
108,35,123,26,8,3,3,1
94,14,85,10,19,4,5,1
297,4,98,29,59,3,5,0
53,3,74,24,46,2,0,1
399,18,44,5,15,1,3,1
295,30,104,19,67,7,5,1
234,13,119,24,46,6,0,1
39,33,121,27,92,6,1,1
259,35,28,7,82,6,5,1
303,1,98,10,17,7,3,1
380,14,49,15,83,6,3,1
252,26,24,6,78,2,2,1
321,34,69,19,77,4,3,1
410,11,94,15,14,1,2,1
463,11,128,11,69,9,5,1
271,7,98,21,5,7,5,0
477,20,5,2,82,3,0,1
14,5,7,13,5,3,1,0
424,21,107,27,74,1,3,1
303,39,113,28,41,3,1,0
88,14,109,5,5,4,2,1
330,35,62,2,97,9,2,1
23,13,11,6,86,4,4,1
234,20,101,14,48,1,2,1
369,40,88,24,69,2,3,1
381,36,1,16,3,9,3,1
351,38,145,28,86,7,2,1
302,1,142,11,39,3,3,1
408,26,57,14,44,4,2,1
462,13,61,10,19,1,4,1
385,20,149,1,84,4,2,1
154,30,92,16,62,3,0,1
250,20,86,14,87,7,1,1
72,10,144,16,51,3,0,1
144,36,1,24,37,8,5,0
452,6,9,22,34,10,1,1
415,26,47,27,3,4,0,1
319,38,24,24,92,6,3,0
279,19,106,9,52,8,0,1
417,1,66,28,19,6,2,1
17,17,77,23,39,3,4,1
426,26,128,17,71,8,2,1
73,25,78,17,5,3,5,1
271,38,60,24,12,1,5,1
333,36,101,11,80,1,3,1
49,19,8,2,46,10,5,1
74,31,36,23,17,4,5,1
386,19,30,23,77,10,5,0
252,10,10,28,16,6,2,1
91,13,40,8,15,4,0,1
470,18,20,22,91,1,5,1
354,22,101,6,53,1,1,1
118,3,107,14,86,7,0,1
247,11,40,13,63,1,4,1
448,18,59,19,68,5,3,1
139,31,144,7,92,9,1,1
350,2,70,5,29,2,5,1
125,22,85,17,45,7,5,1
467,15,73,10,21,7,3,1
392,39,5,29,79,10,5,0
363,10,136,28,83,9,4,1
290,12,72,28,97,1,4,1
129,38,14,5,61,8,1,1
295,18,19,27,96,4,1,0
163,34,74,15,5,8,1,1
334,7,109,24,24,2,5,0
399,32,13,11,28,7,5,1
496,21,112,12,29,2,3,1
404,38,75,20,10,3,3,1
140,1,38,8,66,7,3,1
358,17,77,30,51,10,4,1
268,14,77,24,25,9,5,1
327,39,118,30,4,6,2,1
427,15,94,7,82,4,2,1
202,15,35,7,95,6,0,1
325,16,126,9,77,2,4,1
285,29,67,20,22,2,4,1
226,21,43,23,12,5,0,1
254,9,79,28,12,8,0,1
255,37,86,20,79,1,2,1
276,20,149,30,100,5,5,1
475,7,89,11,26,3,0,0
133,20,39,17,91,4,1,1
103,20,125,4,30,5,5,1
227,11,35,25,64,5,2,1
117,15,150,11,62,2,1,1
224,31,51,24,73,7,4,1
493,10,21,16,95,3,0,0
385,5,61,8,27,3,0,0
13,31,133,9,34,1,0,1
167,15,97,11,53,3,3,1
65,19,25,25,13,4,0,0
154,8,146,20,57,1,5,1
189,35,99,14,49,5,5,1
48,31,147,13,20,3,2,1
420,32,146,11,4,4,1,1
240,11,10,26,36,5,0,1
93,13,24,9,18,8,5,1
222,12,103,25,57,8,3,1
257,26,74,23,43,6,1,1
359,15,4,15,72,5,1,1
313,25,77,19,89,7,1,1
430,20,46,24,76,6,0,1
359,16,46,4,27,6,3,1
214,8,146,15,92,2,1,1
161,31,28,9,69,6,5,0
418,1,101,10,9,8,1,1
477,1,116,18,77,2,3,1
57,26,128,7,35,7,4,1
254,2,136,11,59,6,3,1
224,33,3,19,89,6,1,1
59,3,118,24,8,1,3,1
149,10,24,8,28,6,3,1
96,10,35,7,20,1,2,1
199,20,42,1,97,8,2,1
460,19,39,16,64,6,2,1
226,17,107,6,41,8,0,1
138,3,149,30,11,4,5,1
261,21,105,28,78,5,5,1
450,27,38,29,25,10,1,1
403,8,43,17,18,3,1,1
323,13,50,2,56,10,4,1
149,7,111,17,28,4,0,1
48,7,12,16,38,4,1,0
380,29,4,26,10,9,5,1
351,1,47,21,82,4,0,1
389,36,83,16,98,7,4,1
227,27,21,18,10,6,5,1
400,3,102,9,37,8,4,1
169,25,126,10,63,3,2,1
409,14,66,1,29,2,2,1
267,9,53,20,61,4,0,0
10,33,118,28,75,7,1,1
245,4,85,16,54,7,5,1
473,27,34,1,28,4,0,1
422,25,105,2,53,7,4,1
38,1,51,13,10,8,4,1
41,36,10,9,28,4,2,1
118,5,6,15,60,9,0,1
354,12,36,10,26,3,2,1
168,34,9,5,53,7,5,1
187,15,24,28,85,9,5,1
245,23,91,20,48,9,0,1
480,11,70,15,44,8,0,1
286,5,48,19,34,5,1,1
107,30,102,10,14,7,1,1
214,19,109,23,90,6,4,1
326,8,105,10,95,3,5,1
294,36,74,12,1,6,1,1
66,6,2,12,68,8,1,1
496,37,55,1,15,3,4,1
278,1,132,21,50,6,5,1
187,32,65,18,27,4,5,1
67,25,28,1,64,7,1,1
136,34,117,15,63,9,2,0
330,6,42,5,46,8,2,1
121,23,21,30,93,4,3,1
285,9,15,7,100,7,3,1
42,34,30,11,46,1,4,1
102,12,3,15,2,4,5,1
51,26,25,22,55,9,0,1
481,4,111,18,7,4,4,1
234,38,65,8,88,6,5,1
413,35,98,18,3,7,4,1
234,25,72,27,11,1,2,1
373,25,42,8,56,1,5,1
186,24,114,23,99,2,5,1
206,11,120,25,70,1,5,1
290,40,89,6,9,10,2,1
238,34,52,13,20,6,5,1
377,40,59,2,74,1,1,1
327,38,29,10,13,6,1,1
479,14,59,29,51,8,0,1
23,13,36,15,58,4,4,1
17,23,110,12,31,1,0,1
465,10,15,23,5,10,5,1
344,1,52,18,34,9,5,1
170,37,54,17,29,7,3,0
158,29,137,16,75,3,3,1
481,27,81,16,30,3,1,1
87,6,26,5,45,9,2,1
146,21,88,9,2,1,0,1
374,7,77,15,53,4,1,1
427,12,17,2,53,9,5,1
269,25,49,18,38,3,4,0
351,22,76,3,97,2,3,1
167,25,77,25,12,5,4,1
300,15,28,24,36,4,2,1
197,25,47,21,41,1,1,1
328,23,28,8,48,5,0,1
145,9,80,13,48,10,3,1
460,24,8,20,39,10,1,1
235,4,85,27,75,1,4,1
128,32,57,2,18,10,0,0
289,11,85,14,84,3,2,1
384,13,116,6,12,6,0,1
357,3,119,27,56,3,1,1
228,20,58,15,16,3,1,1
184,24,108,4,55,2,0,1
220,19,148,4,42,8,5,1
329,13,31,28,97,10,5,1
243,13,10,3,74,4,1,0
107,1,46,17,7,8,5,1
443,18,16,27,77,6,2,1
356,26,94,5,55,3,3,1
495,39,110,10,27,10,1,1
120,8,6,20,56,9,4,1
183,2,148,24,71,9,5,1
309,8,85,18,82,9,1,0
391,9,73,10,34,6,0,1
398,37,57,24,72,4,3,1
86,31,81,23,38,4,5,1
25,12,57,14,57,8,4,1
270,5,116,2,80,6,4,1
416,5,64,12,78,1,0,1
78,2,14,25,86,6,3,1
449,40,75,11,95,7,4,1
17,32,12,18,42,1,0,0
197,1,30,26,82,7,0,1
61,2,83,13,62,8,0,1
361,36,100,2,43,5,5,1
38,6,7,26,59,10,4,1
335,8,25,10,2,4,2,1
16,6,47,4,43,4,5,1
171,17,113,5,33,5,0,1
214,24,43,23,86,6,1,1
383,22,84,12,25,1,4,1
454,4,71,6,92,7,3,1
451,23,19,21,79,4,1,0
92,28,127,15,46,10,4,1
258,6,79,22,22,10,3,1
148,9,69,2,59,8,2,1
93,13,91,25,79,9,1,1
77,23,12,26,93,4,4,1
161,26,105,18,80,8,5,1
62,22,27,22,36,2,5,1
474,2,144,24,92,6,2,1
91,8,21,23,3,4,0,1
176,25,134,18,8,5,1,1
178,24,44,22,26,10,1,1
193,22,70,2,73,1,1,1
227,12,145,15,26,10,5,1
440,37,20,14,13,9,0,1
182,15,57,11,13,9,2,1
145,12,13,16,76,4,4,1
234,7,88,7,13,2,0,1
11,24,61,28,74,7,0,1
178,32,135,24,56,9,2,1
343,35,138,8,52,7,1,1
453,37,26,17,97,2,4,1
431,2,46,5,69,6,4,1
465,10,62,21,95,1,1,0
438,29,130,5,91,7,2,1
438,7,53,18,40,7,3,1
353,22,106,11,63,9,2,1
403,6,2,14,62,6,0,1
223,19,32,6,7,3,1,1
10,25,140,1,80,6,5,1
375,23,93,2,48,10,0,1
431,34,7,9,91,3,1,1
475,9,48,30,15,4,0,1
196,38,140,27,12,8,4,1
336,13,21,18,98,4,3,1
31,9,75,8,78,3,0,1
483,26,35,15,4,3,1,1
156,15,94,7,69,4,1,1
223,36,82,29,90,4,1,1
130,23,129,12,71,2,4,1
89,40,48,6,100,8,2,1
109,28,116,25,88,6,2,1
314,22,4,16,18,10,1,1
95,39,65,28,37,6,1,1
325,33,40,13,82,4,4,1
135,17,104,3,95,6,3,1
385,22,107,25,70,8,3,1
148,3,122,17,18,7,4,1
450,9,148,12,15,3,2,1
249,34,1,24,25,1,1,1
16,37,17,13,73,5,3,1
74,30,30,15,93,5,5,1
204,4,11,11,21,8,1,1
242,27,70,11,30,4,5,1
89,30,85,28,46,2,2,1
338,17,12,18,77,2,1,1
172,36,88,1,7,4,3,1
398,15,11,9,23,6,4,1
327,20,101,15,34,1,1,1
42,23,92,21,19,1,3,1
446,4,55,3,79,4,2,1
366,2,117,28,91,6,1,1
222,3,109,7,84,7,1,1
236,40,100,11,94,1,2,1
234,14,131,12,30,8,4,1
167,12,36,23,37,7,4,1
195,24,131,28,65,3,0,1
183,9,98,7,19,7,0,1
269,13,26,25,79,4,1,1
46,22,142,20,44,5,2,1
405,40,48,1,56,10,5,1
495,30,96,8,4,3,4,1
206,26,11,24,36,9,4,1
160,22,133,30,17,6,5,1
178,40,21,3,29,1,5,1
199,17,39,28,32,5,1,1
310,37,47,18,52,10,3,1
352,22,104,6,37,4,2,1
430,12,85,6,87,9,0,1
283,15,113,19,61,4,1,1
111,16,135,17,32,10,1,1
254,1,28,7,71,6,5,1
131,6,107,16,30,6,0,1
495,3,103,16,96,9,1,1
290,10,103,17,55,8,4,1
195,32,125,21,64,5,5,1
410,33,36,17,64,1,4,1
300,14,58,23,94,5,4,1
147,32,144,9,11,5,1,1
131,4,20,5,40,9,1,1
403,8,60,4,2,9,3,1
352,2,45,12,48,6,1,1
216,7,114,8,9,1,0,1
172,24,27,14,65,6,4,1
302,37,108,19,95,1,2,1
190,22,145,7,14,5,2,1
109,15,73,23,71,10,0,1
305,40,90,12,13,2,5,1
460,8,111,21,68,9,2,1
319,31,46,11,40,5,5,1
370,40,61,12,92,6,4,1
96,33,121,11,30,8,1,1
102,26,51,30,22,10,3,1
460,39,53,17,29,2,4,1
214,18,122,24,37,6,0,1
372,38,50,28,56,3,5,1
92,4,117,26,47,8,5,1
339,17,124,16,73,9,2,0
32,1,21,7,45,5,5,1
27,22,37,1,52,3,0,1
149,17,46,12,33,4,2,0
493,27,64,13,76,2,2,1
298,9,67,28,7,2,5,1
360,16,98,8,91,7,0,0
477,11,82,10,88,2,2,1
49,5,18,4,71,8,3,1
57,13,55,1,58,7,0,1
17,33,149,10,27,4,2,1
58,8,2,4,16,2,1,0
123,36,89,30,77,10,2,1
70,15,117,25,88,4,2,1
152,9,111,12,68,2,3,1
322,22,140,5,49,7,5,1
158,26,146,23,74,5,2,1
444,28,141,24,17,10,0,1
261,1,53,30,30,7,5,1
66,8,40,21,80,10,4,1
27,25,71,25,70,3,3,1
95,29,147,25,70,2,4,1
318,17,94,22,58,2,4,1
105,32,60,26,72,1,4,1
366,33,142,16,59,5,4,1
149,38,66,27,72,4,1,1
327,30,42,29,27,1,0,1
352,23,66,26,47,4,5,1
194,9,1,14,19,9,0,1
287,8,88,8,55,6,2,1
458,35,13,29,80,7,2,1
337,30,4,3,77,4,3,1
215,4,49,12,79,5,5,1
63,27,53,16,89,10,3,1
272,37,92,29,46,8,2,1
362,23,41,19,80,8,4,1
79,40,27,12,26,1,3,1
68,13,52,2,16,10,0,1
275,40,53,14,57,8,0,1
75,21,4,27,12,5,0,1
267,31,8,3,46,9,5,1
491,26,15,15,87,10,4,1
485,2,103,28,33,8,0,1
246,28,43,29,68,6,2,1
178,5,10,5,83,3,4,1
326,18,115,9,12,4,2,1
340,34,50,6,49,8,5,1
180,14,98,3,21,2,0,1
54,30,133,10,44,9,1,1
224,1,46,16,12,4,5,1
267,19,37,5,66,8,0,1
107,40,10,19,87,8,4,0
97,13,91,14,35,8,4,1
474,25,122,8,95,9,5,1
402,37,82,16,57,10,0,1
443,28,139,17,62,10,5,1
402,2,7,13,46,8,4,1
345,32,54,30,61,6,1,1
189,40,148,28,36,4,3,1
97,23,46,17,19,3,4,1
415,39,24,17,57,10,2,1
229,7,27,20,58,3,0,1
191,13,114,20,58,1,3,1
394,30,81,4,58,3,0,1
497,34,58,11,16,1,1,1
342,13,109,9,27,9,0,1
50,10,21,17,51,6,3,1
112,39,67,22,59,3,4,1
389,39,145,8,10,8,0,1
156,31,47,3,21,7,0,1
265,31,78,2,36,1,2,1
424,10,70,11,33,3,1,1
475,25,5,11,68,10,4,1
54,24,18,7,50,3,2,1
427,31,76,2,22,10,1,1
144,31,26,6,76,1,5,1
20,1,82,17,46,2,5,1
249,29,30,6,2,1,1,1
98,40,75,2,28,4,3,1
43,34,5,23,59,9,1,1
407,26,129,22,100,4,0,1
44,7,68,7,94,4,2,1
62,14,141,1,91,8,0,1
285,27,36,30,40,6,3,1
401,38,142,13,25,9,0,1
13,25,49,17,36,8,3,1
374,19,147,11,90,5,3,1
336,16,115,28,21,2,3,1
478,23,58,15,22,8,5,1
356,32,19,22,66,2,3,1
285,34,69,9,76,8,2,1
15,7,8,11,62,3,4,1
334,30,136,22,62,2,0,1
69,9,109,25,88,6,1,1
112,19,141,19,62,6,3,1
308,13,149,10,96,10,0,1
446,26,117,11,14,7,5,1
355,23,74,7,53,2,3,1
224,37,114,27,43,5,5,1
315,25,17,27,5,5,5,1
295,33,112,20,11,3,1,1
207,14,6,14,83,6,2,1
496,16,35,21,84,1,4,1
43,7,145,24,92,6,0,1
290,38,90,12,60,10,2,1
238,8,85,5,78,3,2,1
66,8,15,21,30,4,0,1
412,37,76,30,93,1,2,1
167,27,45,7,70,10,0,1
82,8,24,21,44,1,4,0
10,28,58,6,42,2,5,1
15,26,87,21,25,2,1,1
37,13,92,9,30,5,5,1
234,9,148,4,38,9,0,1
186,22,37,4,56,8,5,1
331,5,62,15,46,8,1,1
347,19,80,12,47,4,2,1
253,25,41,11,53,3,5,1
319,30,98,29,17,2,2,1
240,17,36,10,10,7,5,1
245,28,25,10,50,6,2,1
257,8,51,8,43,8,5,1
360,13,53,14,99,7,2,1
33,8,104,22,78,6,2,1
109,16,7,21,89,1,0,0
30,40,40,28,34,10,3,1
428,6,54,16,92,7,2,1
116,23,23,19,29,9,0,1
379,8,75,8,47,8,0,1
342,28,101,20,98,6,3,0
128,18,109,3,9,7,4,1
114,24,11,21,31,9,3,1
479,12,55,27,43,10,3,1
130,10,51,6,10,8,2,1
364,22,32,9,13,10,3,1
171,1,105,12,73,8,5,1
447,34,120,11,73,7,0,1
95,15,13,8,31,8,3,1
108,33,38,29,13,8,3,1
371,20,50,4,43,7,0,1
66,13,97,1,12,5,0,0
172,20,51,27,59,8,5,1
255,24,133,6,73,5,0,1
71,16,117,5,69,5,4,1
364,23,42,6,83,3,2,1
28,20,108,22,61,7,4,1
161,24,89,21,86,10,5,1
416,40,137,27,38,4,4,1
16,8,37,3,68,4,0,0
54,17,20,8,58,2,0,1
328,40,87,11,5,5,1,1
419,17,48,10,64,1,3,1
299,32,69,25,36,1,2,1
258,27,26,25,73,6,3,1
52,23,150,11,21,3,2,1
106,14,105,14,96,2,0,1
476,23,14,21,48,9,1,1
426,23,20,19,23,8,1,1
247,32,77,22,66,8,2,1
111,6,50,2,50,9,4,1
176,7,89,24,11,3,3,1
427,1,126,23,86,1,2,1
417,35,112,13,46,5,1,1
309,24,17,28,92,6,1,1
287,9,134,11,11,2,3,1
254,4,121,5,59,6,5,1
77,10,96,24,51,8,2,1
186,32,32,1,41,8,3,1
412,39,40,7,71,9,1,1
400,36,9,17,69,5,5,1
201,14,65,15,34,7,1,1
343,34,75,21,77,10,5,1
393,29,114,4,48,7,3,1
43,10,14,21,94,9,0,1
62,8,67,20,57,9,3,1
153,7,18,2,9,1,2,1
78,30,48,27,77,1,0,1
374,26,132,2,81,6,2,1
399,2,76,1,65,6,5,1
60,22,56,28,95,9,0,1
489,28,47,21,54,8,4,1
377,7,16,22,40,5,3,1
374,27,79,30,82,5,0,1
289,32,117,23,11,10,3,1
325,30,118,4,75,6,4,1
261,23,104,1,69,8,3,1
215,3,112,9,98,9,2,1
421,37,80,6,77,2,2,1
282,8,39,22,10,7,3,1
161,35,44,9,81,1,3,1
64,28,48,16,22,9,4,0
265,40,52,10,91,3,0,1
497,23,27,28,9,3,1,1
51,24,102,10,82,2,5,1
97,35,35,25,2,8,2,1
13,34,3,4,34,7,0,1
58,19,116,3,44,8,1,1
256,7,61,15,90,9,4,1
103,17,27,4,89,10,5,1
432,37,134,2,1,2,3,1
16,31,100,15,57,2,4,0
372,25,130,7,41,6,0,1
270,37,146,4,92,6,0,1
387,30,105,8,10,6,4,1
232,9,62,18,56,4,1,1
74,19,118,16,62,8,2,1
491,9,145,14,49,8,2,1
362,33,117,4,82,2,2,1
56,28,78,23,16,5,3,1
488,21,127,17,97,10,2,1
460,32,108,30,61,9,3,1
103,35,81,28,91,4,1,1
302,23,114,14,25,5,5,1
152,31,131,26,56,10,5,1
104,25,19,9,64,7,5,1
91,7,76,29,71,6,5,1
37,28,116,6,14,7,2,1
310,35,21,14,53,3,0,1
64,17,19,1,23,7,3,1
402,7,29,27,89,1,4,1
342,28,62,19,16,9,4,1
262,1,132,16,9,2,5,1
403,40,145,8,95,4,2,1
280,15,64,12,97,3,5,1
26,35,138,6,13,4,5,1
441,1,63,29,68,6,5,1
270,2,147,17,39,8,0,1
267,38,79,26,49,10,1,1
272,7,65,10,56,6,2,1
337,19,67,15,17,1,3,1
350,20,4,3,43,2,3,0
443,14,138,30,87,1,1,1
341,24,124,6,77,5,0,1
174,7,14,21,79,8,0,1
300,1,47,10,87,3,2,0
258,33,51,5,88,6,0,1
104,30,7,25,38,2,5,1
78,28,103,8,86,10,1,1
290,28,9,1,18,5,5,1
53,5,11,1,34,4,3,0
325,22,77,9,5,2,4,1
23,37,112,28,39,5,4,1
252,7,75,11,66,10,5,1
239,4,77,1,26,1,3,1
204,35,87,17,83,6,0,1
287,14,2,13,13,3,3,1
143,13,101,18,7,9,5,1
332,1,60,1,64,6,0,1
153,21,136,17,34,3,1,1
432,7,93,18,91,9,2,1
481,23,130,11,23,8,1,1
491,1,138,5,75,3,4,1
307,27,97,27,77,5,1,1
68,29,122,11,66,9,1,1
363,33,117,12,76,2,2,1
486,11,111,30,2,10,0,1
224,29,132,3,40,1,3,1
314,36,103,26,38,4,0,1
87,10,51,16,68,10,4,1
415,38,123,14,55,1,2,1
465,18,29,25,48,5,1,1
482,30,117,25,61,8,5,1
132,40,138,2,95,6,5,1
306,3,64,11,8,2,0,1
137,32,30,12,43,6,3,1
313,5,89,30,4,7,0,1
465,13,84,27,90,2,5,1
183,6,100,26,23,10,2,1
94,6,49,21,46,9,4,1
341,11,115,9,2,5,4,1
463,17,129,12,88,2,5,1
249,22,106,22,36,6,3,1
282,37,110,14,58,3,4,1
383,32,106,23,12,8,5,1
306,35,22,19,49,8,1,1
173,9,78,11,23,2,5,1
79,6,31,1,73,7,3,1
24,9,128,9,13,8,3,1
172,17,14,13,40,4,1,1
433,22,83,5,6,3,3,1
356,27,129,11,20,9,5,1
347,25,51,3,25,2,1,1
467,32,8,19,6,2,5,1
67,28,23,15,71,1,1,1
324,16,59,27,99,6,3,1
39,38,69,12,95,3,3,1
489,23,105,1,57,10,0,1
266,1,26,22,20,3,0,0
335,21,46,18,86,9,1,1
230,19,37,19,11,8,1,1
123,35,134,9,38,10,4,1
217,36,44,23,20,8,5,1
337,11,3,22,6,2,2,1
169,16,23,10,99,3,2,1
228,15,124,17,9,1,4,1
269,34,126,7,45,8,3,1
335,11,132,4,70,2,3,1
119,15,69,16,97,6,3,1
276,5,18,9,40,6,1,0
346,29,121,16,23,6,2,1
204,31,140,27,49,9,3,1
88,36,85,9,52,4,3,1
246,18,112,21,71,9,1,1
275,23,31,16,49,10,3,1
37,14,45,4,29,7,5,0
204,20,25,9,75,9,1,1
23,14,10,9,76,8,4,1
215,29,69,4,24,4,4,1
105,8,75,13,23,2,5,1
223,4,1,2,45,1,1,0
147,5,100,12,73,10,1,1
395,1,33,2,62,1,0,1
258,24,47,11,3,7,3,1
318,37,102,29,22,3,5,1
123,35,53,4,12,10,1,1
175,33,91,7,20,9,1,0
427,37,68,27,78,10,3,1
66,30,61,8,55,10,0,1
142,1,90,17,87,3,2,1
284,33,97,19,14,8,2,1
23,11,67,12,58,9,2,1
76,23,67,21,14,2,5,1
296,18,143,22,75,4,2,1
15,2,89,28,43,3,0,1
84,21,23,17,75,1,0,0
398,29,54,24,94,4,2,1
440,4,120,12,32,2,3,1
248,26,120,22,92,5,3,0
157,8,100,28,53,10,5,1
250,16,136,7,40,7,1,1
183,6,100,24,23,8,3,1
415,3,4,30,33,8,5,1
173,6,99,11,59,5,3,1
393,26,35,29,68,6,3,1
145,3,140,25,99,8,4,1
251,12,124,6,70,9,0,1
243,31,57,18,62,7,1,1
464,27,24,21,52,9,1,1
384,21,4,2,21,6,2,1
462,2,108,14,67,1,3,1
280,18,22,30,84,4,2,1
425,18,89,8,69,2,2,1
87,17,33,13,6,1,0,0
133,1,7,16,51,8,3,1
392,34,135,23,19,7,1,1
324,2,148,23,22,4,5,1
486,15,17,30,3,4,0,1
432,19,23,15,37,7,2,1
291,3,53,10,54,9,0,1
471,31,6,9,57,5,2,1
73,28,74,7,55,8,4,1
200,27,45,8,33,4,2,1
144,30,128,27,15,1,1,1
47,17,12,18,15,9,2,1
110,24,64,30,25,9,5,1
360,35,149,7,77,8,4,1
122,20,39,9,73,10,1,1
333,11,42,5,3,4,2,1
149,18,13,7,98,10,2,1
140,32,28,11,28,5,1,1
106,25,13,5,7,5,4,1
95,35,51,25,71,1,2,1
76,2,71,20,52,1,5,1
363,9,114,14,82,6,1,1
469,38,117,20,3,3,2,1
355,7,13,28,23,10,5,1
200,6,81,30,29,5,5,1
232,2,131,25,46,4,2,1
437,31,48,10,86,5,4,1
478,4,110,12,29,6,1,1
35,31,133,3,20,6,2,1
130,17,56,25,31,3,0,1
91,38,90,26,59,10,2,1
169,35,115,4,2,8,0,1
141,30,71,24,72,1,2,1
198,7,56,16,74,1,2,1
113,25,65,22,55,1,3,1
190,31,4,25,33,4,5,1
303,2,65,12,60,1,0,1
173,22,14,23,37,4,4,1
204,5,53,29,44,2,1,1
231,23,116,7,10,3,2,0
115,39,111,2,27,1,2,1
465,3,89,14,6,6,1,1
286,23,133,4,23,5,0,1
364,13,84,7,67,10,1,1
27,34,43,21,70,3,1,1
158,22,57,14,29,3,1,0
315,21,103,30,29,3,2,1
367,10,67,24,12,4,2,1
232,31,60,27,15,1,2,1
83,37,115,23,98,6,3,1
314,31,141,18,92,3,5,1
123,36,148,1,20,9,2,1
337,36,65,29,48,5,5,1
152,29,23,19,72,2,2,1
267,26,94,3,61,9,4,1
203,36,130,4,64,1,0,1
320,3,35,25,29,1,3,0
216,33,140,23,13,10,5,1
202,21,68,26,26,9,5,1
139,20,143,1,93,5,2,1
325,18,21,1,72,3,0,1
52,40,50,11,13,6,1,1
258,15,119,1,42,3,1,0
235,16,75,21,23,3,3,0
342,22,74,21,57,2,5,1
352,9,96,22,43,4,2,1
466,7,13,16,7,8,5,1
151,15,55,26,83,10,4,1
136,9,75,26,57,10,1,1
485,35,104,13,59,10,1,1
195,27,112,8,38,8,2,1
305,7,139,1,72,9,2,1
498,36,102,21,86,3,2,1
371,16,114,22,63,2,3,1
310,36,146,22,27,9,5,1
493,7,5,9,95,7,0,1
237,38,111,11,87,5,3,1
311,9,57,17,64,9,0,1
106,31,29,27,94,8,3,1
234,19,119,24,29,6,1,1
345,8,41,3,47,9,3,0
237,32,5,28,25,8,4,1
368,30,58,28,6,4,5,1
254,19,130,25,62,4,5,0
461,28,6,30,56,6,0,1
432,14,23,22,15,8,1,1
384,37,139,15,44,6,4,1
112,11,97,24,57,9,2,1
267,31,139,29,71,9,5,1
394,3,81,18,30,10,1,1
32,10,19,16,35,6,3,1
210,40,136,20,1,7,0,1
98,14,119,26,46,3,1,1
335,27,102,21,88,9,2,1
24,24,124,23,63,1,4,1
450,15,33,6,9,6,2,1
491,22,96,8,58,8,5,1
61,22,2,2,4,2,1,0
226,16,49,19,26,10,0,1
56,21,126,6,61,9,5,1
365,10,19,2,9,7,1,1
453,11,106,8,25,10,3,1
268,16,65,7,7,2,5,1
198,23,61,22,71,8,5,1
198,38,75,7,36,10,2,1
442,11,104,17,9,10,2,1
11,16,81,21,53,7,3,1
28,40,61,1,31,5,3,1
327,32,118,1,39,2,5,1
107,2,149,17,65,9,1,1
111,33,13,10,35,5,3,1
95,23,109,1,79,5,5,1
108,10,2,11,67,8,5,1
456,30,103,11,67,6,1,1
249,37,43,14,62,5,1,1
310,25,30,5,23,3,1,1
127,5,118,22,51,5,5,1
128,36,125,18,3,7,0,1
462,6,102,2,36,4,1,1
203,28,134,4,14,6,3,1
192,29,20,11,40,5,4,1
82,27,48,19,69,5,2,1
421,26,30,8,93,7,1,1
348,36,37,5,3,10,4,1
247,26,121,30,72,5,0,1
359,24,4,19,27,9,1,1
252,39,14,22,5,1,1,1
128,39,118,14,42,1,2,1
39,40,129,7,87,4,3,1
81,19,13,8,89,5,0,0
359,9,93,15,18,1,4,1
465,15,136,15,100,5,1,1
373,15,96,12,19,6,5,1
495,22,67,8,71,8,2,1
195,37,56,9,81,7,3,1
121,15,78,30,56,5,4,1
351,15,110,29,44,6,0,1
49,27,13,21,19,10,2,1
105,26,77,30,60,5,4,1
116,11,132,10,5,5,4,1
391,38,22,13,53,8,1,1
373,20,65,5,86,8,5,1
335,17,48,16,78,7,1,1
148,22,46,20,73,7,2,1
371,2,10,29,25,9,3,1
229,14,82,26,9,7,2,1
184,39,71,7,16,2,1,1
295,18,106,27,60,1,5,1
192,17,67,21,11,6,4,1
119,16,39,4,94,3,0,0
310,22,52,16,7,2,5,1
30,37,24,30,100,5,2,1
279,38,79,30,13,5,3,1
259,13,111,15,37,9,3,1
331,31,114,16,2,7,5,1
470,20,140,24,3,7,3,1
140,13,109,30,14,8,4,1
223,10,30,19,92,1,5,1
402,1,14,8,87,4,0,1
44,31,97,5,79,6,1,1
289,33,3,26,8,3,2,1
241,25,88,12,14,2,1,1
300,8,106,11,29,3,2,1
243,9,105,5,18,8,0,1
18,36,93,25,98,6,5,1
244,6,97,14,55,9,0,1
386,21,136,6,7,4,3,1
329,24,5,4,66,2,0,1
11,3,64,15,17,2,3,1
226,10,107,15,54,2,3,1
205,27,51,16,21,4,4,1
318,35,102,7,17,10,1,1
294,18,76,30,29,10,4,1
457,14,43,12,65,6,3,0
305,1,105,8,40,7,2,1
200,29,132,25,73,6,1,1
157,8,103,11,27,8,5,1
92,8,137,13,47,6,4,1
166,12,133,24,94,8,5,1
499,24,121,21,7,8,4,1
82,39,37,20,61,8,1,1
470,3,150,10,38,7,2,1
193,27,6,17,68,3,1,1
438,27,119,30,77,4,0,1
168,40,26,25,3,9,2,1
252,38,91,8,27,4,3,1
358,5,62,1,24,9,5,1
46,31,106,18,79,5,3,0
459,22,122,3,38,10,5,1
323,26,138,22,14,7,4,1
15,1,68,16,86,8,3,1
138,33,77,5,71,9,0,1
486,1,66,16,54,5,3,1
440,18,5,11,45,5,2,1
137,24,61,21,63,6,0,1
115,35,120,18,79,6,1,1
271,20,66,24,28,3,4,1
450,29,47,4,44,6,0,1
169,18,65,18,86,7,0,1
70,29,50,26,29,10,0,1
36,11,8,4,8,4,2,0
76,16,30,24,96,10,2,1
437,19,56,2,33,5,3,1
89,14,84,3,95,4,1,1
268,34,65,1,9,10,2,1
126,32,125,29,11,2,1,1
53,16,120,8,94,7,4,1
186,39,120,28,98,6,3,1
278,13,26,18,19,7,2,1
267,35,65,16,52,5,5,1
196,32,40,1,14,5,2,1
146,18,102,9,37,3,3,1
194,28,133,28,5,6,5,1
412,1,62,25,71,7,3,1
38,35,53,29,75,2,3,1
63,1,115,21,71,10,5,1
237,21,105,16,54,8,5,1
440,30,68,24,100,9,1,1
357,29,63,20,9,4,5,1
405,35,114,28,62,7,4,1
315,16,77,26,83,9,0,1
57,29,22,27,33,7,2,1
265,23,89,16,33,7,1,1
295,37,19,29,29,5,4,1
468,3,140,28,59,6,2,1
67,15,54,19,81,5,5,1
216,34,5,14,69,5,1,0
130,8,91,10,48,8,5,1
331,35,15,19,52,2,4,1
108,30,86,11,7,7,3,0
241,8,59,7,42,2,1,1
438,35,82,6,19,7,0,1
397,14,38,11,35,6,2,1
428,38,67,2,12,8,4,1
355,26,58,7,61,2,1,1
415,17,122,23,32,2,2,1
145,11,77,9,13,10,1,1
287,36,112,2,83,1,1,1
30,31,65,18,26,2,2,1
415,10,71,19,85,6,5,1
20,34,107,30,12,7,3,1
38,2,28,2,42,5,3,1
194,31,22,23,11,7,4,1
308,27,73,23,21,7,3,1
125,7,133,17,99,4,5,1
304,15,21,18,68,8,2,1
103,33,85,29,73,1,0,1
374,22,110,17,59,5,5,1
436,21,134,9,5,10,4,0
492,4,76,15,72,3,3,1
492,15,41,21,31,1,1,1
190,38,125,4,39,7,1,1
45,3,140,25,17,7,0,1
430,6,146,20,60,9,5,1
424,28,38,20,79,5,1,1
208,12,61,12,66,1,3,1
36,36,55,13,66,7,1,1
478,20,34,20,98,10,3,1
23,1,53,19,93,4,4,1
417,19,2,13,86,10,3,1
270,32,106,24,13,6,3,1
211,39,108,25,77,4,4,1
323,9,101,20,77,7,2,1
195,13,95,24,94,6,5,1
234,16,84,9,38,4,3,1
329,15,46,20,6,7,2,1
151,14,55,15,5,2,3,1
137,30,126,16,15,9,4,1
395,29,72,29,95,3,5,1
116,29,47,24,40,3,0,1
208,35,83,19,59,5,5,1
176,27,150,20,43,3,3,1
329,5,129,18,75,8,2,1
310,22,87,19,90,3,1,0
149,6,36,12,51,1,3,1
297,23,113,22,37,8,3,1
418,1,34,11,6,6,0,1
353,4,7,15,12,7,5,1
241,38,30,12,25,1,3,1
205,39,29,14,14,4,3,1
264,12,8,29,91,1,3,1
136,25,25,21,11,6,3,1
417,40,150,22,97,4,3,1
51,5,12,29,39,5,0,1
412,18,89,26,94,9,1,1
342,33,135,3,27,5,2,1
200,28,139,13,67,2,3,1
471,3,25,30,5,10,5,1
352,17,134,9,38,1,0,1
406,17,100,9,22,5,5,0
329,6,22,9,12,10,0,1
239,3,17,16,98,8,4,1
425,32,6,20,49,9,5,1
238,7,108,8,1,6,5,1
302,38,123,21,35,3,3,1
237,9,99,19,8,8,2,1
202,28,102,19,47,10,1,1
490,10,65,24,76,9,1,1
371,25,70,22,87,1,5,1
396,39,55,9,54,8,3,1
72,7,25,5,38,4,0,1
431,6,137,24,77,7,5,1
132,6,31,25,73,8,4,1
187,26,31,12,49,4,1,1
197,2,135,3,43,8,5,1
103,5,112,4,81,1,0,1
289,33,26,27,31,10,5,1
354,10,15,13,20,10,5,1
173,12,82,22,15,5,4,1
272,5,57,5,18,5,5,1
166,7,135,17,30,7,0,1
108,15,71,13,67,6,5,1
402,6,53,20,34,1,5,1
284,19,31,17,16,3,3,1
298,38,128,18,83,6,0,1
184,6,89,11,34,3,0,1
142,10,137,14,29,1,1,1
38,20,108,11,46,5,4,1
485,1,23,8,81,10,1,1
241,18,13,24,100,4,2,1
59,7,40,8,42,8,1,1
372,37,118,18,65,10,4,1
487,15,44,20,4,3,1,1
43,31,144,16,88,2,1,1
362,22,5,17,39,4,5,1
60,35,8,29,55,4,4,1
28,32,99,6,89,10,4,1
70,1,74,22,51,2,3,1
306,23,27,23,89,5,1,1
414,5,126,28,10,10,5,1
45,32,104,16,66,4,2,1
314,8,78,1,2,5,3,1
251,28,77,9,8,7,2,1
44,35,2,20,23,3,1,0
185,14,72,24,35,9,1,1
384,32,65,16,96,1,1,1
164,2,134,14,30,1,5,1
251,40,58,15,28,7,4,1
201,38,139,7,41,10,3,1
166,22,7,26,20,5,2,1
324,37,11,27,95,10,5,1
408,30,34,2,29,9,5,1
155,18,148,8,39,1,4,1
213,9,4,17,31,10,1,1
190,33,84,8,88,1,3,1
408,29,40,24,31,7,3,1
162,19,76,8,25,5,3,1
490,27,21,14,48,9,4,1
48,12,50,11,62,4,0,1
459,38,40,18,28,9,5,1
431,17,75,6,50,4,2,1
423,25,128,2,14,4,5,1
117,18,67,17,78,3,1,0
351,26,8,14,15,5,5,1
332,35,27,12,35,3,1,1
141,37,137,1,42,7,0,1
346,20,148,16,32,5,3,1
138,17,39,27,56,8,1,1
51,21,68,19,12,4,3,1
155,20,11,11,95,2,0,1
488,37,72,6,82,2,2,1
312,33,38,21,11,10,2,1
208,21,35,6,18,6,1,1
49,2,73,17,25,6,4,1
247,25,39,18,69,10,1,1
82,31,66,26,87,2,5,1
200,33,74,1,82,3,1,1
234,40,19,3,71,8,5,1
302,5,29,3,62,2,4,1
359,34,119,20,70,8,5,1
231,5,37,2,28,5,2,1
377,26,53,23,21,8,1,0
218,7,125,9,85,4,1,1
500,2,24,9,99,4,0,1
71,22,146,18,95,7,2,1
452,28,75,6,41,6,3,1
16,30,40,24,13,2,4,1
157,18,77,7,74,1,5,1
165,28,62,30,95,4,3,1
297,2,67,21,44,2,5,1
463,23,26,12,74,5,4,0
285,20,76,10,33,7,4,1
337,26,144,4,51,9,5,1
139,1,63,29,36,8,1,1
292,26,124,26,53,10,0,1
205,4,133,6,68,10,3,1
273,11,46,27,87,9,0,1
256,23,1,10,1,10,5,1
303,5,130,7,50,5,5,1
164,6,74,7,32,4,3,1
315,5,113,29,76,6,5,0
265,31,104,21,80,7,0,1
136,7,144,13,15,5,2,1
474,31,91,15,1,5,2,1
81,9,37,29,86,8,3,1
463,17,54,13,23,4,5,1
205,27,145,21,81,10,3,1
352,23,92,7,90,9,3,1
88,8,30,1,39,9,1,1
162,31,117,4,17,4,0,1
155,1,15,4,8,5,4,1
226,34,38,12,58,7,1,0
193,10,126,13,87,4,2,1
418,40,49,18,76,4,3,1
24,33,52,20,31,5,1,0
244,16,66,30,27,2,3,1
354,19,117,29,40,5,3,0
108,10,92,28,89,4,2,1
116,14,128,16,75,10,1,1
393,34,69,11,48,8,0,1
272,20,141,6,20,4,4,1
117,33,94,13,62,3,1,1
147,14,9,3,97,5,0,1
307,27,42,16,6,7,1,1
303,32,52,8,92,10,2,1
303,38,140,27,54,9,1,1
417,32,73,20,83,9,4,1
45,4,140,18,4,4,0,1
268,1,38,26,45,2,2,0
427,22,112,9,79,6,3,1
233,37,19,29,89,7,2,1
284,16,110,1,78,7,3,1
484,17,147,30,41,10,0,1
34,15,106,27,46,6,4,1
226,12,104,28,17,9,2,1
494,27,27,22,9,3,3,1
123,26,72,17,11,3,5,1
433,6,19,12,39,10,2,1
197,19,136,6,4,6,4,1
141,15,70,9,7,8,1,1
186,20,36,7,47,5,1,1
107,13,48,20,82,4,5,1
151,33,49,2,90,1,2,1
380,27,20,9,20,9,2,1
119,36,70,10,19,7,1,1
100,27,120,12,29,9,1,1
141,28,106,15,79,4,2,1
490,5,58,5,77,5,0,1
45,13,80,13,65,8,3,1
264,22,31,27,76,10,1,1
193,8,109,28,95,9,0,1
361,14,27,30,9,3,3,1
419,9,125,4,89,5,0,1
362,33,48,14,98,5,3,1
46,4,58,12,21,3,0,1
60,32,150,30,19,2,2,1
222,25,51,9,9,10,3,1
111,33,53,10,2,5,2,1
438,6,135,27,63,9,1,1
360,6,108,11,94,2,5,1
442,2,56,3,78,7,4,1
411,27,52,14,79,9,4,1
334,11,67,13,32,5,0,1
357,14,144,18,22,4,0,1
392,26,66,21,94,9,3,1
23,24,26,1,19,7,1,1
304,25,25,8,29,8,5,1
162,2,51,1,18,7,1,1
338,5,116,1,90,1,0,1
474,6,50,11,1,4,4,1
349,37,72,7,31,4,5,1
268,33,101,7,35,8,2,1
181,1,106,9,36,6,0,1
199,17,82,29,43,5,0,1
244,11,41,27,95,4,4,1
455,29,84,23,15,3,2,1
116,7,12,25,80,10,3,1
409,31,27,19,17,10,1,1
161,27,100,13,50,6,4,1
301,25,34,4,22,7,2,1
436,27,142,6,60,3,3,1
182,24,1,6,33,6,0,1
301,21,136,10,60,5,5,1
243,24,4,27,46,10,0,1
292,37,16,11,84,5,5,1
225,23,90,25,84,5,3,1
208,23,24,11,33,4,3,1
34,7,105,30,57,2,5,1
384,13,137,26,50,1,4,1
445,25,84,22,89,2,5,1
160,15,78,17,89,5,3,1
394,12,83,26,19,1,2,1
317,28,8,28,43,10,4,1
345,29,32,4,57,7,0,1
283,35,33,18,50,6,3,1
292,25,144,25,56,6,0,1
280,28,86,8,86,5,5,1
207,38,127,12,56,7,4,1
475,19,86,14,34,3,2,1
69,11,124,30,79,3,4,1
492,16,132,4,49,3,0,0
492,1,106,26,36,2,2,0
137,13,73,16,93,9,2,1
493,9,105,1,40,9,0,1
270,34,122,8,91,8,0,1
239,39,102,18,96,5,0,1
274,9,110,2,66,4,3,1
156,18,134,11,44,7,4,1
220,10,24,12,29,2,0,0
439,22,104,7,23,6,0,1
358,35,96,12,82,7,2,0
196,37,128,5,91,1,5,1
273,17,144,26,15,4,1,1
197,17,10,29,22,2,4,1
277,31,34,27,47,2,2,1
465,4,114,8,60,6,5,1
181,27,98,16,78,6,4,1
121,40,37,9,97,1,4,1
457,17,65,23,51,3,1,1
117,37,144,5,34,2,3,1
272,19,89,8,42,6,0,1
408,1,36,14,70,6,3,1
332,10,88,12,42,3,4,1
100,21,63,22,49,2,0,1
17,9,92,25,6,7,5,1
133,26,130,10,22,8,4,1
72,26,66,12,64,7,5,1
365,30,11,5,47,1,4,1
450,18,26,22,1,6,0,1
381,16,42,26,17,9,2,1
319,15,129,16,67,4,3,1
18,25,136,25,34,4,0,1
207,18,80,7,51,10,2,1
387,6,144,11,51,4,1,1
148,17,40,17,17,1,1,1
433,23,126,8,24,10,1,1
494,9,143,16,39,5,5,1
238,5,100,13,71,7,3,1
160,38,100,13,94,9,1,0
305,17,140,8,4,9,2,1
281,30,26,21,50,1,0,0
244,32,18,14,50,1,4,1
372,25,42,1,96,6,2,1
180,16,129,24,51,1,4,1
349,6,87,24,95,10,5,1
413,34,81,18,16,5,5,1
141,39,117,18,92,2,0,1
424,6,25,3,36,9,5,1
285,12,136,14,67,10,4,1
257,1,25,6,50,5,3,1
438,27,4,23,38,3,0,1
423,21,74,25,38,4,1,1
292,10,41,14,52,6,1,1
354,12,7,29,88,10,1,1
196,18,103,30,49,3,0,1
434,26,139,17,8,8,4,1
13,32,13,20,91,5,3,1
39,21,94,4,65,3,1,1
47,19,141,23,73,2,3,1
320,28,137,5,42,2,2,1
326,28,52,14,66,1,5,1
136,28,99,15,89,3,0,1
411,21,25,22,91,10,1,1
449,8,132,22,57,9,4,1
448,24,52,25,26,6,1,1
299,2,129,13,34,6,2,1
64,11,102,11,81,5,0,1
105,15,76,11,45,10,5,1
481,2,148,18,63,7,4,1
155,16,77,10,83,1,2,1
228,21,112,4,98,1,3,1
237,31,87,26,2,4,5,1
116,3,144,28,47,7,3,0
272,37,71,27,42,9,5,1
140,13,42,1,11,6,2,1
85,23,90,1,21,4,2,1
83,4,49,20,70,3,1,1
31,37,134,14,29,2,2,1
343,14,52,15,16,2,4,1
142,40,82,19,45,6,1,1
369,38,88,9,50,10,1,1
57,18,91,30,62,10,2,1
145,8,17,20,87,8,0,1
126,25,37,5,25,3,4,1
137,1,58,5,82,8,3,1
59,3,78,1,100,6,4,1
302,16,42,6,93,3,3,1
442,4,30,8,45,2,1,0
116,8,78,30,44,7,0,0
408,29,129,3,52,10,0,1
428,12,138,27,23,2,0,1
203,7,120,17,67,2,1,1
196,32,95,14,87,10,0,1
460,8,55,12,56,6,3,1
172,23,7,6,12,4,3,1
161,27,85,18,68,10,0,1
144,34,28,8,40,8,4,1
87,18,59,8,63,10,5,1
136,39,40,18,63,7,3,1
415,1,60,4,44,2,1,1
194,24,38,26,4,5,5,1
498,16,23,12,29,6,1,1
490,7,26,10,16,7,3,1
425,29,1,17,30,6,2,1
325,36,100,16,20,5,5,1
177,18,53,26,60,1,2,0
231,10,45,25,92,2,3,1
330,21,45,16,20,9,4,1
160,22,18,27,68,4,4,1
494,10,20,10,79,2,2,1
159,37,19,18,33,3,2,1
380,38,32,12,8,6,1,1
140,36,65,14,8,2,1,1
273,19,8,12,11,6,4,1
158,21,106,1,83,3,4,1
263,20,123,21,94,5,4,1
10,16,124,25,63,1,1,1
263,38,54,30,55,1,1,1
470,7,5,1,88,4,4,1
325,3,99,18,63,3,5,1
390,21,84,20,48,9,4,1
73,37,72,15,40,9,2,0
388,11,140,5,6,2,3,1
437,11,132,6,62,3,0,1
57,40,9,3,81,2,1,1
248,27,1,30,100,7,1,1
339,3,3,2,62,9,3,1
156,39,4,27,39,4,4,1
183,38,19,5,7,2,3,1
247,4,57,7,34,2,2,1
393,2,92,12,72,8,3,1
220,18,74,24,74,3,1,1
359,1,125,28,31,3,5,1
225,36,6,17,29,1,3,1
159,6,90,1,86,8,5,1
33,19,137,22,48,6,4,1
221,36,44,19,49,10,3,1
421,7,46,12,43,2,3,1
268,3,130,13,84,1,5,1
306,23,33,9,32,1,1,1
450,30,149,30,77,9,3,1
230,32,38,21,84,9,4,1
295,16,24,26,52,1,4,1
350,26,134,24,22,4,5,1
412,36,123,4,8,8,2,1
137,8,16,7,65,4,4,1
425,15,101,2,16,10,0,1
254,17,110,28,48,6,0,1
180,28,93,24,45,2,5,1
70,38,22,20,95,9,4,1
210,32,49,24,47,9,2,1
68,24,29,4,28,1,4,1
18,29,106,7,87,1,5,1
476,14,73,21,67,3,2,1
209,38,137,1,75,6,5,1
297,31,69,1,2,1,4,1
27,27,66,26,33,9,2,1
460,37,53,8,80,1,3,1
43,32,53,1,24,5,4,1
393,26,90,14,15,3,1,1
141,10,80,16,94,3,3,1
488,35,148,1,41,2,1,1
85,8,127,12,56,8,2,1
124,26,127,24,56,1,4,1
324,19,53,23,69,9,3,1
383,9,113,17,67,10,4,1
346,13,13,1,4,6,5,1
328,32,110,23,30,3,3,1
374,27,15,22,16,9,2,1
17,6,64,1,69,4,2,1
85,17,90,24,94,7,4,1
379,4,136,27,86,5,0,1
457,36,14,13,3,4,3,1
210,5,128,10,14,1,4,1
144,18,53,23,55,4,3,1
179,33,103,18,97,9,3,1
433,12,53,2,39,6,2,1
176,13,56,28,76,4,1,1
216,9,93,27,32,6,3,1
22,4,37,9,40,5,3,1
130,24,18,3,79,3,4,1
126,14,111,29,56,1,2,1
416,17,18,27,88,9,4,1
351,22,105,16,10,6,2,1
79,38,95,7,23,1,2,1
152,24,95,18,56,9,5,1
478,35,78,23,44,6,5,1
397,12,78,28,86,4,3,1
123,9,148,18,73,7,0,1
31,1,86,24,92,10,1,0
33,30,93,28,45,1,1,1
90,1,50,10,44,8,3,1
404,2,108,18,36,10,1,1
29,34,109,9,99,8,1,1
284,40,54,27,58,7,1,1
112,2,6,22,53,8,4,1
106,27,114,8,16,10,3,0
290,12,11,22,23,2,0,1
367,7,54,22,67,1,1,1
40,32,67,13,17,9,4,1
69,19,74,25,6,5,2,1
78,1,48,2,60,5,5,1
445,28,33,1,14,3,5,1
330,15,35,22,98,4,5,1
134,18,16,28,85,10,1,1
161,13,108,20,83,1,0,1
262,9,27,19,35,9,3,1
44,18,45,12,39,10,3,1
266,13,35,21,67,4,1,1
463,6,34,8,19,8,2,1
479,1,1,18,15,2,1,1
487,5,120,1,81,9,1,1
433,24,66,11,53,5,5,1
169,38,148,20,66,2,5,1
314,15,4,20,98,2,5,1
69,37,100,19,23,4,2,1
52,14,138,14,27,3,0,1
414,29,46,8,15,6,4,1
144,33,45,17,55,5,3,1
393,15,3,28,55,10,1,1
450,1,22,13,17,3,0,0
101,12,147,9,75,9,3,1
53,20,77,3,99,9,1,1
357,20,25,7,19,2,3,1
80,29,150,20,85,6,5,1
332,8,23,14,94,10,3,1
102,16,59,19,61,2,5,1
204,34,85,18,57,7,1,1
129,5,129,29,98,2,3,1
192,3,26,29,97,4,4,1
352,20,119,8,42,5,5,1
379,17,28,2,24,8,1,1
56,8,43,17,5,4,1,0
416,40,53,4,30,10,2,1
160,14,55,9,12,2,4,0
361,14,24,3,11,10,2,1
185,1,124,17,8,7,4,0
484,25,20,27,71,4,2,1
319,13,89,15,72,9,3,1
344,26,10,19,74,6,5,1
365,36,140,23,59,9,4,1
85,20,147,29,78,8,3,1
245,2,5,26,36,5,0,1
82,39,82,18,35,4,0,1
86,40,30,5,8,6,1,1
362,4,47,23,37,4,4,1
352,6,108,13,18,1,1,1
24,26,65,18,17,5,4,1
103,33,77,13,98,7,0,1
342,26,86,15,83,4,4,1
150,32,49,15,75,4,1,1
66,12,47,23,55,9,2,1
290,26,110,5,27,7,4,1
247,4,23,19,63,6,5,1
288,28,129,6,53,9,5,1
465,40,143,6,41,4,1,1
316,27,20,16,9,2,2,1
209,3,111,3,54,5,0,1
210,5,65,26,58,3,4,1
369,12,137,6,34,7,1,1
419,32,75,2,43,9,2,1
463,5,129,18,49,3,3,1
321,32,9,19,58,9,4,1
295,18,21,8,33,2,3,1
404,30,3,18,25,3,5,1
21,30,18,29,90,3,2,1
189,7,73,19,41,9,0,1
116,8,10,20,2,3,2,0
483,21,88,29,10,3,5,1
108,9,65,14,19,6,4,1
277,16,54,9,43,5,4,1
260,3,150,1,88,1,1,1
190,7,81,5,74,9,5,1
342,37,135,26,75,8,2,1
228,2,78,9,5,4,1,1
113,2,114,4,43,3,4,1
337,29,28,15,71,8,5,1
127,15,63,30,81,6,4,1
357,15,8,20,8,2,4,1
195,18,99,13,93,4,3,1
441,14,110,13,90,1,2,0
128,39,130,16,46,4,1,1
284,30,46,30,11,8,3,1
87,4,3,26,17,1,5,1
233,10,93,1,92,9,1,1
383,26,3,13,100,1,1,1
178,20,87,20,95,2,2,1
407,5,42,7,4,8,0,1
98,18,141,4,65,2,5,1
167,35,98,28,23,10,3,1
364,23,52,20,46,9,3,1
101,16,121,5,4,9,5,1
195,24,113,22,11,8,4,1
52,36,78,3,91,7,5,1
421,16,120,11,6,6,5,1
224,14,142,11,55,9,5,1
166,12,27,19,48,6,5,1
364,31,94,27,81,2,0,1
11,21,13,19,38,9,3,1
426,37,82,17,21,3,2,1
109,24,79,2,1,10,2,1
126,6,11,23,79,9,0,0
25,3,60,26,53,9,2,1
403,3,29,1,85,2,2,0
139,34,82,15,51,3,5,1
84,28,58,3,47,5,4,1
15,8,144,4,75,7,1,1
298,26,59,8,7,3,4,1
254,22,103,9,43,3,2,1
258,21,108,24,91,5,4,1
71,16,75,29,81,9,1,1
130,27,20,17,28,5,0,1
321,40,45,6,9,1,3,1
229,16,126,22,17,7,2,1
388,18,48,12,51,8,3,1
187,7,102,24,28,1,1,1
84,23,110,8,22,4,5,1
289,27,126,7,16,5,3,1
394,39,28,3,61,2,1,1
308,34,35,28,47,9,4,1
226,26,50,18,61,7,0,1
222,36,56,22,98,4,3,1
119,20,105,14,18,9,4,1
486,6,82,15,81,3,3,1
433,30,16,21,97,9,2,1
221,39,100,15,61,5,3,1
10,32,60,22,30,3,1,1
290,38,19,23,92,1,4,1
326,27,47,8,25,3,0,1
22,24,121,21,34,3,3,1
252,31,66,22,61,8,1,1
218,13,150,4,73,3,0,1
211,40,21,3,64,4,5,1
463,7,34,23,2,6,2,1
283,15,116,3,61,8,3,1
130,34,117,18,68,3,1,1
347,22,63,18,59,3,1,1
354,25,79,18,58,3,0,1
206,25,143,17,69,7,0,1
132,40,51,3,25,3,2,1
434,29,23,4,70,2,2,1
243,23,103,7,28,2,2,1
462,23,30,2,92,4,3,1
52,37,55,30,44,3,2,1
76,31,75,20,65,6,1,1
454,10,98,22,22,9,4,1
345,34,135,6,4,10,2,1
315,37,148,27,78,7,2,1
428,39,5,2,95,6,2,1
493,30,146,27,34,6,2,0
373,1,80,16,11,1,3,1
158,32,54,25,72,9,1,1
321,25,56,18,2,8,3,1
367,21,53,6,40,1,0,1
95,40,75,8,33,7,2,1
159,18,70,15,48,5,5,1
278,25,59,4,82,5,2,1
437,40,150,18,36,2,5,1
186,18,123,7,52,9,4,0
20,19,68,22,54,10,4,1
388,29,16,8,3,7,5,1
469,5,1,5,57,6,2,1
252,14,88,23,25,7,4,1
222,39,6,2,72,9,5,1
40,20,34,19,47,2,3,1
190,8,30,21,63,4,3,1
96,6,49,28,21,3,1,1
327,18,142,3,94,5,5,1
110,24,143,3,81,3,3,1
180,21,145,29,43,6,2,1
253,37,87,25,100,4,2,1
421,26,76,8,66,5,0,0
370,39,93,15,78,5,5,1
88,15,141,17,5,4,3,1
26,27,135,18,15,1,2,1
303,14,31,30,22,5,0,1
274,36,6,30,59,6,0,0
146,13,137,9,67,9,5,1
417,32,146,10,57,4,5,1
184,5,101,23,1,8,5,1
445,24,143,7,44,5,3,1
315,13,35,21,6,4,5,1
94,6,134,9,83,8,4,1
319,6,117,3,93,8,0,1
149,14,14,8,92,8,5,1
438,6,22,30,49,5,2,1
452,12,34,11,50,4,1,1
446,4,122,28,20,8,3,1
152,35,141,26,77,8,2,1
458,18,90,24,19,5,0,1
289,39,115,11,29,6,0,1
355,37,96,14,64,9,5,1
49,9,136,8,1,7,3,1
422,25,37,13,46,7,5,1
432,2,28,11,13,4,4,1
10,29,119,20,86,10,5,1
21,36,150,19,96,3,0,0
327,15,121,14,35,9,4,1
254,33,77,22,1,10,3,1
472,28,11,5,71,4,3,1
484,24,138,20,89,1,2,1
112,36,5,24,22,6,5,1
305,13,109,7,25,8,5,1
433,34,55,4,78,5,2,1
46,37,78,9,93,2,2,1
304,38,138,24,13,6,5,1
329,11,104,4,34,5,4,1
99,20,57,4,22,4,5,1
304,35,76,19,22,7,1,1
192,14,113,19,13,4,0,1
198,34,114,10,52,6,2,1
341,31,18,23,5,8,4,1
209,9,12,30,78,7,2,1
282,14,57,21,5,7,4,1
92,16,129,7,55,8,0,1
16,15,109,16,67,10,2,1
443,18,123,5,10,5,3,1
168,26,105,20,94,10,2,1
455,37,56,23,18,5,5,1
314,20,16,26,14,8,5,1
162,24,80,28,25,3,2,1
129,2,83,13,73,3,0,1
197,31,109,11,6,5,2,1
376,21,52,5,31,3,4,1
243,13,2,27,85,6,1,0
126,9,28,25,63,7,4,1
437,6,28,15,64,5,3,1
361,20,78,14,76,1,0,1
39,31,134,25,62,2,3,0
499,13,123,26,95,5,3,1
442,19,103,5,9,8,2,1
197,36,15,14,70,2,0,1
270,8,105,22,31,7,2,1
242,20,115,11,91,1,2,1
28,40,77,10,63,8,2,0
64,30,131,16,1,2,4,1
163,38,51,14,36,1,3,1
303,37,44,6,73,2,1,1
362,38,81,15,14,3,3,1
339,25,125,5,5,9,1,1
226,7,43,22,23,10,5,1
377,9,110,27,91,5,2,1
406,18,46,30,85,10,0,1
178,13,36,18,17,4,5,1
408,12,64,4,72,1,5,1
233,31,121,15,60,8,4,1
444,22,86,6,20,4,5,1
375,30,129,11,20,5,5,1
48,32,6,20,86,4,3,1
114,37,101,3,3,5,0,1
50,22,51,3,25,2,2,1
408,9,132,8,68,8,0,1
165,38,70,29,4,1,4,1
470,38,150,30,87,3,0,0
497,13,11,28,49,7,0,1
353,29,55,7,31,7,2,1
499,30,6,3,90,2,4,1
237,8,34,11,85,3,3,0
430,4,8,7,32,9,3,1
307,26,76,30,29,7,1,1
230,1,132,5,27,8,1,1
370,39,144,28,82,8,1,1
477,14,88,18,26,1,2,1
368,39,35,18,15,10,4,1
427,39,144,26,90,1,0,1
239,11,77,26,19,2,5,1
99,27,95,15,22,1,3,1
117,18,139,13,57,3,4,1
93,23,130,18,34,4,4,0
376,30,62,15,10,3,3,1
41,19,78,26,21,1,5,1
381,28,29,23,51,3,3,1
123,13,53,15,20,10,3,1
218,29,12,30,80,8,4,1
390,22,103,29,31,5,4,1
274,37,31,14,18,5,5,1
77,4,93,1,85,7,4,1
151,10,125,2,10,9,4,1
469,8,121,30,91,3,4,1
55,36,28,10,41,7,2,1
137,11,19,18,16,4,3,1
432,13,47,21,7,8,0,1
310,32,107,24,91,3,0,1
234,24,118,15,35,5,0,1
475,11,17,14,97,4,2,1
141,4,3,30,31,1,2,0
108,5,38,26,52,4,5,1
448,30,63,28,79,4,3,1
129,12,126,22,85,9,3,1
166,25,11,16,90,1,2,1
49,16,141,18,32,6,0,1
375,1,18,30,33,3,3,0
158,6,59,23,92,9,3,1
381,38,127,14,43,6,3,1
87,10,29,20,56,3,5,1
125,39,55,15,64,5,5,1
496,8,47,21,22,6,0,1
406,18,119,26,57,6,2,1
496,26,135,2,23,6,3,1
428,34,112,9,8,4,2,0
433,36,147,16,26,5,4,1
376,26,47,22,63,7,2,1
430,20,67,30,7,6,1,1
481,25,5,3,45,8,5,1
286,14,137,12,31,9,1,1
396,22,147,25,64,5,4,1
435,29,9,19,45,2,5,1
159,29,83,10,5,4,2,1
300,15,13,13,92,8,3,1
99,3,117,14,82,8,1,0
248,22,122,1,61,1,4,1
351,35,35,30,53,3,5,0
226,32,142,2,63,5,4,1
209,32,108,14,38,3,1,1
482,5,131,14,37,4,5,1
12,33,124,22,92,1,5,1
226,16,123,19,38,6,4,1
223,20,135,12,1,9,0,1
221,17,93,6,42,8,2,1
451,18,117,15,13,10,3,1
143,14,28,13,57,3,0,1
83,31,139,26,31,4,5,1
400,19,73,17,57,4,4,1
153,5,7,5,6,3,0,1
441,21,84,5,94,10,3,0
364,15,40,16,76,4,1,1
419,14,44,8,6,3,1,1
431,2,129,24,69,6,4,1
356,17,42,12,60,1,2,1
496,32,132,28,34,10,1,1
339,16,54,14,28,8,2,1
403,16,140,12,44,10,3,1
277,20,62,10,38,2,4,0
484,23,50,4,37,1,4,1
438,38,26,28,67,3,4,1
249,4,122,12,66,5,5,1
196,16,51,18,90,4,2,1
451,16,12,3,45,3,0,1
477,4,53,11,41,1,4,1
218,34,41,21,17,6,3,1
496,38,59,6,63,8,5,1
35,16,104,7,32,9,4,1
344,29,31,17,4,9,3,1
272,24,83,28,34,1,3,1
194,3,45,28,99,10,0,1
367,38,86,30,41,3,4,1
446,31,80,12,19,10,3,1
181,4,12,3,20,6,2,1
478,22,84,29,57,4,0,1
285,27,146,3,15,4,1,1
380,22,31,5,18,8,0,1
106,17,142,11,34,10,2,1
319,17,76,15,48,3,1,1
400,5,70,29,14,4,2,1
138,1,131,16,59,5,5,1
385,31,71,22,28,10,0,1
285,29,14,14,53,9,0,1
13,8,94,5,77,10,4,1
498,35,38,2,49,3,4,1
326,29,3,29,12,7,4,1
278,32,37,14,4,10,3,1
441,12,75,7,63,5,5,1
285,24,138,8,43,7,3,0
301,27,48,22,47,4,4,1
236,17,91,16,87,1,1,1
253,3,7,14,38,3,4,1
283,23,85,8,48,9,1,1
312,8,117,2,36,9,2,1
52,12,16,6,38,8,4,1
141,3,23,22,86,2,1,1
488,7,28,16,16,4,2,1
405,1,149,19,83,10,5,1
88,6,109,25,60,8,2,1
361,35,39,1,43,10,4,1
408,40,90,7,15,2,1,1
307,7,15,2,94,5,0,0
148,4,43,30,48,3,2,1
79,2,95,24,39,1,2,1
14,31,43,24,67,7,5,0
394,36,129,27,85,1,5,1
100,32,42,4,98,4,3,1
256,37,78,21,8,7,3,1
144,10,132,10,53,2,3,1
248,12,91,17,66,1,0,1
185,19,113,23,58,9,3,1
66,16,57,24,98,9,4,1
327,17,73,16,79,8,5,1
240,40,99,11,76,2,3,1
76,1,11,25,65,2,0,0
164,6,5,6,65,2,1,1
219,5,115,15,85,2,2,1
188,36,82,28,15,9,5,1
52,12,82,16,18,8,4,1
193,26,44,24,14,10,1,0
220,15,143,6,3,4,3,1
453,20,141,28,9,5,0,1
494,29,119,20,56,4,0,1
324,12,127,5,63,10,3,1
316,6,139,9,52,8,2,1
17,8,16,9,89,2,5,1
121,11,116,16,2,8,5,1
171,6,26,21,20,1,5,1
175,16,74,6,11,9,5,1
154,7,108,23,31,3,3,1
401,39,58,9,11,7,3,1
345,34,47,17,81,5,5,1
130,16,84,19,51,4,2,1
400,21,112,29,73,6,3,1
35,10,31,9,58,8,2,1
185,19,53,28,98,6,0,1
18,3,119,3,67,6,0,1
18,27,110,16,2,4,3,1
225,39,65,26,3,2,2,1
410,10,137,22,70,8,1,1
241,33,84,28,13,10,4,1
21,12,33,8,28,8,1,1
145,31,32,9,72,6,5,1
491,13,4,16,41,5,4,1
384,21,98,6,55,6,4,1
173,18,16,9,25,7,0,1
421,19,108,1,19,4,5,1
413,36,4,17,69,6,2,1
375,21,48,18,71,3,4,1
189,21,67,6,20,1,4,1
66,33,23,21,81,8,4,1
300,19,88,10,94,9,1,0
85,27,53,20,45,7,3,1
449,40,43,15,53,1,5,1
380,40,39,11,32,8,3,0
14,17,138,17,86,9,5,1
399,35,41,28,98,7,5,1
27,1,142,22,98,10,5,1
365,2,59,4,13,10,5,1
480,10,39,22,76,10,3,1
332,4,29,30,37,6,0,0
152,11,108,2,95,5,1,1
407,18,121,30,4,7,0,1
440,16,150,2,26,2,1,1
467,25,42,29,69,10,2,1
362,24,131,22,9,10,1,1
115,5,119,4,95,8,1,1
333,4,25,5,4,8,3,1
452,39,69,17,22,8,2,1
149,25,34,29,71,4,5,1
424,7,49,26,78,5,3,1
206,16,86,18,92,7,0,1
255,22,18,3,69,1,3,1
160,20,140,24,43,4,1,1
397,38,116,12,30,3,2,1
114,24,129,6,14,5,1,1
427,4,120,3,52,2,2,1
291,23,92,14,51,1,0,1
345,28,14,13,84,5,1,1
466,19,13,26,55,7,1,1
153,17,93,1,67,10,5,1
297,3,71,11,93,1,5,1
409,19,11,23,85,1,0,1
371,18,14,26,20,9,5,1
322,17,137,26,20,5,3,1
344,15,56,8,49,3,3,1
173,25,76,9,89,8,3,1
399,17,94,24,68,8,4,1
213,12,56,25,52,10,4,1
378,29,126,2,6,9,4,1
335,14,17,29,88,5,3,1
497,19,26,13,64,10,0,1
331,22,86,4,65,6,3,1
482,39,51,16,2,5,1,1
453,40,1,7,38,5,2,1
349,15,83,8,16,7,3,1
246,4,13,20,36,6,2,1
93,19,53,13,49,7,5,1
238,39,50,21,23,6,3,0
144,2,81,2,68,10,5,1
420,8,15,22,80,3,0,1
405,31,20,4,38,6,5,1
90,40,3,12,47,2,2,1
420,16,62,11,61,1,3,1
86,3,95,16,22,1,5,1
370,1,141,21,9,2,1,1
260,22,72,11,30,8,3,1
188,15,94,19,17,8,5,0
438,13,142,15,32,3,1,1
426,1,149,9,1,8,5,1
449,28,119,28,47,5,3,1
287,30,141,25,4,4,0,1
237,5,101,26,54,5,3,1
218,16,36,27,58,6,2,1
270,3,50,20,3,5,2,1
195,27,137,21,70,2,4,1
443,14,69,26,33,4,3,1
230,18,20,6,28,10,2,1
499,28,93,28,66,2,2,1
315,24,26,11,18,2,0,1
24,1,84,30,54,8,4,1
205,15,18,20,19,6,5,1
225,24,97,6,39,5,0,1
63,14,53,12,4,4,3,1
354,32,23,2,44,10,5,1
103,24,126,23,41,9,3,1
218,11,146,17,21,5,5,1
458,16,138,8,29,4,3,1
442,30,146,13,47,1,2,1
312,22,64,7,20,7,2,1
61,31,125,16,68,6,5,1
493,1,123,12,39,9,3,1
75,39,91,25,75,3,5,1
179,3,46,6,50,2,1,1
199,9,139,14,61,1,3,1
48,3,63,21,24,6,2,1
78,34,145,7,100,1,4,1
138,28,127,21,47,5,4,1
276,8,19,26,71,2,4,1
399,23,126,12,58,1,0,1
146,12,46,26,15,10,2,1
380,40,4,23,4,9,2,1
99,2,45,15,20,9,5,1
478,11,145,13,40,9,2,1
171,10,119,11,38,5,0,1
259,21,39,18,22,1,4,1
313,8,72,1,29,5,5,1
294,4,63,10,81,10,3,1
70,24,40,27,59,2,0,1
64,27,15,29,91,9,0,0
429,16,23,26,12,7,4,1
51,38,87,13,34,2,5,1
379,31,57,22,66,7,3,1
252,10,104,17,64,3,4,1
145,35,45,13,48,2,3,0
72,28,28,7,35,8,4,1
195,24,127,6,4,2,1,1
404,16,39,12,37,10,4,1
172,32,82,23,71,4,2,1
288,21,76,28,16,9,4,1
32,39,64,7,5,6,3,1
148,6,116,27,92,2,2,1
288,20,23,9,80,1,1,1
157,18,126,20,94,1,3,1
434,33,127,11,82,7,4,1
74,29,47,18,33,9,2,1
215,11,60,22,27,3,4,1
465,13,129,21,76,8,5,1
273,36,125,15,55,9,4,0
383,13,73,21,59,4,5,0
337,33,33,18,22,10,2,1
331,3,27,26,50,7,0,1
162,30,90,17,89,9,5,1
84,2,146,30,22,8,4,1
61,37,90,13,90,8,0,1
127,38,130,19,27,1,4,1
16,16,108,11,41,1,2,1
153,12,127,3,89,4,4,1
215,4,11,24,82,8,5,1
343,5,62,18,86,3,2,1
305,27,130,17,8,7,4,1
27,13,100,9,68,2,4,1
326,28,117,28,17,2,3,1
335,11,14,17,55,6,3,1
234,22,94,5,89,3,2,1
305,30,142,5,94,1,2,1
148,30,105,25,29,1,0,1
281,37,101,23,21,8,2,1
479,28,59,30,95,4,4,0
435,19,89,4,29,10,5,1
219,40,34,26,13,9,4,1
239,4,109,24,36,8,4,1
310,24,141,17,16,5,4,1
201,5,138,5,89,8,3,1
254,26,128,9,6,3,3,1
146,22,67,26,94,9,3,1
383,14,67,20,76,5,4,1
103,31,129,5,86,7,5,1
234,2,141,2,82,3,5,1
463,27,59,2,59,4,5,1
35,27,141,1,77,2,3,1
20,25,146,2,77,8,1,1
109,26,22,27,81,8,3,1
418,26,1,27,19,1,4,1
350,31,9,9,60,3,4,1
460,23,132,2,1,10,3,1
96,18,69,5,49,2,0,1
298,5,124,10,6,4,5,1
220,24,115,7,49,5,5,1
186,13,29,29,34,3,1,0
139,12,132,6,7,4,2,1
245,16,83,26,55,10,1,1
41,34,55,11,100,6,2,1
356,2,150,15,55,7,2,1
153,37,150,27,59,1,3,1
125,40,81,17,79,7,4,1
89,15,126,29,38,8,4,1
224,9,11,3,41,10,4,1
361,19,48,16,27,2,4,0
36,34,7,4,79,7,2,1
403,17,27,18,30,4,3,1
118,18,124,16,39,7,4,1
267,33,126,18,38,8,1,1
220,25,63,7,86,7,2,1
314,1,75,20,17,4,1,1
377,9,86,6,58,9,4,1
486,16,140,10,79,8,4,1
122,13,118,7,80,3,3,1
333,27,139,3,73,1,3,1
441,31,95,11,52,6,5,1
263,2,73,30,34,10,0,1
489,35,41,14,11,1,2,0
106,7,75,3,16,2,5,1
266,36,76,26,77,1,4,1
375,25,52,25,56,5,5,1
73,37,86,21,54,5,0,1
166,28,86,14,86,1,3,1
459,27,76,11,81,10,4,0
283,19,99,10,48,5,1,1
410,18,47,27,14,3,5,1
497,4,123,5,12,8,3,1
265,6,31,5,66,10,3,1
123,26,128,28,34,5,0,1
245,20,22,19,43,1,1,1
186,34,124,30,66,7,5,1
87,5,106,8,83,10,5,1
481,37,20,26,89,7,0,1
334,3,18,29,34,3,1,0
251,28,116,24,59,4,4,1
304,19,73,27,44,1,0,1
453,30,2,22,94,3,5,1
398,7,47,23,95,8,2,1
275,23,69,30,90,4,1,1
378,13,150,2,65,7,5,1
394,26,147,21,64,5,5,1
295,7,103,29,82,5,1,1
405,20,58,20,58,2,3,1
427,11,9,28,68,10,5,1
20,15,93,23,67,10,5,1
69,9,113,5,17,1,0,1
129,30,28,19,82,5,4,1
216,8,103,23,5,3,3,1
50,36,29,26,47,10,2,1
26,31,35,1,89,3,5,1
347,23,1,22,8,4,4,1
376,36,102,18,63,4,0,1
464,29,121,14,89,8,1,1
347,15,16,1,19,5,0,1
283,26,13,11,78,4,5,1
197,15,84,23,90,2,2,1
60,3,64,10,13,10,3,1
347,7,18,22,63,4,1,1
334,7,13,10,35,4,2,1
346,7,89,18,50,4,2,1
295,22,4,10,8,3,5,1
47,28,39,17,20,2,1,1
265,32,31,18,48,7,0,1
353,21,107,5,84,5,2,1
249,8,133,8,26,2,3,1
269,15,22,19,28,2,4,1
108,24,4,22,3,1,3,1
207,19,77,7,44,1,1,1
213,24,135,29,20,7,0,1
266,6,2,25,93,3,0,1
93,22,8,18,38,8,4,1
117,23,49,9,71,5,1,1
141,18,48,11,83,2,5,1
365,20,97,29,33,4,4,1
162,27,99,1,15,4,0,1
191,29,59,5,61,10,3,1
491,12,22,21,13,3,5,1
68,35,29,20,66,4,4,1
36,18,43,7,61,7,3,1
255,17,79,20,44,8,3,1
173,21,66,7,21,6,5,1
496,18,66,9,39,1,5,0
336,30,129,1,71,3,2,1
402,30,3,15,37,3,2,1
114,5,137,20,36,4,3,1
161,24,125,6,98,10,1,0
425,8,66,17,8,3,0,1
231,19,48,5,6,10,4,1
234,15,129,19,75,4,4,1
54,30,92,27,78,1,5,1
337,20,15,28,32,10,4,1
274,25,132,30,83,5,1,1
402,31,21,12,33,3,1,1
240,19,113,28,65,4,0,1
349,11,97,18,79,8,0,1
486,7,12,19,47,3,0,1
202,14,74,24,40,4,4,1
275,33,18,5,39,8,0,1
385,4,46,5,5,7,2,1
243,23,85,27,65,8,1,1
16,22,61,2,75,1,5,1
180,26,115,15,47,2,1,1
375,38,4,8,59,3,5,1
42,7,53,13,95,3,4,1
72,3,143,7,64,4,5,1
41,21,70,22,71,5,4,1
243,1,80,25,97,9,1,1
242,13,116,23,11,8,2,1
290,5,79,7,91,7,2,1
437,22,40,25,99,6,2,0
141,1,143,24,31,9,3,1
239,12,149,3,80,6,1,1
276,15,64,14,93,6,0,1
200,32,82,20,62,9,5,1
193,13,57,20,73,3,1,1
495,34,9,4,50,6,5,0
99,27,47,26,57,7,2,1
222,12,138,25,20,2,5,1
459,23,37,16,17,2,1,1
116,27,86,21,83,1,4,1
399,3,59,26,12,4,2,0
284,30,115,19,18,3,5,1
383,3,137,11,73,3,3,1
471,10,3,30,53,5,4,1
153,30,50,18,62,1,0,1
132,18,107,24,82,10,2,1
350,21,125,23,14,2,0,1
206,24,125,21,26,7,5,1
128,19,120,13,4,5,1,1
67,1,53,17,25,8,2,1
135,23,78,19,53,8,4,1
489,21,36,16,88,4,0,1
425,25,138,13,28,8,2,1
66,6,122,24,2,10,1,1
361,24,95,17,69,3,1,1
227,5,133,6,87,1,4,0
481,25,8,2,30,4,2,1
266,14,42,20,5,2,0,0
176,30,82,26,22,5,4,1
23,7,33,26,1,9,1,0
137,9,81,14,28,8,3,0
77,23,111,13,5,10,5,1
292,26,111,7,15,4,1,1
378,39,28,28,47,6,4,1
148,2,5,8,31,5,5,1
259,1,105,24,75,3,0,1
109,21,82,12,12,4,1,0
356,33,148,9,6,2,4,1
410,32,27,2,35,4,3,1
359,1,111,5,98,5,5,1
256,35,133,2,2,9,1,1
142,18,85,1,89,7,5,1
19,27,127,14,48,10,0,1
461,15,132,17,74,5,2,1
347,15,62,13,66,4,0,1
463,9,55,6,100,3,5,1
216,2,140,20,93,7,1,1
228,22,100,7,4,5,5,1
59,15,48,5,86,10,1,1
271,24,88,24,28,5,5,1
351,1,135,6,26,7,2,1
140,4,27,24,50,8,2,1
148,32,106,8,94,4,5,1
325,40,7,13,34,7,5,1
305,6,26,21,26,3,3,1
404,8,54,11,7,1,1,1
470,30,57,6,52,7,2,1
29,33,107,6,72,2,5,1
53,30,110,6,100,1,3,1
250,15,46,22,44,8,1,1
435,34,117,7,53,8,5,1
98,25,67,24,95,2,0,1
190,3,57,30,88,5,3,1
167,8,43,20,92,3,1,1
227,15,122,1,6,2,5,1
400,34,110,16,95,2,0,1
223,36,76,8,54,8,5,1
380,8,89,27,69,2,3,1
496,25,98,27,84,9,3,1
103,10,62,20,90,5,0,1
292,17,26,23,21,2,0,1
48,24,127,20,88,10,2,1
67,21,81,20,75,6,0,1
73,9,49,6,31,5,4,1
436,40,93,3,97,6,2,1
369,12,76,21,97,7,1,1
89,5,72,28,92,9,2,1
266,11,101,5,96,8,3,1
438,13,32,24,27,8,0,1
466,17,145,14,51,8,4,1
239,28,54,3,64,9,4,1
334,26,27,7,18,9,1,1
207,19,68,7,12,5,0,0
363,37,28,22,11,7,2,1
127,10,42,10,26,1,2,1
285,31,85,15,69,9,2,1
18,23,75,11,58,1,0,1
159,19,11,30,97,1,3,1
485,18,38,22,2,3,3,1
111,26,148,30,27,6,3,1
239,25,36,6,71,6,4,1
168,19,4,30,89,5,1,1
208,15,148,7,89,8,4,1
322,8,125,19,24,6,3,1
428,13,4,14,75,7,1,1
377,23,93,21,71,7,3,1
239,23,48,14,50,1,0,1
464,12,58,10,96,7,3,1
52,11,87,5,1,5,5,1
388,24,50,16,79,7,4,1
366,16,39,6,90,7,0,1
71,36,27,29,18,10,5,1
393,28,75,18,89,2,2,1
374,16,146,14,67,5,0,1
325,22,83,18,13,1,1,1
320,36,59,17,39,1,1,1
113,9,97,26,14,3,4,1
473,13,106,12,55,9,5,1
26,37,141,15,31,2,2,1
76,2,81,3,41,6,1,1
403,25,9,28,65,3,5,1
445,20,18,30,83,5,1,1
460,24,126,12,16,6,1,0
302,18,142,26,36,4,2,1
302,31,14,6,7,9,4,1
297,8,32,8,57,6,5,1
378,7,56,19,22,9,0,1
382,5,127,9,83,1,2,1
254,21,106,2,38,8,2,1
371,27,99,28,1,4,3,1
287,17,66,15,98,4,0,1
310,18,61,16,73,4,0,1
63,11,64,22,73,10,0,1
253,32,35,10,36,7,0,1
265,13,147,10,19,1,4,1
143,18,114,13,70,8,1,1
34,12,80,12,87,3,5,1
10,22,16,2,1,9,0,0
279,19,131,8,66,5,2,1
404,5,136,16,73,1,3,1
466,21,13,24,96,1,2,1
450,27,4,1,81,7,2,1
330,20,74,21,6,4,1,1
107,5,76,15,58,2,5,1
309,4,40,25,21,10,2,1
125,29,57,12,93,8,3,1
236,4,57,5,99,6,3,1
464,35,114,4,41,10,3,1
320,19,14,2,79,1,1,1
115,35,20,8,11,4,2,1
379,33,141,11,52,9,0,1
244,13,21,4,49,3,0,1
449,2,61,18,11,6,3,1
269,33,113,27,28,1,2,1
414,21,103,1,69,5,2,1
387,8,140,14,28,7,4,1
189,9,8,12,48,5,5,1
188,23,118,4,46,3,3,0
53,30,41,18,75,7,1,1
18,13,121,27,86,1,1,1
459,16,107,2,13,4,1,1
497,39,127,30,24,8,1,1
26,23,28,28,73,5,3,1
354,30,109,2,95,10,4,1
139,12,111,19,22,5,0,1
193,7,48,21,38,4,1,1
391,1,141,29,2,8,4,1
182,26,84,25,33,6,3,1
155,37,10,15,1,9,5,1
423,9,43,2,63,7,0,0
500,18,85,8,61,4,4,1
153,36,26,5,29,9,2,1
370,28,24,22,27,3,5,1
74,40,48,18,79,9,2,1
296,33,96,30,5,8,3,1
357,35,46,11,83,5,2,1
346,27,149,3,92,7,4,1
390,2,72,5,41,5,3,1
65,18,80,19,68,2,5,1
405,21,87,7,28,5,4,1
238,16,10,16,58,10,4,1
114,2,89,11,21,4,0,1
100,13,43,29,67,2,3,1
359,27,10,10,86,9,3,1
291,33,107,21,73,5,1,1
372,29,111,1,25,10,4,1
458,28,46,2,53,4,5,1
24,11,83,23,61,2,4,1
201,11,127,8,95,1,5,1
150,22,68,1,56,9,5,1
229,9,8,23,17,8,4,1
30,7,31,17,30,1,0,0
391,6,131,2,98,6,2,1
220,16,110,4,60,3,0,1
373,20,84,10,96,9,5,1
447,40,61,8,7,4,0,1
132,26,35,25,3,6,4,1
162,17,122,29,97,4,2,1
136,9,43,1,52,7,3,1
421,18,117,5,29,5,4,1
303,13,64,4,83,4,2,1
157,21,9,13,60,1,0,1
202,35,103,12,83,4,3,1
123,22,111,25,72,6,0,1
243,1,114,18,94,8,2,1
453,22,61,9,23,6,2,1
259,36,149,29,21,2,2,1
337,23,77,20,3,8,3,1
101,22,121,11,14,9,4,1
398,14,150,18,15,4,0,1
492,40,17,21,11,5,1,1
334,7,102,9,27,1,4,1
200,3,55,16,56,1,0,0
57,26,8,2,97,9,3,1
489,22,122,20,82,6,5,1
468,36,110,12,64,3,5,1
223,6,116,9,80,2,5,1
61,32,96,27,20,2,1,1
91,22,128,21,48,2,3,1
374,17,135,16,80,1,1,1
379,35,35,19,42,5,1,1
218,27,72,2,27,7,4,1
45,20,23,27,94,4,2,0
128,15,27,30,53,2,5,1
162,12,104,28,10,1,5,1
278,11,53,18,81,8,2,1
404,19,62,21,44,7,0,1
341,29,87,13,61,5,5,1
342,19,114,15,82,7,5,0
377,10,128,14,91,8,1,0
439,10,128,22,24,6,3,1
153,24,20,3,19,4,1,1
176,34,132,27,56,7,0,1
378,14,88,30,8,3,5,1
463,20,43,23,40,2,2,1
437,31,123,21,33,4,3,1
377,23,86,3,10,2,5,1
231,10,79,2,35,5,4,1
154,17,121,20,71,9,3,1
334,6,61,2,48,10,5,1
139,16,35,13,50,1,1,1
246,10,62,13,96,5,4,1
117,40,77,22,40,4,0,1
364,15,81,25,76,1,2,1
227,14,129,5,96,5,5,1
48,9,91,20,97,3,4,1
232,14,100,13,35,4,4,1
499,34,16,12,58,5,4,1
46,2,41,27,71,9,1,1
41,5,42,27,64,2,1,1
14,21,109,24,51,3,1,1
318,5,117,14,96,3,0,1
307,15,38,6,45,1,4,1
173,3,90,19,12,10,4,1
107,20,130,1,17,8,0,1
36,3,120,2,40,6,2,1
384,27,54,19,33,4,4,1
441,8,63,15,77,4,4,1
168,24,87,2,86,3,2,1
366,31,76,16,65,10,5,1
419,31,35,20,62,4,2,1
421,35,120,26,100,5,1,1
177,15,108,8,91,3,0,1
104,8,110,14,37,9,4,1
222,36,90,6,74,9,3,1
296,39,61,2,44,9,2,1
153,9,88,20,58,6,3,1
407,30,123,13,35,7,4,1
422,20,26,26,46,7,4,1
308,32,30,28,47,2,4,1
202,9,31,16,76,10,1,1
92,17,132,9,23,8,2,1
280,36,27,29,39,2,5,1
408,30,11,23,16,1,0,1
440,2,19,13,52,1,2,0
468,29,85,5,21,9,3,1
467,21,124,15,19,7,0,1
491,12,27,29,29,8,4,1
169,30,14,8,87,1,3,1
201,40,79,28,32,3,3,1
164,10,130,18,45,7,3,1
113,39,31,28,75,9,1,0
238,12,132,1,60,5,4,1
200,16,39,6,21,4,1,1
388,25,76,18,63,1,4,1
206,7,57,9,34,2,3,1
183,31,17,11,61,2,0,0
433,8,82,11,35,4,4,1
348,1,2,6,28,1,4,1
496,36,44,4,89,6,3,1
276,29,52,7,91,1,4,1
414,37,76,21,51,1,1,1
180,27,127,6,98,9,3,1
363,21,120,14,61,6,4,1
90,21,80,21,67,1,4,1
182,18,99,2,27,6,0,1
404,26,101,5,54,7,4,1
245,40,103,7,19,1,0,1
92,5,17,16,16,3,5,1
298,7,47,28,95,6,1,1
187,10,148,4,24,4,0,1
305,2,95,5,66,3,0,1
166,8,92,30,47,1,2,1
373,10,7,23,97,10,1,1
406,37,45,26,21,8,0,1
289,8,20,21,79,1,1,1
475,12,122,16,70,6,2,1
444,10,107,13,93,3,4,1
480,26,125,3,45,1,5,1
377,30,40,27,8,10,2,0
344,10,109,18,68,4,0,1
151,38,78,21,50,7,2,1
59,12,15,11,71,5,1,1
177,3,99,23,4,7,5,1
173,13,130,2,6,4,3,1
343,10,71,30,56,6,4,1
444,17,133,8,81,5,1,1
226,21,75,13,31,6,4,1
388,13,98,30,24,8,5,1
412,26,106,27,44,6,3,1
326,32,3,21,45,7,5,1
297,39,145,21,36,6,4,1
325,24,111,29,50,3,0,0
12,39,81,28,41,8,1,0
296,2,90,15,64,4,5,1
419,34,149,29,26,2,0,1
101,11,2,19,43,6,3,1
320,16,126,1,28,8,3,1
193,24,133,13,6,10,1,1
25,11,107,30,53,5,5,1
190,36,80,4,2,4,4,1
272,30,118,11,46,1,4,1
421,12,116,18,38,7,0,1
424,31,4,15,6,5,5,1
147,39,65,2,26,9,5,1
167,27,32,21,7,7,4,1
401,22,117,15,80,6,1,1
129,8,113,16,29,7,3,1
484,15,76,10,88,1,3,1
70,26,100,7,35,7,3,1
69,2,53,21,52,1,4,1
118,16,134,4,62,10,2,1
268,39,61,12,65,2,1,1
170,17,89,10,34,10,1,1
309,1,25,1,48,8,2,1
322,15,41,7,60,5,4,1
424,32,41,5,89,2,3,1
344,3,7,7,68,2,4,0
176,14,119,11,23,5,0,1
298,7,129,27,78,5,4,1
290,31,72,8,73,9,5,1
139,9,143,15,80,5,5,1
395,22,36,10,39,8,3,1
496,7,122,2,8,4,4,1
320,6,83,26,27,6,0,1
389,24,30,30,45,3,1,1
386,40,52,1,45,5,5,1
178,14,119,13,6,3,0,1
185,3,88,6,62,6,0,1
340,11,131,13,79,7,4,1
242,19,96,17,53,5,0,0
75,32,122,12,19,5,4,1
94,33,28,17,36,7,2,1
458,12,38,4,25,5,1,1
172,28,146,11,42,7,4,1
113,39,98,21,45,2,2,1
461,13,16,4,6,6,0,1
362,18,5,19,53,6,3,0
271,3,100,20,50,7,3,1
14,13,5,20,14,3,2,0
255,22,60,24,34,4,0,1
65,25,3,5,95,3,3,1
164,4,116,20,4,2,4,1
483,15,15,27,6,5,5,1
67,3,28,22,42,3,3,1
282,21,5,14,7,4,4,1
491,10,11,24,16,9,2,1
454,37,45,20,68,8,3,1
487,5,87,14,15,1,3,1
63,30,50,1,19,10,2,1
35,13,73,12,55,5,1,0
26,15,93,26,99,7,3,1
383,23,93,13,74,1,1,1
41,20,106,1,28,8,5,1
366,7,82,9,50,8,5,1
324,35,122,11,25,10,3,1
293,10,145,28,1,8,4,1
38,2,53,29,37,4,1,1
204,12,130,9,58,7,2,1
195,6,69,17,64,5,0,0
40,25,2,2,51,6,5,1
328,8,101,10,26,5,2,1
342,39,25,15,33,7,1,1
252,13,23,20,94,6,4,1
345,2,31,15,95,9,5,1
285,19,93,15,68,8,5,0
381,38,12,14,22,1,4,1
435,6,32,2,16,2,2,1
252,15,78,9,53,4,1,1
65,12,72,7,10,4,2,1
490,5,84,18,78,7,2,1
354,27,40,1,79,3,1,1
252,19,101,29,9,2,1,1
411,25,101,19,99,8,2,1
193,14,76,2,27,8,5,1
411,34,119,17,73,1,4,1
209,22,65,24,75,4,3,1
329,29,38,28,41,4,5,1
231,30,56,2,45,4,0,1
400,24,100,17,79,3,4,1
298,4,97,19,90,5,4,1
218,11,136,21,8,3,0,1
421,5,22,8,28,6,1,1
475,13,104,27,26,7,5,1
456,4,139,27,9,4,3,1
183,17,17,8,19,2,5,0
371,18,29,3,48,9,3,1
12,33,41,5,94,6,0,1
228,34,43,11,71,10,0,1
199,20,143,11,86,2,3,1
145,10,46,11,97,5,0,1
473,1,147,19,92,1,1,1
379,29,45,13,38,5,3,1
500,12,88,7,14,10,2,1
300,2,3,4,54,8,1,1
95,1,75,27,29,4,0,1
493,14,19,24,80,3,3,1
223,28,24,24,77,7,2,1
43,23,76,19,48,10,0,1
316,35,94,6,11,10,1,1
259,35,20,14,61,6,1,1
482,19,112,29,99,9,5,1
341,13,145,21,29,9,2,1
332,35,8,26,25,4,3,1
367,7,88,3,84,4,0,1
178,13,51,19,27,6,0,1
431,25,147,7,45,10,5,1
419,33,9,18,7,7,3,1
405,19,80,12,2,4,1,1
245,40,150,11,3,6,3,1
484,36,18,4,21,5,0,1
372,5,58,20,12,5,3,0
52,30,42,19,25,5,4,1
320,17,26,5,37,5,4,1
233,36,111,19,62,2,4,1
250,1,41,8,95,4,1,1
475,26,7,20,51,8,1,1
92,33,117,9,57,3,5,1
295,31,83,19,82,7,1,1
213,35,42,12,70,7,2,1
238,24,57,18,51,4,5,1
180,22,19,20,1,2,4,1
320,6,57,20,75,10,1,1
112,36,11,9,62,6,0,1
268,27,54,19,64,10,2,1
461,17,7,28,90,1,0,1
396,31,105,23,9,1,3,1
204,26,81,16,38,10,2,1
385,8,47,1,97,6,0,1
61,25,41,18,40,7,5,1
233,31,36,11,46,9,3,1
122,16,142,30,99,9,3,1
352,7,89,7,67,3,0,1
488,18,141,6,88,10,4,1
62,7,26,4,12,9,3,1
298,21,84,24,95,9,1,1
20,34,109,20,41,1,4,1
388,17,17,18,97,2,2,1
136,29,35,24,4,10,1,1
72,20,91,23,78,2,1,1
211,29,112,18,65,8,3,1
151,12,11,7,78,8,2,1
244,10,140,23,17,8,2,1
51,14,143,13,38,3,0,1
362,3,126,25,42,7,3,1
189,37,102,23,39,3,4,1
473,16,150,2,32,9,0,1
240,39,42,20,23,8,1,1
230,36,87,17,70,10,2,1
71,27,28,1,7,2,3,1
368,5,115,11,68,4,1,1
27,1,124,6,93,2,0,1
159,8,2,10,70,1,5,1
270,3,79,21,88,5,5,1
59,22,40,12,31,9,1,1
409,33,31,8,90,4,2,1
156,36,78,4,3,7,4,0
351,31,62,7,77,6,5,1
224,18,6,21,2,10,5,1
161,28,68,27,88,2,5,1
18,25,124,28,70,1,2,1
494,2,67,20,72,8,2,1
302,17,71,17,25,10,0,1
105,3,150,5,99,7,0,1
470,31,27,11,1,9,3,1
41,34,27,12,82,8,5,1
289,2,139,21,39,10,0,1
131,6,27,12,97,9,2,1
328,3,38,25,24,5,4,1
113,14,37,22,89,7,5,1
206,17,65,8,39,6,1,1
186,18,79,28,52,8,2,1
177,1,113,11,64,10,4,1
17,4,55,20,9,6,5,0
452,35,122,17,64,10,3,1
281,6,128,17,9,4,2,1
391,20,113,4,12,3,5,1
360,23,34,7,96,10,0,1
215,39,128,27,83,8,2,1
10,27,115,13,39,7,2,1
53,38,12,12,41,1,0,1
47,10,19,7,48,8,2,1
393,36,133,27,26,5,5,1
370,2,56,5,13,5,4,1
193,40,114,3,4,8,1,1
417,10,1,10,5,6,0,0
371,36,37,25,22,6,5,1
117,20,133,15,57,4,3,1
459,1,124,3,3,1,4,1
256,32,64,5,100,2,5,1
471,3,101,26,26,1,0,1
336,15,77,12,64,4,3,1
271,33,120,12,93,7,4,1
24,21,71,22,59,1,4,1
11,16,131,16,84,3,5,1
261,35,112,4,53,10,2,0
91,11,4,27,76,6,5,1
259,29,85,3,63,10,4,1
215,9,34,21,55,8,5,1
346,10,128,20,63,5,5,1
254,4,122,27,68,8,5,1
234,13,108,13,66,6,1,1
434,36,40,14,70,9,4,1
178,12,39,17,80,6,0,0
386,12,95,22,22,4,3,1
209,9,48,22,17,10,2,1
438,22,117,30,59,1,2,1
347,14,13,14,79,2,3,1
430,4,18,13,57,3,1,1
27,11,77,22,66,5,0,1
300,32,75,30,89,7,4,1
50,20,40,26,72,9,1,1
16,13,2,9,78,2,5,0
126,11,148,29,100,9,1,1
79,1,128,27,10,5,0,1
234,10,75,27,90,9,1,1
329,2,117,2,95,7,0,1
159,27,87,24,3,10,0,1
293,29,77,23,52,10,1,1
184,37,11,25,9,3,0,1
188,5,50,12,57,4,1,1
198,3,15,12,35,5,4,1
370,15,140,11,9,6,5,1
144,37,63,16,25,5,5,1
424,15,35,12,66,9,1,1
441,21,128,14,50,9,4,1
264,13,57,15,55,5,3,1
16,25,118,14,67,8,5,1
130,34,91,4,13,1,1,1
169,14,122,14,54,8,4,1
309,2,29,21,80,6,4,1
153,24,33,3,82,4,5,1
333,16,34,21,2,3,2,1
398,13,37,18,71,6,4,1
283,19,19,29,90,9,2,1
292,10,65,1,99,9,1,1
218,31,149,5,58,4,5,1
241,15,67,20,15,1,2,1
110,9,39,25,79,1,4,0
150,28,52,5,15,2,1,1
489,20,91,8,1,6,5,1
485,22,7,8,16,2,5,1
349,1,95,8,44,2,5,1
118,11,12,6,61,5,3,0
346,2,56,8,45,1,1,1
500,27,61,26,56,6,0,1
351,13,42,3,57,10,4,1
288,35,107,16,31,8,2,1
407,30,48,28,29,6,3,1
83,25,90,19,11,9,0,1
493,14,1,12,53,3,4,1
225,18,2,27,34,10,4,1
348,36,58,13,68,7,4,1
191,25,122,24,52,8,5,1
204,15,115,5,47,2,3,1
329,25,139,25,56,9,5,1
70,19,32,6,69,5,3,1
34,33,76,9,60,1,1,1
314,39,92,23,17,1,2,1
354,3,20,25,79,9,4,1
215,38,134,5,99,4,0,1
418,31,116,22,32,1,0,1
494,8,40,6,96,9,2,1
235,31,102,7,63,9,5,1
77,22,24,18,53,10,0,1
388,13,145,7,57,2,2,1
345,36,85,16,30,3,3,1
95,6,16,30,95,2,5,1
116,34,113,27,89,3,1,1
62,33,52,16,9,10,2,1
211,35,102,21,88,1,3,1
198,18,114,9,93,7,4,1
313,14,114,16,93,2,3,1
87,18,55,20,38,4,1,1
455,17,59,24,6,7,2,1
237,36,134,24,35,4,4,1
171,1,15,7,87,1,4,0
230,6,127,26,16,8,1,1
404,4,54,7,69,3,3,1
46,30,31,12,30,2,4,1
425,40,92,18,55,7,0,1
109,38,138,17,17,1,1,1
430,2,88,30,51,4,0,1
337,3,134,7,45,4,4,1
203,33,113,4,40,3,5,1
464,26,90,1,18,6,1,1
222,38,89,3,1,5,0,1
465,16,125,9,43,7,5,1
464,31,2,24,61,3,4,1
354,29,63,14,54,7,4,1
372,21,149,7,73,2,1,1
308,35,10,10,16,6,1,1
254,16,139,12,7,6,0,1
226,14,101,13,64,1,2,1
334,19,59,19,98,10,2,1
389,15,133,7,7,10,0,1
319,39,36,11,67,9,0,1
44,26,91,18,52,2,4,1
495,1,16,14,95,9,0,1
110,17,37,9,31,5,4,1
14,15,80,15,51,7,0,1
190,34,77,20,79,1,3,1
143,10,57,9,35,2,2,1
129,29,51,28,76,10,0,1
317,3,40,22,80,4,2,1
368,22,80,17,56,7,1,1
498,27,19,14,92,10,1,1
115,27,57,18,50,7,3,1
206,22,16,28,91,9,0,1
117,1,130,9,82,3,2,1
56,11,57,3,49,10,3,1
440,23,26,8,77,2,5,1
195,21,96,14,94,8,3,1
448,19,68,15,19,10,5,1
206,19,48,24,15,3,3,1
482,15,107,4,55,2,5,1
439,20,131,3,12,5,0,0
470,18,144,4,66,8,1,1
409,35,37,28,79,9,2,1
79,34,87,20,54,10,2,1
302,40,73,19,91,5,5,1
455,12,80,7,84,7,4,0
473,12,27,10,23,9,1,1
202,10,103,20,8,6,0,1
174,15,69,21,17,7,1,1
81,30,6,24,43,6,3,1
479,35,71,19,74,8,1,1
352,7,73,29,62,4,0,1
374,38,147,17,22,1,5,0
288,31,31,3,50,8,3,1
36,6,106,6,95,8,5,1
336,13,145,7,86,2,1,1
170,37,116,11,86,2,3,1
257,14,103,20,39,9,0,1
450,33,127,27,68,8,0,1
382,22,35,14,65,5,2,1
123,22,113,30,84,10,4,1
460,29,2,18,25,5,3,1
302,21,96,11,90,8,2,1
36,27,81,28,78,7,5,1
162,23,103,18,8,6,3,1
297,17,44,19,78,8,0,1
66,21,13,9,82,5,1,1
370,16,19,14,19,1,1,1
21,29,11,18,97,4,3,1
255,17,62,3,26,1,0,1
37,2,112,26,69,1,3,1
343,3,35,5,41,4,3,1
450,29,141,5,45,10,3,1
210,7,43,22,33,10,5,1
349,17,66,2,71,6,3,1
278,26,130,4,50,8,2,1
327,5,127,30,42,1,2,1
297,14,118,27,84,5,4,1
14,38,32,30,21,10,5,1
120,13,68,26,48,1,5,1
212,23,118,30,48,5,5,0
435,26,2,26,77,6,2,1
309,16,140,8,10,9,2,1
361,26,104,1,29,4,5,1
176,6,23,18,89,10,4,1
200,20,5,6,10,8,2,0
288,35,69,30,60,3,2,1
472,17,8,24,63,7,1,1
291,29,46,3,18,2,5,1
304,40,18,28,1,5,3,1
323,8,82,6,76,5,1,1
395,28,125,22,94,6,5,1
178,30,90,24,30,1,3,1
224,21,41,27,87,8,1,1
275,13,36,15,16,8,3,1
114,27,52,18,73,7,2,1
204,21,99,20,58,5,3,1
342,1,105,27,56,4,4,1
254,10,38,13,48,5,4,1
312,2,112,15,53,7,3,1
55,23,113,15,17,6,5,0
67,8,103,25,24,4,5,1
299,2,72,12,46,7,3,1
456,21,127,28,12,3,2,1
293,2,48,14,73,7,1,1
141,40,126,23,83,5,5,1
66,35,145,9,99,9,4,1
473,19,104,1,68,6,3,1
73,29,98,8,79,5,4,1
475,32,71,25,7,2,0,1
315,7,91,17,50,6,4,1
368,14,68,11,65,1,1,1
494,23,150,5,89,10,4,1
237,21,102,9,90,3,4,1
67,23,122,23,93,6,3,1
218,7,138,20,94,5,2,1
81,29,147,29,8,5,3,1
281,1,69,25,66,2,4,1
441,25,9,28,24,8,2,1
169,18,90,3,61,5,3,1
391,30,57,15,99,6,0,1
470,24,8,20,86,5,0,1
426,20,134,9,20,7,0,1
402,25,76,5,90,2,5,1
232,23,13,24,34,8,3,1
385,18,110,16,60,10,3,1
455,24,52,2,58,6,4,1
159,15,111,20,22,10,4,1
333,32,144,25,66,8,0,1
326,27,103,28,9,4,2,1
232,10,138,21,16,3,0,0
125,22,109,7,90,10,2,1
468,20,4,15,94,6,4,1
456,5,44,11,52,9,5,1
187,9,80,25,77,5,2,1
242,26,67,17,77,10,5,1
139,31,72,13,94,4,1,1
458,23,52,26,20,9,1,1
99,28,149,3,28,2,0,1
156,9,41,14,43,8,3,1
342,9,11,18,90,9,5,1
261,25,89,1,42,1,4,1
197,3,76,13,21,4,5,1
342,20,15,15,32,2,2,1
355,7,132,14,7,1,2,1
19,26,90,23,52,5,4,1
72,5,81,12,8,9,0,1
275,31,40,15,48,5,3,1
420,35,70,18,65,9,0,1
127,33,65,12,80,1,1,1
212,34,33,14,14,6,2,1
308,14,144,6,93,10,5,1
272,1,30,29,87,8,2,1
281,30,62,12,11,4,0,1
347,39,16,19,6,7,2,1
39,2,46,19,79,4,1,1
159,5,92,26,17,7,5,1
454,33,122,14,56,4,2,1
331,7,20,29,71,1,1,0
169,40,57,19,14,1,1,1
53,10,149,7,75,2,0,1
343,22,103,23,96,4,4,1
13,33,7,8,61,9,4,1
164,25,112,1,3,7,0,1
463,9,128,19,39,5,4,1
50,24,16,17,67,1,2,0
338,8,121,27,39,7,1,1
263,28,20,16,55,6,3,1
321,27,134,19,3,4,5,1
259,38,9,3,69,3,4,1
384,28,140,3,32,2,2,1
64,25,62,14,60,4,3,1
98,20,99,13,53,6,3,1
205,19,107,15,90,4,0,1
455,6,139,19,53,8,1,1
362,27,148,29,64,8,3,1
413,26,14,16,31,5,2,0
491,28,100,3,89,6,3,1
400,15,56,23,92,6,2,1
427,37,87,6,48,6,1,1
340,37,115,19,63,9,1,1
377,12,34,5,37,10,1,1
471,26,83,8,91,8,2,1
466,18,92,23,5,10,3,1
91,20,30,17,60,7,1,1
251,3,142,2,42,8,3,1
123,33,149,4,74,9,5,1
307,22,124,6,37,3,5,0
159,15,109,22,38,1,1,1
104,22,50,23,11,6,4,1
436,8,136,24,96,2,0,1
136,31,15,8,79,4,2,0
293,25,49,5,29,8,5,1
210,24,74,21,29,4,2,1
471,5,74,25,27,7,3,1
36,33,147,18,90,3,2,1
98,27,119,27,81,6,3,0
242,8,108,27,58,1,3,1
444,4,111,11,37,1,5,1
209,1,33,9,84,8,5,1
353,15,53,21,37,3,3,1
215,32,65,2,43,7,5,1
378,25,89,20,34,9,3,1
182,36,45,24,57,2,5,1
366,22,34,28,9,5,5,1
360,7,18,4,60,2,0,0
419,25,79,20,83,7,5,1
468,33,121,6,35,2,2,1
356,40,118,1,13,6,3,1
384,30,38,22,33,7,2,1
435,37,39,18,18,6,2,1
433,4,144,2,43,3,1,1
254,4,140,23,76,9,2,1
12,21,51,3,68,10,4,1
30,24,33,12,21,9,4,1
352,34,72,29,44,8,5,1
336,9,142,20,37,6,1,1
498,36,148,4,52,2,4,1
421,37,19,26,77,10,2,0
45,7,17,11,59,4,1,1
413,1,47,12,38,3,2,1
374,4,30,14,74,4,5,1
492,24,63,27,96,3,5,1
402,10,69,2,66,9,2,1
79,19,113,30,15,8,1,1
19,3,39,25,91,3,0,1
435,6,16,7,7,8,3,1
154,16,71,24,86,9,0,1
41,4,95,9,86,1,2,1
375,7,99,9,58,4,5,1
283,23,84,25,35,5,0,1
135,2,46,22,39,3,0,0
13,37,95,2,90,7,2,1
429,1,70,3,31,8,4,0
462,17,31,25,57,5,5,1
64,17,61,11,81,2,4,1
358,28,106,11,66,4,2,1
238,21,43,22,22,8,0,1
17,17,90,13,25,4,4,1
70,32,80,22,15,6,0,1
200,2,74,2,32,5,2,1
10,24,10,21,54,2,0,0
288,12,121,13,39,5,0,1
129,17,3,10,59,4,1,1
268,19,94,23,25,8,0,1
345,24,127,30,77,10,5,1
31,4,69,6,5,1,1,0
455,37,118,29,39,7,1,1
211,6,100,10,9,9,4,1
398,35,20,19,85,3,5,1
451,20,87,29,90,1,5,1
389,19,25,30,58,4,5,1
397,19,28,6,11,4,3,1
212,2,98,1,57,2,4,1
122,1,54,8,10,9,5,1
312,20,105,14,1,6,4,1
457,31,125,7,3,6,0,1
497,1,143,16,1,10,2,1
378,18,58,5,24,7,4,1
338,8,93,3,55,6,4,1
24,6,117,3,30,8,3,1
184,4,28,9,49,2,4,0
70,35,46,1,16,4,2,1
294,18,103,25,99,2,2,1
393,9,82,1,12,1,0,1
84,10,30,21,69,10,3,1
283,23,130,27,79,8,2,1
386,14,127,26,100,6,1,1
294,39,14,28,30,2,3,1
26,24,18,27,68,1,0,1
294,4,72,21,86,2,0,1
206,40,146,17,39,10,4,1
21,39,112,16,98,7,1,1
221,2,43,29,100,9,4,1
313,19,95,6,20,9,1,1
139,4,136,20,59,6,0,1
327,29,52,12,75,3,4,1
223,21,129,10,75,8,1,1
177,34,34,10,11,5,0,1
129,30,1,16,71,8,4,1
104,28,69,22,13,5,0,1
59,13,79,29,71,5,4,0
10,12,65,17,54,9,0,1
362,19,37,9,49,8,3,0
24,9,94,10,69,6,3,1
416,1,126,11,41,6,2,1
30,21,122,5,42,7,4,1
140,39,75,22,91,10,1,1
10,11,57,27,13,8,2,1
285,3,89,24,39,9,3,1
480,16,85,7,12,4,2,1
209,28,132,10,47,8,2,1
123,5,24,19,47,6,4,1
282,4,3,24,94,8,4,1
56,36,135,13,92,2,5,1
62,34,3,17,64,6,1,1
266,16,99,5,40,6,2,1
393,4,19,16,36,1,1,1
58,13,104,28,44,8,0,1
121,23,1,20,77,9,5,1
14,24,58,14,12,3,0,1
199,8,130,24,70,8,1,1
288,26,31,24,33,8,3,1
30,25,82,15,8,10,3,1
43,35,7,6,74,5,1,1
358,23,95,8,12,9,4,1
489,34,97,25,6,9,3,1
147,10,16,30,80,3,0,0
18,35,67,26,25,8,2,1
363,15,130,3,88,3,2,1
466,30,111,4,35,10,2,1
137,23,19,23,79,1,5,1
147,33,66,3,22,5,4,1
237,30,51,6,23,8,3,1
238,10,15,28,5,4,3,1
63,14,80,11,67,2,0,1
331,13,119,1,21,5,3,1
150,6,143,25,64,1,0,1
482,16,145,14,4,2,1,1
25,34,113,2,44,10,4,1
484,11,122,14,85,4,1,1
188,21,56,9,62,3,1,1
273,1,41,9,99,7,1,1
380,36,81,19,68,10,1,1
222,29,96,22,14,9,5,1
207,12,106,21,87,5,2,1
103,27,47,13,39,2,4,1
326,37,96,16,66,5,1,1
265,28,132,23,34,7,1,1
263,22,88,15,86,5,0,1
498,37,24,23,72,7,5,1
213,38,88,1,99,9,5,1
149,20,40,13,55,3,1,1
345,28,146,8,63,5,3,1
96,17,45,22,9,7,5,1
139,23,94,12,54,3,4,1
187,3,2,29,26,9,5,1
364,15,83,8,89,7,3,1
492,5,30,27,74,6,2,1
469,7,69,8,56,5,0,1
373,24,127,2,47,5,3,1
424,5,120,22,100,10,2,1
210,19,95,8,72,10,0,0
295,28,63,5,4,4,4,1
52,10,31,20,36,8,4,1
188,35,4,10,87,3,3,1
148,27,113,29,75,5,3,1
473,27,35,4,74,4,3,0
449,31,98,5,43,4,5,1
470,5,129,5,2,1,4,1
111,40,83,30,24,10,5,1
156,9,33,9,43,5,0,1
151,37,99,10,13,1,2,1
429,33,63,8,52,4,0,1
17,3,82,13,49,4,3,1
55,5,38,29,93,4,1,1
198,13,45,27,49,5,4,1
392,12,91,8,22,7,3,0
76,17,16,5,55,6,5,1
207,6,102,11,77,1,2,1
297,18,50,7,74,7,3,1
387,16,100,27,75,1,1,1
112,19,43,21,81,4,1,1
471,38,143,11,99,1,0,0
165,11,11,13,40,10,1,1
77,20,74,3,80,1,4,1
321,33,114,7,99,2,5,1
248,15,95,23,32,3,1,1
249,1,33,23,32,10,2,1
216,17,102,6,87,5,5,1
338,7,55,14,23,1,5,1
34,19,124,10,88,8,5,1
275,13,85,11,12,4,0,1
79,3,81,27,35,9,2,1
222,16,105,16,96,7,3,1
470,2,23,1,53,10,0,1
398,35,123,20,31,5,2,1
224,19,127,18,42,3,2,1
143,39,97,24,21,6,3,1
63,15,140,27,45,5,5,1
300,18,58,24,93,1,4,1
441,13,123,22,86,1,3,1
328,19,80,2,78,6,3,1
373,38,123,25,11,1,3,0
396,5,125,15,63,4,2,1
474,2,42,6,46,8,5,1
338,40,67,27,49,9,4,1
225,24,44,7,99,7,4,1
399,3,144,14,1,3,5,1
225,35,57,23,50,10,3,1
72,19,81,8,35,3,1,1
499,11,72,28,75,9,1,1
215,2,86,10,2,9,2,1
418,22,13,14,22,2,3,1
78,1,108,3,5,8,0,1
449,40,123,27,71,3,3,1
321,38,67,26,46,3,2,1
500,16,126,18,52,7,5,0
126,19,42,13,2,10,2,1
285,20,31,23,51,5,1,1
205,4,126,12,1,10,5,1
301,24,8,29,52,2,1,1
220,28,55,19,89,6,2,1
298,5,89,27,18,5,3,1
326,31,148,19,55,1,5,1
324,19,137,27,89,1,5,1
227,35,14,13,16,2,3,1
465,19,8,7,77,8,4,1
10,17,50,8,90,7,0,1
335,35,110,12,31,6,1,1
43,36,111,10,53,10,4,1
221,23,57,20,68,9,0,1
79,13,87,5,40,3,2,1
80,16,147,21,42,5,2,1
180,8,108,2,53,3,3,0
177,5,47,19,33,5,2,1
476,8,51,25,26,5,0,1
223,13,3,4,69,8,3,1
142,10,75,2,93,2,4,1
117,16,11,24,31,9,5,1
221,16,61,26,97,8,4,1
115,23,6,4,91,7,0,1
97,17,141,25,48,7,4,1
452,37,117,6,27,9,3,1
470,20,88,3,80,3,1,1
380,35,54,15,35,7,1,1
351,25,98,11,64,5,2,1
233,18,55,23,78,7,3,1
232,4,56,9,55,6,5,1
22,23,147,12,40,4,5,1
61,11,43,8,64,8,0,1
401,34,91,25,39,1,2,0
200,34,54,12,59,9,1,1
96,7,80,5,32,2,4,1
92,15,55,14,56,2,4,1
205,18,58,1,83,5,5,1
194,3,45,21,85,3,4,1
243,4,103,16,18,2,3,0
45,18,34,30,98,6,2,1
374,20,121,13,100,7,2,1
209,27,18,8,15,7,1,1
495,8,49,10,42,9,5,1
110,25,64,24,38,6,2,1
429,27,37,22,60,4,3,1
100,18,42,10,10,6,1,1
208,28,23,23,95,9,0,1
358,20,20,29,80,7,4,1
132,38,113,18,54,9,5,1
323,6,66,26,78,7,4,1
500,14,47,21,6,9,3,1
496,9,104,8,33,8,0,1
305,8,58,15,7,2,4,1
125,30,57,19,11,8,5,1
185,17,46,17,31,1,4,1
386,35,15,3,53,4,5,1
99,24,30,25,64,9,5,1
12,18,60,10,90,2,3,1
220,35,16,1,42,6,4,1
500,13,145,6,38,10,5,1
477,28,56,28,62,9,5,1
166,20,1,25,82,7,0,1
305,20,80,21,58,4,0,1
205,4,71,3,63,1,1,1
300,6,76,2,44,5,1,1
131,32,51,7,29,8,3,1
32,28,35,5,17,5,5,1
224,28,137,16,90,9,1,1
420,21,112,27,8,10,3,1
496,2,70,27,28,9,2,1
385,31,95,9,55,7,5,1
313,27,62,21,96,2,5,1
382,16,17,24,88,1,1,1
397,9,69,19,78,3,1,1
67,40,146,22,98,6,3,1
257,25,37,20,29,4,1,1
261,30,72,26,46,4,0,1
190,10,150,5,23,5,5,1
42,36,33,11,33,1,3,1
367,21,51,17,22,4,5,1
107,21,107,23,8,2,1,1
259,17,54,3,14,6,4,0
114,26,107,6,63,8,0,1
205,10,21,22,71,1,4,1
421,35,122,27,88,5,0,1
408,10,66,27,52,9,3,1
177,20,36,29,29,6,4,1
225,13,25,18,10,1,4,0
306,4,73,24,40,7,0,1
155,28,72,18,80,3,2,1
432,4,62,24,77,10,4,0
471,16,91,3,87,9,2,1
413,40,70,8,12,6,4,1
465,17,113,26,80,6,4,1
26,37,85,5,95,4,2,1
30,28,100,8,35,7,3,1
30,23,66,13,6,2,1,1
94,6,76,15,88,6,4,1
323,31,75,17,61,6,5,1
415,40,24,15,86,3,5,1
434,26,3,29,20,1,3,1
81,40,140,28,35,2,0,1
419,12,4,26,74,8,5,1
431,2,54,17,67,9,4,1
131,19,24,27,24,10,0,1
167,26,121,9,40,10,4,1
151,14,10,17,1,7,5,1
98,30,28,22,28,7,0,1
471,17,80,17,26,2,0,1
216,9,32,25,9,10,5,1
147,10,99,19,61,10,1,1
217,3,67,18,23,7,5,1
487,38,101,9,30,5,3,1
89,35,125,9,24,5,5,1
221,23,22,2,26,4,4,1
205,8,113,7,62,5,1,1
104,26,84,21,67,2,0,1
121,11,141,23,7,4,2,1
216,28,34,13,1,1,1,1
107,33,32,22,1,4,0,1
384,19,59,26,37,10,4,1
34,28,54,22,59,1,3,1
408,16,110,3,93,4,0,1
405,3,30,25,16,10,2,1
419,10,69,3,14,1,5,1
193,8,5,4,100,6,5,1
389,24,140,30,81,8,1,1
361,39,74,22,24,2,2,1
362,26,130,28,28,7,4,1
60,24,121,17,49,7,4,1
382,13,87,23,88,2,0,1
294,16,116,6,9,1,1,1
422,10,134,6,10,7,5,1
495,35,117,15,7,3,3,1
351,23,15,23,95,4,5,0
367,22,129,21,100,7,0,1
330,26,144,23,53,4,2,1
343,18,67,24,74,1,3,1
497,4,69,10,2,3,2,1
202,37,22,24,69,5,0,1
275,29,21,24,85,8,0,1
204,6,37,21,3,9,2,1
448,13,11,9,19,5,1,0
249,22,144,9,26,1,0,1
251,9,13,27,44,5,0,1
135,20,138,24,94,7,5,1
212,20,120,29,12,3,2,1
86,40,95,13,13,7,0,1
214,26,9,23,33,8,3,1
324,23,49,8,30,9,5,1
103,28,88,13,98,5,0,1
149,24,125,6,6,6,0,1
416,39,39,22,76,9,4,1
33,29,22,1,35,1,5,1
23,5,58,21,53,2,5,1
360,7,42,2,30,5,0,1
425,7,36,15,48,7,1,1
426,10,2,18,63,10,5,1
71,29,45,9,76,6,1,1
331,12,15,8,82,9,1,1
294,15,118,16,45,10,1,1
35,30,33,22,4,6,4,1
19,2,32,7,6,1,0,0
26,37,29,19,27,9,5,1
162,5,123,3,49,5,1,1
323,16,143,26,85,3,4,1
312,2,140,2,9,6,2,1
450,35,48,13,30,3,2,0
431,8,25,5,11,4,5,1
161,17,131,27,69,1,3,1
230,36,15,6,32,9,1,1
376,5,38,16,20,1,0,1
221,15,121,20,50,3,4,1
459,39,67,8,33,2,0,0
379,27,11,22,23,10,0,1
397,25,84,14,8,3,2,0
123,39,46,21,4,10,3,1
206,14,29,15,93,4,4,1
322,22,74,2,82,10,1,1
344,18,115,30,56,1,4,1
479,36,121,27,22,8,5,1
486,33,16,6,24,5,3,1
276,21,80,23,84,10,0,1
243,35,76,18,11,4,2,1
156,3,2,17,49,5,4,0
59,26,59,5,11,4,3,1
408,9,127,14,49,9,1,1
199,6,135,8,66,6,1,1
132,16,12,11,72,1,3,1
254,26,76,16,55,8,4,1
185,32,8,27,64,2,2,1
227,16,148,25,33,8,4,1
290,39,133,20,28,4,2,1
485,17,17,23,22,4,2,1
208,1,26,17,1,3,1,0
77,11,3,4,62,4,0,1
401,32,35,19,50,9,0,1
145,28,116,6,4,8,0,1
332,19,8,29,82,2,4,1
147,8,12,3,16,4,5,1
416,3,36,15,32,4,3,1
226,15,53,28,16,7,1,1
135,23,124,21,16,4,1,1
449,29,111,24,88,9,0,1
117,37,60,23,34,3,3,1
321,5,139,14,24,2,3,0
432,16,29,16,42,6,1,1
147,32,35,13,74,5,0,1
157,4,135,14,18,6,1,1
500,22,20,12,4,2,1,1
444,29,86,8,6,2,2,1
469,33,101,28,92,8,0,1
331,20,72,20,95,5,4,1
340,1,32,29,19,6,0,1
63,4,20,14,99,6,5,1
178,25,55,10,10,4,0,1
393,19,51,5,94,6,0,1
262,20,121,14,6,6,5,1
308,30,81,15,44,10,1,1
460,2,14,26,26,7,5,1
221,24,143,19,47,4,2,1
278,13,66,13,83,7,5,1
328,35,122,28,27,7,3,1
47,18,9,18,70,2,4,1
420,7,139,5,9,10,5,1
411,2,134,15,47,1,5,1
250,14,61,24,2,3,2,1
66,39,45,10,62,2,4,1
107,14,71,10,1,8,4,0
486,26,57,4,6,10,2,1
141,24,96,27,55,6,4,1
180,31,30,25,34,10,0,0
142,10,12,19,12,2,1,0
23,30,97,3,30,2,4,1
305,8,29,26,100,5,5,1
308,19,91,22,36,5,1,1
102,6,3,12,48,4,1,1
469,36,113,7,80,6,2,0
79,11,8,13,80,6,0,1
496,9,7,14,2,10,0,1
141,9,132,7,88,10,2,1
442,26,84,1,52,2,0,1
146,14,147,13,54,3,2,1
204,26,135,9,16,3,5,1
68,30,22,14,85,7,5,1
227,6,121,15,70,4,1,1
493,10,138,7,10,5,3,1
352,29,33,17,77,5,2,1
403,6,119,28,11,2,0,1
479,29,94,9,66,2,1,1
68,5,40,17,73,7,4,1
264,22,120,16,30,2,2,1
289,14,107,12,41,7,3,1
236,3,121,12,73,2,5,1
94,9,39,8,64,9,1,1
215,10,141,29,28,3,5,1
265,27,69,13,20,10,5,1
76,3,138,16,43,9,2,1
497,40,146,17,15,5,3,1
361,27,136,14,44,10,0,1
492,19,113,5,51,9,2,1
138,2,99,24,75,8,3,1
174,40,114,17,83,5,5,1
345,10,55,21,47,1,4,1
152,17,130,22,40,2,4,1
393,2,139,26,21,2,4,0
298,39,72,8,51,6,4,1
100,3,122,16,48,10,0,1
190,29,11,7,46,7,0,1
330,20,15,13,84,8,3,1
254,33,1,24,83,5,1,1
40,14,63,3,31,5,2,1
74,21,39,14,15,4,1,1
459,12,86,16,85,3,2,1
154,7,28,7,17,9,1,1
457,1,145,24,64,1,4,1
101,29,68,7,69,10,4,1
305,32,30,18,63,8,2,1
330,28,108,20,51,1,1,1
281,5,37,10,94,9,1,1
84,12,101,7,47,2,0,1
485,23,135,24,19,4,2,1
239,10,37,9,58,10,0,1
453,23,87,20,23,10,3,1
32,2,119,11,27,9,1,1
321,5,44,21,16,6,5,1
316,33,55,3,31,9,1,1
274,13,18,22,52,8,0,1
38,18,93,6,54,1,2,1
447,16,126,22,57,9,5,1
199,14,140,22,63,5,0,1
234,2,16,3,73,3,5,1
205,13,111,4,81,1,0,1
489,22,55,2,85,5,3,1
185,35,146,10,61,2,0,1
89,38,106,24,29,8,1,1
494,15,43,3,34,2,4,1
284,22,147,12,31,2,3,1
344,1,87,27,1,4,0,1
448,34,25,11,25,2,3,1
440,19,123,27,16,5,4,1
218,24,6,14,6,7,1,1
481,6,8,2,6,9,2,1
68,33,91,10,37,10,0,1
407,13,51,13,69,1,1,1
279,14,75,4,56,8,4,1
143,33,69,15,39,5,3,1
365,21,79,21,96,2,0,1
355,34,24,20,48,9,1,1
190,26,24,4,75,3,0,0
292,20,25,19,93,9,1,1
12,21,150,28,79,3,3,1
282,23,123,21,77,5,0,1
417,31,53,22,34,3,0,1
421,19,26,22,30,10,5,1
364,19,50,27,38,10,0,1
131,35,20,22,23,7,3,1
159,10,79,4,18,8,0,1
39,39,136,7,3,5,2,1
196,14,105,5,32,4,4,1
484,33,145,1,74,9,1,1
474,20,3,2,14,8,1,1
409,12,107,1,12,3,0,1
247,33,57,7,8,3,4,1
103,16,62,7,25,9,0,1
223,6,51,22,90,4,0,1
155,3,8,29,96,7,0,0
186,8,33,6,20,10,1,1
11,4,141,12,77,2,4,1
348,39,106,6,9,5,4,1
125,36,68,28,75,9,3,1
125,12,142,12,60,5,1,1
368,22,141,2,69,1,2,1
73,19,115,23,85,7,0,1
426,30,142,30,3,7,5,1
411,19,40,22,17,8,3,1
445,35,116,29,57,7,3,1
180,32,4,20,6,1,5,1
365,16,9,19,77,5,0,1
255,15,80,27,59,7,5,0
65,3,82,10,35,9,1,1
224,35,98,13,56,4,3,1
309,2,94,29,80,8,4,1
87,31,68,25,68,2,0,1
370,25,79,30,33,10,1,1
297,15,71,25,45,7,4,0
261,35,72,30,57,7,1,1
96,33,108,18,86,9,4,1
33,15,68,11,24,2,0,1
496,12,120,18,88,4,1,1
500,22,116,17,2,6,2,1
229,6,31,14,69,10,3,1
449,38,101,27,63,1,0,1
428,21,39,18,42,9,1,1
179,17,83,13,79,1,2,1
412,15,25,3,34,4,1,1
422,31,148,8,19,1,4,1
67,4,141,7,34,9,4,1
417,17,89,2,90,9,0,1
441,19,55,29,11,1,1,1
317,1,90,14,92,5,2,1
17,30,118,19,35,6,2,1
383,10,16,3,50,6,5,1
188,13,103,12,72,10,1,1
308,39,2,6,59,1,4,1
189,5,85,29,59,9,2,1
265,16,143,13,21,6,0,1
299,28,75,22,88,1,4,1
94,22,123,2,27,1,0,1
346,3,2,23,75,10,0,1
367,22,94,1,94,1,5,1
355,2,85,13,94,3,5,1
401,33,51,4,91,4,5,1
405,13,16,24,74,6,2,1
400,9,49,29,58,1,5,1
134,37,84,17,8,5,4,1
346,39,70,20,18,9,3,1
345,17,6,15,58,3,2,0
187,5,18,25,80,2,3,1
235,18,69,19,11,10,3,1
336,28,133,2,54,10,1,1
12,26,112,6,26,5,5,1
376,27,125,13,85,7,0,1
352,40,27,24,20,2,1,1
287,14,85,30,91,6,4,1
221,5,61,20,24,5,1,1
437,28,123,3,19,3,1,1
387,27,81,21,58,4,5,1
241,26,71,19,34,3,4,0
283,20,125,8,12,1,4,1
51,4,25,27,91,3,3,1
42,29,125,4,23,3,4,1
431,15,71,27,51,3,0,1
122,10,14,23,93,1,5,1
366,7,118,3,74,4,1,1
351,31,8,23,35,8,5,1
161,37,2,19,97,7,2,1
162,37,115,26,43,10,4,1
147,33,73,6,16,9,0,1
471,26,32,17,86,7,5,1
289,27,103,20,84,6,3,1
410,36,128,11,23,10,5,1
133,24,21,15,98,8,4,1
43,37,88,29,41,2,2,1
131,8,21,19,20,6,3,1
274,31,123,22,81,6,1,1
220,2,82,9,41,2,4,1
12,4,124,30,48,4,1,1
209,13,103,23,75,10,0,1
363,25,68,19,93,10,1,1
121,22,96,25,8,2,4,1
191,2,122,14,18,8,3,1
301,26,112,11,50,7,4,1
308,38,106,2,72,8,1,1
402,29,76,26,9,8,5,1
273,23,50,3,21,3,2,1
294,5,70,6,3,10,2,1
353,2,15,27,29,3,5,1
493,35,80,28,66,6,3,1
155,14,13,11,38,2,3,1
352,37,34,25,23,7,5,1
265,19,133,19,69,1,1,1
34,13,25,28,15,3,0,0
368,24,64,13,2,6,4,1
287,22,121,20,23,6,3,1
179,40,120,14,58,8,1,1
204,6,141,9,8,4,4,1
461,30,59,14,77,2,3,1
264,33,141,7,94,6,2,1
187,4,21,9,88,4,2,1
116,38,64,30,71,10,2,1
188,37,126,4,70,1,2,1
376,34,104,23,88,2,3,0
409,13,97,14,28,5,2,1
492,5,48,2,54,10,1,1
258,7,35,4,6,2,0,1
129,32,110,5,88,6,1,1
222,39,149,17,59,10,2,1
112,1,136,18,87,10,5,1
325,40,103,15,62,9,2,1
498,16,120,20,19,2,1,1
88,27,51,9,85,1,1,1
19,14,34,26,47,1,0,1
91,27,144,27,13,1,2,1
265,2,89,24,60,4,1,1
161,25,10,14,18,9,3,1
138,37,10,13,88,10,4,1
48,3,82,15,79,6,4,1
177,15,22,28,39,3,0,0
323,33,13,21,63,10,1,1
116,25,90,4,96,1,4,1
460,11,50,9,73,10,4,1
404,5,52,19,13,1,0,1
41,23,37,10,31,8,3,1
358,27,83,1,65,9,0,1
65,37,75,21,93,6,2,1
184,25,1,29,10,3,4,1
121,22,107,22,92,3,2,1
435,35,29,2,28,2,1,1
183,40,70,13,28,7,0,1
18,25,46,20,56,2,1,1
431,19,137,11,33,4,0,1
206,27,6,5,73,6,4,1
334,26,47,9,67,10,3,1
330,29,28,18,25,9,0,1
142,32,28,1,26,3,3,1
290,30,8,7,100,8,0,1
495,17,31,2,98,8,3,1
292,25,76,29,63,6,1,1
355,11,60,16,22,9,2,1
142,27,119,22,16,7,5,1
373,34,16,8,90,10,5,1
121,17,130,10,81,6,0,1
174,35,36,17,65,6,4,0
307,31,110,25,45,9,4,1
329,25,35,19,89,10,0,1
325,19,147,6,37,4,1,1
483,35,86,4,65,3,1,1
417,33,63,4,95,8,5,1
254,29,21,26,68,6,2,1
405,14,101,4,55,6,5,1
417,39,89,19,45,9,1,1
175,29,46,29,92,9,1,1
179,21,111,26,7,6,0,1
112,10,95,19,24,7,0,1
129,19,123,14,66,4,1,1
268,29,79,22,57,8,2,1
75,2,63,22,86,5,3,1
162,39,119,17,6,8,5,1
304,7,52,27,24,4,3,1
165,40,23,28,43,4,1,1
291,25,61,1,80,1,1,1
230,32,81,17,46,4,3,1
32,19,118,26,56,7,0,1
124,2,116,22,60,3,5,1
436,14,102,21,45,9,3,1
177,24,28,20,96,9,5,1
422,37,97,10,32,9,1,1
150,32,119,5,49,5,5,1
472,10,71,3,76,4,4,1
359,24,87,27,8,4,0,1
233,29,82,23,11,4,1,1
270,16,74,27,12,8,1,1
148,32,117,4,68,6,3,1
136,38,66,19,71,6,5,1
355,6,120,5,66,6,0,1
469,13,60,17,44,4,1,1
318,19,11,4,46,7,1,1
122,5,128,20,33,4,5,1
445,10,143,28,97,10,0,1
388,38,20,14,72,3,3,1
251,11,49,18,88,5,0,1
416,2,108,29,9,5,4,1
375,14,117,15,98,4,1,1
92,2,100,26,75,10,0,1
34,27,143,1,94,1,2,1
461,37,37,4,42,5,3,1
496,2,51,4,36,9,4,1
415,35,47,25,73,8,5,1
130,3,38,27,63,8,5,1
471,9,99,20,28,9,4,0
196,28,119,23,21,3,4,1
354,24,97,4,30,4,4,1
154,6,147,2,87,8,3,0
213,37,7,28,10,3,5,1
245,6,7,10,70,6,2,1
148,40,101,16,45,8,5,1
259,17,72,5,10,3,1,1
223,11,109,27,40,7,4,1
334,36,49,15,82,3,4,1
233,39,1,6,72,5,4,1
55,8,101,20,95,7,3,1
460,11,113,8,68,7,3,1
424,37,66,28,11,3,1,1
129,12,46,25,6,2,0,0
444,37,65,13,14,1,0,1
118,24,86,30,68,7,1,1
315,19,13,1,41,7,2,1
309,29,40,2,21,7,4,1
183,14,112,20,95,4,0,1
40,35,129,2,61,2,5,1
251,23,132,30,25,1,5,1
467,9,91,22,76,4,2,1
19,23,150,15,77,7,4,1
246,17,142,3,44,10,0,1
310,34,87,11,59,3,1,1
378,21,136,25,99,6,3,1
433,25,52,12,50,5,5,1
28,9,6,18,17,4,1,1
220,40,150,23,87,6,5,1
250,35,87,20,52,8,0,1
264,20,36,13,28,1,0,1
459,32,78,17,7,2,1,1
81,7,131,14,70,9,1,1
214,10,103,8,78,1,0,1
310,39,117,7,84,9,2,1
25,35,133,11,89,8,4,1
248,13,82,19,83,2,2,1
480,29,124,20,28,2,5,1
191,40,24,14,83,7,3,1
255,7,60,15,22,8,2,1
35,5,60,30,12,6,5,1
210,17,53,11,36,10,3,1
321,21,8,26,98,6,0,1
12,40,39,2,46,8,1,1
343,14,96,23,19,6,2,1
331,20,14,23,55,9,0,1
213,23,14,26,52,10,0,1
135,28,119,21,95,1,1,1
21,15,2,25,68,2,0,1
187,4,107,14,1,9,2,1
402,1,149,5,76,10,0,1
32,20,74,24,6,2,3,1
341,37,60,9,17,9,3,1
182,5,126,6,92,5,4,1
403,6,97,3,53,6,5,1
185,34,62,27,82,8,2,1
339,7,138,22,91,10,0,1
178,35,87,4,45,10,4,1
176,29,87,26,30,4,5,1
415,36,119,28,20,7,0,1
230,24,34,10,17,4,5,1
292,11,91,1,38,5,2,1
389,2,148,12,9,3,4,1
271,31,86,30,38,10,1,1
448,30,55,9,50,6,5,1
182,17,145,20,53,1,3,1
344,5,126,17,25,6,0,1
55,21,6,16,10,10,5,1
148,27,104,2,79,2,1,1
185,24,25,3,92,7,2,1
462,7,35,19,100,4,3,1
188,15,90,11,80,7,1,1
342,21,74,27,14,10,4,1
383,23,67,7,9,4,2,1
60,10,112,11,23,4,5,1
302,19,147,7,72,9,2,1
387,21,106,7,77,4,4,1
340,20,69,1,86,3,0,1
486,39,148,2,4,4,0,1
409,6,105,23,100,2,3,1
194,21,61,29,7,7,5,1
204,11,59,11,54,5,5,1
365,7,98,14,52,1,5,1
211,6,109,4,29,5,0,1
174,1,33,12,98,9,5,1
160,7,2,19,6,10,4,1
213,2,132,9,70,10,5,1
147,6,24,11,87,5,5,1
415,31,20,4,1,8,0,1
267,24,36,13,91,8,1,1
116,18,99,2,83,10,1,1
282,34,41,22,27,5,3,1
66,18,50,20,67,10,4,1
306,23,144,20,80,4,0,1
29,36,15,20,87,9,0,1
452,2,2,30,66,6,5,1
337,16,34,3,53,8,1,1
448,7,33,1,39,1,3,1
249,18,48,29,2,1,0,1
269,30,49,14,88,4,0,1
350,39,88,9,29,2,3,1
88,17,143,3,87,8,2,1
245,40,141,29,13,2,4,1
235,7,145,17,96,2,1,1
114,39,145,12,4,1,3,1
251,29,15,11,1,3,5,1
184,18,47,3,33,3,1,1
239,38,86,4,84,10,3,1
204,36,110,9,9,2,3,1
171,3,3,8,73,3,3,1
472,14,68,15,93,6,3,1
309,17,10,20,42,2,3,1
25,8,32,14,55,2,3,0
371,24,96,29,30,3,4,1
236,39,8,11,42,8,3,1
340,30,75,4,9,6,1,1
108,38,8,17,98,8,0,1
242,13,22,21,47,1,1,0
105,2,35,21,54,6,5,1
446,39,28,2,37,10,1,1
371,17,91,5,81,9,2,1
445,37,121,8,96,3,0,1
232,30,129,17,81,7,4,1
243,34,48,20,2,4,5,1
211,2,73,8,91,6,1,1
241,40,124,8,64,9,3,1
450,37,3,29,34,8,3,1
74,37,111,20,31,6,4,1
331,3,129,16,53,8,4,1
200,23,87,19,63,5,4,1
134,18,122,24,18,10,2,1
442,36,67,16,95,1,0,1
32,24,35,3,11,5,5,0
251,8,63,22,39,8,0,1
386,15,88,19,36,8,4,1
54,31,34,3,18,9,4,1
446,23,20,6,7,10,2,1
422,10,133,2,96,5,5,1
97,33,77,3,55,4,4,1
387,37,45,7,52,7,4,1
344,15,100,20,67,8,0,1
37,7,115,26,64,7,1,1
48,9,79,27,43,5,1,0
276,12,142,5,59,2,2,1
346,17,5,15,18,4,2,1
116,4,130,12,28,2,4,0
208,7,110,21,57,2,4,1
305,37,69,15,55,1,5,1
316,35,11,21,34,1,0,0
83,39,41,4,5,7,0,1
138,36,133,4,76,7,5,1
185,20,127,10,4,2,2,1
180,17,98,29,75,5,5,0
177,34,11,23,3,10,5,1
168,8,110,24,4,1,5,1
211,26,54,28,62,4,0,1
111,3,97,1,45,8,2,1
438,4,64,27,61,10,2,1
443,22,132,17,9,8,5,1
218,26,148,17,78,7,5,1
446,3,25,20,28,7,0,1
408,17,27,4,31,7,1,1
386,1,149,4,33,6,4,1
448,13,29,23,91,1,3,1
28,21,137,7,43,1,3,1
338,14,30,27,61,5,4,1
305,30,120,12,76,9,0,1
72,34,73,4,62,7,5,1
423,19,100,15,50,3,1,1
24,40,15,25,24,1,2,1
192,21,16,14,74,5,3,1
399,23,102,14,72,4,4,1
194,9,113,8,20,1,5,1
110,21,37,11,97,7,2,1
444,15,15,21,10,6,3,1
193,24,18,30,1,1,3,1
17,39,83,29,59,2,3,1
193,23,6,29,48,3,0,0
459,28,110,19,47,8,5,1
344,36,86,10,28,5,5,0
321,11,11,28,86,6,4,1
328,16,28,23,76,9,2,1
82,14,82,17,42,4,0,1
362,27,138,25,26,4,2,1
356,22,90,11,73,8,1,1
249,27,72,6,100,4,2,1
18,6,83,27,62,10,5,1
438,6,128,8,70,6,0,1
306,30,18,15,99,10,4,1
94,39,5,26,77,4,4,1
398,9,108,25,76,1,5,1
84,30,114,6,85,2,2,1
471,21,99,28,77,7,4,1
412,18,21,13,10,7,1,1
473,28,56,6,72,2,1,1
339,22,130,2,79,9,4,1
277,14,124,21,74,2,5,1
107,28,17,1,95,9,2,1
39,6,144,11,36,7,3,1
299,13,96,27,57,3,1,1
135,13,54,28,5,3,0,1
31,30,60,8,97,2,5,0
234,31,33,28,33,7,5,1
356,7,45,28,61,1,1,1
130,24,11,11,30,9,0,1
172,3,41,18,89,8,5,1
243,36,144,4,66,3,2,1
190,13,46,17,25,5,5,1
123,23,133,26,90,6,3,1
354,35,125,9,62,4,4,1
445,38,32,4,57,2,5,0
248,21,14,22,90,6,3,1
273,36,121,18,42,3,1,1
437,4,76,10,13,5,1,1
438,12,17,16,36,10,4,1
276,19,116,20,87,2,0,1
73,7,143,7,99,3,5,1
52,14,44,21,93,10,3,1
331,26,63,2,59,6,4,1
481,16,48,24,87,6,5,1
219,19,133,18,30,5,5,1
261,36,36,13,23,2,1,1
467,9,105,28,89,1,0,1
211,35,31,24,99,1,1,1
180,1,136,30,17,7,3,1
258,27,147,21,35,4,0,1
419,34,77,24,44,2,2,1
31,25,56,6,90,9,0,1
212,37,67,19,36,8,5,1
161,27,12,19,22,1,0,1
204,34,64,16,13,4,3,1
97,34,49,29,66,8,0,1
484,37,82,15,60,5,5,1
488,18,3,14,23,8,1,1
376,36,126,12,41,2,5,1
348,29,119,10,28,4,0,1
328,3,20,6,23,7,2,1
221,23,120,21,93,8,4,1
111,37,36,17,43,1,3,1
445,1,132,4,88,1,4,1
173,40,114,22,81,3,0,1
449,16,63,21,56,10,1,1
170,33,78,5,28,6,0,1
218,2,75,16,22,5,4,1
271,12,23,23,87,6,3,1
197,10,63,3,16,1,1,1
158,35,99,26,78,3,4,1
256,11,59,22,85,4,3,1
164,38,116,22,88,2,4,1
337,39,39,30,51,7,3,1
358,6,8,7,2,8,0,1
426,19,116,21,70,9,5,1
123,11,63,21,52,1,5,1
490,15,48,11,48,7,4,1
488,36,70,30,20,5,3,1
204,11,34,28,44,3,3,1
194,34,86,18,65,6,2,1
299,19,31,8,29,2,2,1
331,37,114,26,52,6,2,1
32,39,64,2,36,1,5,1
154,29,34,25,1,6,0,1
186,6,71,4,54,8,5,1
403,10,100,16,46,6,2,1
186,39,126,4,66,7,1,1
50,13,23,11,18,8,3,1
359,22,105,27,47,6,5,1
77,4,20,6,10,10,0,1
384,17,14,5,78,3,2,1
30,37,4,23,11,6,5,1
69,15,33,6,87,10,3,1
26,35,89,1,43,9,0,1
125,10,56,10,83,10,5,1
467,35,73,27,33,5,4,1
184,14,17,23,67,4,4,1
209,40,6,7,28,5,0,1
307,11,39,26,100,3,0,1
226,1,78,19,46,10,5,1
82,11,64,20,99,4,2,1
44,16,4,9,24,2,5,1
323,36,75,20,43,1,2,1
218,14,132,19,5,7,1,1
24,23,40,1,23,7,1,1
129,20,71,3,97,7,4,1
194,17,101,22,9,4,0,0
86,22,116,6,17,10,0,1
232,8,138,5,63,3,2,1
32,14,137,6,89,8,3,1
25,22,131,24,26,6,4,1
155,36,78,19,42,5,3,1
219,5,111,29,31,4,3,1
199,30,126,16,30,6,2,1
190,6,24,25,22,6,4,1
194,12,136,20,92,2,0,1
310,35,49,12,44,1,2,0
221,2,79,24,44,5,0,1
411,11,57,16,30,1,0,0
467,25,90,8,46,10,5,1
386,40,40,28,92,4,4,1
423,12,135,3,99,10,0,1
398,39,32,13,31,8,2,1
377,13,19,20,9,4,1,1
144,16,21,11,15,3,2,1
326,14,96,13,17,8,1,1
377,31,138,28,20,6,2,1
61,18,108,26,98,9,5,0
254,21,50,1,74,10,2,1
27,21,65,26,10,3,2,1
293,11,57,13,1,6,5,1
83,5,126,5,85,5,5,1
285,6,105,14,92,8,1,1
467,31,13,24,44,2,3,1
12,1,7,5,1,4,4,0
330,32,11,14,72,3,4,1
309,5,72,11,72,5,2,1
442,26,64,13,81,7,2,1
157,37,109,3,42,8,1,1
207,22,64,1,50,5,3,1
50,7,6,3,12,9,5,1
30,10,76,4,97,1,3,1
382,34,54,9,43,3,4,1
161,27,124,5,34,7,5,1
154,38,131,13,14,9,1,1
187,10,86,9,20,5,1,1
157,15,51,24,2,8,0,1
65,29,41,10,40,6,3,1
289,21,41,11,54,6,1,1
429,17,66,30,95,9,5,0
416,39,74,5,100,7,3,1
493,25,138,15,98,3,4,1
61,21,76,20,83,6,4,1
150,29,137,9,60,6,5,1
436,35,81,27,16,9,1,1
137,15,84,4,47,5,2,1
396,30,30,12,61,8,3,1
303,16,88,5,76,8,1,1
39,19,89,21,42,3,3,1
88,22,150,13,99,1,2,1
158,6,98,26,2,8,2,1
316,40,65,8,64,7,0,1
146,24,101,12,23,10,5,1
241,12,98,5,93,8,1,1
397,4,99,20,91,4,0,1
411,30,77,23,86,9,1,1
342,29,110,28,30,4,1,1
53,10,124,3,54,9,1,1
448,9,6,27,81,8,3,1
431,24,89,4,82,9,0,1
478,23,66,27,54,3,2,1
237,13,15,3,91,6,1,0
446,29,3,10,87,1,1,1
124,8,5,30,29,8,4,1
322,20,6,13,23,6,4,1
478,28,55,10,61,10,0,1
68,36,122,4,88,9,5,1
178,38,19,17,2,7,3,1
281,33,61,15,97,5,5,1
143,19,75,5,89,9,0,1
467,23,81,3,70,1,5,1
350,37,68,4,16,6,0,1
29,7,149,23,76,1,1,1
451,22,115,18,74,7,1,1
314,10,25,7,28,9,5,1
424,18,12,23,13,2,0,1
368,27,95,10,19,4,2,1
285,2,75,12,94,9,4,1
483,36,76,13,80,1,2,1
180,3,118,30,76,9,1,1
97,30,9,18,79,1,4,0
303,9,8,1,98,4,2,1
143,32,123,30,30,2,4,1
104,6,58,26,35,6,5,1
477,10,117,5,48,4,2,1
101,4,130,18,10,9,5,1
352,22,100,30,71,10,2,1
76,12,139,10,13,8,3,1
294,4,125,17,92,10,1,1
388,40,113,13,95,7,3,1
180,21,42,18,74,9,5,1
427,5,71,6,76,1,0,1
254,12,97,17,41,3,4,1
426,1,86,23,16,8,2,1
482,29,148,4,89,10,4,1
320,23,136,10,95,8,3,1
196,30,102,27,69,9,3,1
178,2,42,23,53,6,2,1
481,18,135,22,33,3,4,1
325,27,149,21,42,9,2,1
51,39,23,26,19,5,0,1
328,10,45,14,81,10,4,1
411,13,139,24,45,6,4,1
262,33,127,10,74,10,0,1
348,29,104,23,38,5,1,1
247,12,17,11,97,6,2,1
18,1,96,17,5,3,2,1
54,19,127,5,24,1,0,1
438,26,25,29,57,7,0,0
449,40,75,19,62,2,4,1
219,35,124,2,41,3,5,1
260,14,19,2,73,3,5,1
371,13,112,4,75,5,3,1
131,18,145,10,48,5,5,1
269,21,16,30,97,1,5,1
74,29,137,6,65,1,4,1
31,7,142,3,89,8,3,1
33,11,84,29,30,10,2,1
351,15,23,20,17,3,4,1
167,14,83,20,29,9,3,1
368,25,56,7,87,2,3,1
280,7,45,8,97,7,5,1
21,35,91,15,10,7,3,1
343,29,54,12,11,10,5,1
369,29,18,10,1,8,4,1
159,26,9,15,75,4,1,1
255,28,77,2,28,7,0,1
247,34,88,5,69,8,2,1
200,34,39,1,51,8,0,1
17,32,54,11,58,1,4,0
413,5,24,17,98,9,1,1
162,1,43,22,27,1,3,0
103,11,34,19,11,2,4,1
89,26,17,2,82,10,4,1
324,14,56,30,42,3,4,1
153,4,24,26,18,7,3,1
185,20,104,12,33,2,3,1
271,6,144,4,48,1,0,1
100,40,124,15,11,5,5,1
174,18,147,25,25,10,0,0
237,2,20,4,99,3,2,0
443,39,73,3,40,3,4,1
132,39,132,28,100,3,5,1
267,6,87,27,50,10,4,1
188,20,4,21,91,3,0,1
465,35,54,17,60,3,3,1
72,18,39,22,10,9,2,1
171,8,17,29,17,3,0,1
181,23,9,19,68,2,0,1
454,29,27,17,16,5,3,1
413,40,14,9,100,2,3,1
353,35,4,4,56,4,5,1
205,3,124,13,87,4,4,1
11,15,106,8,50,3,5,1
235,5,34,11,52,6,0,0
161,15,98,18,100,9,5,1
306,3,42,25,94,9,3,1
229,17,7,13,83,3,1,1
295,7,125,22,24,6,1,1
397,2,90,15,8,2,5,1
271,29,64,4,49,3,1,1
162,40,149,4,61,2,3,1
172,16,10,7,7,2,5,1
364,39,19,20,58,2,4,1
77,2,93,23,29,7,2,1
34,3,7,19,58,5,3,1
179,40,110,8,97,9,3,1
122,8,148,14,78,9,2,1
450,31,150,16,76,3,0,1
68,37,6,17,55,10,5,0
364,27,39,26,93,1,0,1
356,18,44,22,10,1,1,1
195,35,30,26,73,4,1,1
475,1,114,6,38,10,3,1
312,33,37,13,15,4,0,1
54,32,78,15,28,7,1,1
85,3,56,18,85,5,0,1
398,35,120,23,10,1,5,1
403,7,148,20,6,6,0,1
297,28,98,4,65,10,5,0
34,7,92,30,1,5,4,1
281,8,148,16,50,9,3,1
382,20,130,23,89,5,4,1
499,30,16,13,16,3,0,1
60,39,9,21,58,1,0,1
236,36,147,10,91,7,0,1
273,16,34,16,61,1,3,1
305,24,56,15,64,10,0,1
323,28,92,25,19,8,1,1
361,25,27,23,98,7,1,1
224,35,72,10,70,5,2,1
199,3,150,30,18,5,3,1
227,24,14,6,55,8,3,0
363,1,13,5,10,7,3,1
377,17,32,30,30,4,3,1
292,32,45,19,31,10,1,1
306,35,19,4,31,9,1,1
327,29,13,14,69,10,3,1
280,33,10,2,77,9,3,1
213,33,143,14,37,7,0,1
351,35,105,16,59,3,0,1
340,10,83,23,41,5,1,1
356,12,80,29,31,7,3,1
71,38,77,14,26,1,5,1
362,14,77,4,45,3,0,1
257,3,9,14,10,1,0,1
24,7,135,15,54,7,2,1
319,38,49,14,79,10,2,1
271,8,20,7,50,4,0,0
427,35,9,1,38,7,5,1
435,30,14,20,52,10,3,1
25,24,29,10,57,2,3,1
301,16,145,28,16,5,5,1
238,24,76,21,96,7,4,1
288,16,34,29,41,5,2,1
487,22,24,8,77,3,0,1
45,5,78,24,47,9,2,1
239,11,52,24,22,8,4,1
159,38,5,2,3,4,3,1
59,23,50,17,48,6,0,1
160,37,50,29,30,4,3,1
383,38,99,21,40,2,1,1
347,29,12,13,59,1,5,1
50,7,62,14,81,1,1,0
209,39,113,2,64,10,1,1
35,4,13,21,3,1,4,0
125,14,20,26,100,10,4,1
237,18,133,5,50,9,3,1
24,2,61,23,52,6,5,1
374,24,25,3,74,2,3,1
118,10,129,23,89,1,3,1
226,5,127,7,83,9,2,1
315,17,21,1,88,2,1,1
422,19,75,6,17,1,1,1
365,37,133,11,74,9,0,1
73,10,150,4,77,2,4,1
39,27,114,7,46,5,3,1
405,22,129,7,3,3,4,1
367,16,125,28,51,7,4,1
192,12,64,5,90,9,1,1
152,20,79,11,2,8,2,1
424,31,91,11,61,3,3,1
467,9,33,16,11,1,0,1
194,23,28,28,23,9,5,1
275,10,24,27,36,5,4,1
59,1,86,16,71,6,1,1
331,4,55,5,72,2,2,1
208,27,63,21,83,1,0,1
155,7,58,14,77,4,0,1
138,4,129,21,37,3,4,1
186,29,84,5,98,1,3,1
439,2,2,28,98,1,4,1
437,17,10,18,58,2,2,1
206,37,87,18,50,2,5,1
364,24,4,11,50,2,5,1
32,26,49,5,62,2,1,1
399,21,92,24,27,8,3,1
105,33,6,19,83,9,1,1
101,33,69,22,64,9,3,1
398,25,144,2,12,8,2,0
473,34,1,26,85,9,4,1
336,22,137,13,96,10,0,1
30,39,59,2,16,10,4,1
166,9,147,24,36,2,4,1
431,5,40,18,39,7,1,1
21,9,26,2,29,3,0,0
39,38,37,13,63,10,0,1
345,6,95,13,10,2,2,0
158,30,14,21,87,4,0,1
377,7,88,29,57,8,1,1
318,24,83,12,74,9,3,1
415,10,128,24,17,7,5,1
279,27,66,17,12,6,2,1
270,9,82,11,98,10,2,1
363,10,41,29,47,10,3,1
73,30,92,7,24,8,4,1
125,27,109,12,81,2,4,1
113,21,136,24,46,6,2,1
333,31,4,19,86,9,2,1
162,8,25,2,37,3,0,0
131,28,138,8,26,7,2,1
500,19,33,30,76,9,3,1
136,16,75,21,76,6,5,1
186,14,69,15,14,3,1,1
477,28,130,28,17,9,4,1
191,14,36,19,48,7,0,1
219,22,82,21,86,7,1,1
99,30,97,11,35,6,1,1
117,36,144,11,75,8,5,1
211,26,57,21,47,7,1,1
317,38,61,25,90,8,5,1
250,11,47,13,15,1,1,1
126,31,12,2,1,10,4,1
455,39,76,13,5,8,5,1
442,35,135,12,86,7,4,1
347,6,74,8,39,1,2,1
186,31,32,19,15,7,3,1
388,30,37,1,58,4,4,1
336,33,147,13,47,4,2,1
466,27,11,27,9,5,3,1
114,27,9,8,14,4,2,1
495,10,58,2,29,3,4,1
370,12,112,5,81,3,5,1
275,6,86,11,90,10,4,1
367,13,127,12,86,5,1,1
277,26,9,27,10,9,1,1
489,9,62,10,43,2,2,1
217,33,121,17,16,10,3,1
425,8,44,10,72,10,5,1
88,17,115,20,58,5,0,1
406,30,72,14,55,9,4,1
307,16,114,2,76,5,5,1
456,30,46,5,66,7,0,0
221,35,109,15,10,3,4,1
443,10,92,26,21,8,2,1
129,38,77,26,7,7,3,1
168,3,26,19,84,2,2,1
175,28,143,18,78,4,4,1
412,28,28,10,75,10,2,0
217,17,45,27,39,2,4,1
290,35,139,25,22,10,0,1
386,2,19,18,76,4,0,1
197,9,125,26,79,9,5,1
198,4,76,23,6,6,2,1
489,33,25,28,82,9,4,1
309,32,7,2,20,9,4,1
423,6,55,8,96,4,4,1
243,39,116,30,51,4,4,0
214,34,80,13,31,9,0,1
303,22,28,25,97,1,2,1
95,20,134,18,26,1,0,1
212,10,62,19,67,1,0,1
93,23,84,28,35,4,4,1
331,16,130,26,31,7,0,1
116,13,71,19,65,8,1,1
105,31,150,5,3,9,5,1
21,3,134,14,30,3,0,1
366,30,122,4,29,3,1,1
417,39,69,12,87,8,5,1
375,39,5,29,44,1,5,1
53,25,60,9,90,2,5,1
103,36,105,28,83,4,4,1
291,34,59,17,49,5,0,1
381,4,104,9,36,6,2,1
394,34,125,14,14,5,0,1
36,3,37,4,87,8,2,1
485,25,67,5,89,3,2,1
147,23,146,15,7,3,4,1
339,23,22,27,47,6,2,1
102,13,120,26,66,9,4,1
428,21,75,1,91,8,1,1
456,19,141,3,82,1,2,1
377,26,44,12,91,8,1,1
227,14,67,26,89,3,3,1
291,7,107,25,19,5,4,1
318,25,10,25,98,5,4,1
366,1,124,21,63,4,2,0
59,2,8,10,86,5,3,1
318,34,122,21,69,8,1,1
215,5,126,28,82,5,1,1
407,39,105,7,25,6,4,1
425,34,30,19,51,4,5,1
146,29,92,10,9,1,3,1
144,28,105,26,2,5,4,1
487,27,87,26,60,4,0,1
57,1,117,6,63,2,3,1
233,7,28,2,97,9,2,1
214,20,74,27,95,10,2,1
223,19,71,20,17,8,0,1
102,24,41,9,71,1,0,1
294,17,64,27,93,3,0,1
194,5,120,23,71,10,4,1
156,24,38,14,58,2,2,1
401,2,138,7,68,10,2,1
102,22,24,7,56,2,4,1
438,39,25,27,18,8,3,1
253,18,91,4,26,10,3,1
19,4,85,26,58,9,2,0
11,11,44,16,61,3,2,0
379,9,11,16,67,3,5,1
140,18,39,6,33,1,5,1
162,34,124,28,3,3,3,1
358,23,92,25,72,2,5,1
318,5,37,7,98,3,0,1
202,6,85,18,33,2,4,1
397,39,67,23,10,6,1,1
460,18,6,24,20,8,5,1
468,40,60,24,37,10,2,1
250,13,143,30,95,7,3,0
276,20,123,18,5,5,0,1
440,29,134,29,40,8,0,1
64,11,109,23,17,6,3,1
61,33,111,8,57,10,5,1
42,23,130,9,42,4,5,1
271,18,41,3,54,5,4,1
279,36,2,6,89,9,4,1
326,34,65,12,41,6,4,1
17,11,30,12,77,2,5,1
124,11,3,30,24,10,5,1
407,5,147,20,31,6,2,1
123,17,84,12,75,5,1,1
103,28,79,24,13,9,2,1
313,5,103,6,16,5,5,1
22,38,148,12,10,10,1,1
260,21,124,26,24,1,2,1
321,4,67,12,31,3,0,1
487,33,131,8,33,1,3,1
49,3,69,25,42,5,2,1
249,10,56,17,50,4,4,1
427,12,34,16,49,5,2,1
149,26,141,30,32,4,3,1
331,16,98,22,53,10,3,1
267,29,78,19,88,2,2,1
457,5,30,7,90,7,3,1
371,33,62,19,20,5,3,1
256,40,33,17,44,10,5,1
255,9,62,3,90,9,4,1
258,31,36,26,53,10,2,1
411,13,30,18,37,10,1,1
166,32,44,10,24,1,4,0
331,8,144,2,7,1,3,1
61,18,67,27,40,10,2,0
89,3,111,14,64,4,0,1
404,6,150,20,61,8,4,1
77,36,46,18,61,9,0,1
233,1,59,28,76,4,5,1
280,30,102,16,68,10,2,1
15,37,26,17,39,4,1,1
457,12,129,27,73,10,0,1
322,34,44,14,81,3,0,1
435,31,61,28,75,9,1,1
69,21,88,10,53,4,3,1
238,26,68,24,89,3,3,1
480,23,129,17,27,9,4,1
91,20,71,15,87,8,1,1
252,15,36,22,32,7,5,1
202,33,42,29,38,7,0,1
392,9,96,1,33,5,5,1
320,18,83,25,44,4,2,1
133,6,46,1,48,8,1,0
42,28,21,17,95,2,5,1
280,15,104,15,85,1,2,1
53,16,18,8,75,7,4,1
371,30,134,23,100,7,1,1
86,11,120,6,29,9,1,1
43,26,48,10,25,8,5,0
179,4,56,30,46,10,3,1
403,39,77,17,23,4,5,1
432,23,59,15,4,4,4,1
24,17,93,23,42,4,5,1
204,29,135,16,8,2,5,1
146,19,17,30,90,1,3,0
406,3,128,4,12,3,1,1
340,17,116,2,79,9,3,1
382,21,99,19,46,2,3,1
458,8,115,5,7,9,2,1
354,8,80,8,26,8,4,0
146,18,56,28,41,5,3,1
229,1,146,29,16,2,1,1
492,25,127,5,78,4,0,1
219,26,33,14,41,1,2,1
382,23,72,19,67,6,1,1
424,6,137,7,54,2,5,1
432,23,105,10,38,4,0,1
226,4,71,11,62,5,1,1
131,16,25,22,59,8,5,1
424,37,26,9,15,10,1,1
486,29,122,1,64,7,4,1
362,14,79,26,6,10,4,1
85,26,97,8,13,5,2,1
252,33,147,30,100,3,3,1
65,2,107,2,14,9,5,1
401,17,72,29,26,10,5,1
138,37,37,14,2,3,2,1
335,25,142,24,19,6,0,1
188,17,85,22,56,2,3,1
230,2,144,18,5,1,2,1
72,35,121,23,64,8,4,1
46,28,114,19,54,9,1,1
203,16,86,27,34,8,5,1
96,6,12,17,18,6,5,1
495,28,119,6,95,8,5,1
263,9,111,25,14,4,1,1
487,24,116,2,19,1,4,1
27,15,63,15,84,7,1,1
251,17,38,12,56,9,1,1
358,4,109,29,55,9,4,1
471,23,76,29,36,7,4,1
55,13,132,22,49,9,4,1
301,22,118,9,7,9,1,1
436,40,78,7,21,8,3,1
490,17,141,20,88,4,5,1
12,19,137,13,48,3,1,1
79,10,97,20,84,9,3,1
73,8,60,11,23,3,0,1
441,12,28,13,62,7,4,1
44,7,94,18,73,4,5,1
408,4,73,21,69,1,0,1
120,23,59,9,75,10,1,1
348,12,94,26,95,4,0,1
77,12,139,17,85,7,1,1
164,35,26,8,92,6,0,1
423,13,42,9,34,1,0,1
15,23,101,21,85,10,4,1
210,40,132,21,27,4,5,1
237,32,63,12,51,8,3,1
43,28,97,24,29,1,4,1
419,6,8,8,64,9,2,1
324,14,1,5,72,8,2,1
276,33,116,29,90,6,1,1
116,23,71,17,62,1,1,1
295,37,94,10,1,8,3,1
322,31,8,12,28,9,5,1
82,14,53,1,44,3,1,1
311,8,48,17,59,6,0,1
391,33,131,21,65,5,3,0
488,6,76,17,80,4,4,1
221,32,22,10,30,8,3,1
113,40,148,15,94,3,0,1
429,26,80,11,30,2,5,1
274,7,101,30,93,6,0,1
335,9,1,30,46,7,3,1
363,34,69,30,82,5,4,1
284,1,21,22,24,3,1,0
425,17,119,27,25,4,5,1
256,33,67,14,56,9,5,1
466,32,91,15,56,6,4,1
311,21,23,5,26,1,0,1
343,28,112,7,64,7,1,1
60,24,67,24,35,5,5,1
438,39,69,23,8,5,4,1
113,20,91,14,53,1,5,1
277,5,122,25,47,5,5,1
364,16,103,28,47,9,2,1
377,6,80,24,95,3,0,1
75,29,121,10,12,7,5,1
42,10,72,17,14,5,5,1
417,33,129,21,77,8,2,1
121,32,12,7,97,7,2,1
315,15,148,20,40,2,5,1
333,30,65,2,57,8,4,1
347,11,5,25,80,7,5,1
435,6,115,22,49,5,2,1
429,2,75,7,40,5,5,1
55,9,114,7,17,2,2,1
401,38,126,4,74,8,0,1
73,36,74,22,6,9,4,1
151,21,34,13,100,2,3,1
364,9,149,29,66,6,0,1
336,20,39,23,75,5,4,1
496,30,79,13,50,8,0,1
108,2,3,16,26,7,0,0
20,6,75,30,55,6,3,1
114,7,36,17,10,9,5,0
386,18,91,27,16,1,2,1
55,6,20,10,23,10,4,0
58,9,117,11,70,7,5,1
461,27,77,30,41,1,3,1
253,24,37,22,51,6,0,1
364,16,102,22,4,6,2,1
227,9,124,20,43,6,1,1
320,35,81,30,31,1,2,1
319,36,111,29,78,5,1,1
229,32,59,7,50,4,2,1
64,10,71,11,85,8,4,1
158,27,104,25,30,9,0,1
137,39,129,17,76,5,4,1
390,22,66,17,26,10,5,1
310,26,63,6,18,8,3,1
436,20,98,2,87,2,0,1
256,14,37,7,37,3,3,1
316,31,121,7,35,4,0,1
168,2,128,21,86,6,3,1
295,32,117,14,24,9,4,0
171,32,45,3,60,10,1,1
312,20,45,19,96,4,1,1
226,38,148,13,21,5,5,1
18,7,133,19,75,6,2,1
390,36,56,7,47,1,5,1
108,32,146,12,95,6,0,1
277,28,53,6,66,5,5,1
47,18,35,13,76,2,5,1
301,5,51,16,49,9,3,1
470,22,17,11,4,8,5,1
487,40,64,19,21,8,5,1
350,12,126,22,54,10,0,1
349,16,80,14,84,2,2,1
427,2,147,15,63,8,2,1
154,11,124,13,21,5,1,0
44,24,64,21,49,3,4,1
21,21,26,25,92,3,2,1
431,16,42,23,90,10,3,1
455,9,34,15,13,6,1,1
452,13,32,9,41,6,0,1
30,16,41,30,38,2,0,0
21,19,71,19,30,1,4,1
432,17,65,2,44,9,1,1
488,31,58,20,76,5,2,1
407,10,87,29,5,6,2,1
406,2,58,28,70,2,3,1
389,37,35,9,64,2,5,1
74,13,94,16,13,1,2,1
464,28,33,26,20,8,1,1
98,20,132,27,91,3,3,1
159,29,58,7,32,4,2,1
270,24,70,30,7,8,2,1
363,7,41,16,99,10,3,1
94,8,123,11,90,5,3,1
318,26,93,20,12,7,5,1
340,26,3,26,18,1,5,1
307,11,66,8,28,1,1,1
341,3,145,14,80,2,4,1
375,4,126,9,2,8,5,1
496,3,59,24,43,9,5,1
330,12,42,23,99,1,1,0
491,29,55,20,59,4,0,1
167,40,16,26,62,8,4,1
450,38,29,16,55,3,3,1
162,9,41,14,36,7,4,1
241,35,11,26,92,1,0,1
313,36,30,3,78,1,2,1
71,3,18,30,8,2,5,1
354,2,11,8,48,7,0,1
111,6,53,27,91,6,1,1
373,14,97,14,71,4,0,1
459,34,61,22,27,3,4,1
333,31,140,9,13,4,3,1
211,2,30,6,56,1,2,0
267,30,144,5,26,6,0,1
352,6,35,5,43,2,1,1
419,5,21,30,21,3,1,1
410,33,112,9,66,9,3,1
240,38,24,14,57,8,1,1
243,39,141,29,99,7,4,1
296,5,71,10,37,4,5,1
348,35,4,22,79,9,1,1
81,23,22,16,30,6,5,1
48,30,42,25,96,9,4,1
149,1,140,4,94,1,2,1
378,38,62,28,82,4,4,1
413,6,82,8,31,10,3,1
88,9,89,27,85,1,0,1
193,22,117,26,15,8,1,1
360,14,74,2,54,6,2,1
53,5,91,15,71,5,0,1
400,1,109,2,12,7,0,1
28,3,142,23,61,6,4,1
329,10,87,3,66,2,4,1
38,29,60,3,29,7,3,1
426,16,24,7,92,10,5,1
78,5,122,9,21,6,0,1
356,3,110,5,76,4,0,1
150,30,60,13,11,10,0,1
350,20,27,5,81,7,1,1
103,21,90,27,77,9,4,1
335,33,139,13,27,10,3,1
287,7,82,13,67,4,5,1
255,23,127,5,23,8,3,1
47,25,28,7,51,7,0,1
50,33,134,7,11,8,3,1
428,24,84,27,68,4,2,1
463,38,38,11,81,3,1,1
157,23,3,18,56,2,0,0
286,3,64,15,20,5,2,1
46,13,116,13,83,9,5,1
164,20,63,24,22,1,1,1
249,37,64,26,48,10,1,1
161,17,22,16,75,6,3,1
285,13,97,23,25,10,3,1
486,38,98,25,85,1,1,1
23,3,92,15,1,1,0,1
254,22,149,28,50,1,3,1
58,6,124,16,26,8,2,0
419,22,93,22,21,7,1,1
60,13,20,20,50,9,4,1
439,7,79,20,40,5,4,1
431,3,140,18,84,4,4,0
322,9,146,9,70,8,3,1
349,35,45,4,50,3,0,1
434,17,107,9,69,10,3,1
110,6,47,28,9,4,3,0
202,7,68,9,10,7,2,1
235,16,85,9,73,9,2,1
170,28,90,3,74,8,4,1
388,15,98,21,28,1,3,1
10,35,62,18,60,2,5,0
356,9,36,16,47,9,3,1
417,26,18,9,4,10,5,1
220,11,106,2,79,4,3,1
118,23,104,10,64,4,1,1
259,4,11,9,16,2,5,1
111,12,74,11,32,5,5,1
225,39,33,4,7,7,4,1
404,40,87,8,82,8,3,1
205,9,3,6,86,8,3,1
435,30,98,2,30,7,2,1
301,30,71,4,41,1,2,1
266,15,17,26,32,4,1,1
81,25,51,3,26,3,4,1
205,39,106,1,63,1,1,1
251,9,105,3,33,6,4,1
297,13,7,25,56,4,4,1
490,33,135,20,2,6,2,1
23,21,91,20,22,7,2,1
115,7,146,18,84,2,1,1
197,30,48,19,42,1,0,1
123,27,14,21,32,3,4,1
356,26,149,21,61,10,3,1
102,5,126,2,12,7,3,0
380,32,83,27,69,9,2,1
314,16,32,19,45,7,4,1
323,12,137,16,89,2,1,1
123,10,28,29,92,9,4,1
298,23,121,10,90,8,2,0
480,39,144,28,42,7,5,1
411,16,118,9,38,7,3,1
346,39,144,19,70,2,2,1
124,38,138,15,38,4,5,1
325,31,55,6,47,7,1,1
327,34,46,10,20,2,5,1
228,14,42,3,55,3,5,1
260,22,40,6,5,9,5,1
383,11,44,9,84,8,0,1
72,39,45,30,25,9,1,1
34,12,57,25,24,9,1,1
130,17,60,21,32,7,3,1
492,3,119,29,10,2,5,1
30,21,4,29,94,2,4,0
154,7,46,4,47,4,3,1
119,39,11,18,61,10,0,1
105,35,119,14,69,9,3,1
101,34,131,11,9,9,0,1
182,27,30,20,6,4,2,1
73,16,93,29,25,9,1,1
264,34,35,12,33,2,5,1
84,9,125,16,33,9,0,1
58,12,120,23,67,3,1,1
423,35,60,16,38,7,3,1
288,37,44,9,81,5,0,1
161,30,4,20,36,3,3,1
21,29,120,21,16,2,1,1
57,40,100,7,21,8,1,1
253,8,30,5,6,6,5,1
202,37,68,30,64,8,2,0
387,34,95,25,83,4,5,1
459,15,96,9,59,10,3,1
171,7,60,15,82,3,1,1
371,13,127,4,48,8,3,1
88,15,131,14,51,5,4,1
408,3,36,14,55,4,0,0
362,22,45,24,90,7,1,1
291,16,135,12,20,9,3,1
67,12,48,19,39,1,0,0
466,25,62,11,100,2,2,1
35,31,31,18,31,8,5,1
58,28,39,25,60,4,5,1
113,18,34,16,11,5,1,1
300,7,44,12,8,7,2,1
330,36,148,1,56,5,3,1
429,26,134,23,19,1,3,0
302,25,44,17,26,6,2,1
449,1,31,4,58,9,5,1
234,36,95,3,77,8,4,1
336,11,76,14,3,6,1,1
499,8,1,8,70,10,0,1
414,35,25,23,32,9,4,1
155,19,87,17,92,3,0,1
259,40,27,4,34,7,5,1
277,25,38,10,36,1,1,1
219,36,36,10,32,5,5,1
498,24,34,18,12,1,3,1
448,28,143,15,28,4,4,1
219,11,34,21,24,5,1,1
267,14,100,20,87,8,0,1
43,18,32,21,33,4,1,1
350,20,81,28,8,8,0,1
274,22,18,9,68,6,0,1
497,18,114,13,87,9,4,1
260,11,13,23,37,9,1,1
162,14,19,17,64,9,2,1
177,2,35,26,98,4,0,1
209,23,36,29,78,10,2,1
220,7,49,30,4,3,2,1
157,26,64,3,63,8,4,1
101,32,63,19,5,4,0,1
361,20,96,22,70,4,4,0
399,25,104,8,54,8,5,1
370,37,140,22,82,4,3,1
84,33,48,22,93,2,3,1
459,7,6,30,9,4,2,1
18,2,9,25,66,8,1,1
363,30,4,6,3,2,4,1
381,20,113,9,98,6,4,1
375,28,143,26,76,4,2,1
447,25,141,26,20,4,1,1
241,36,33,10,40,7,2,1
375,36,108,21,51,3,4,1
457,39,19,5,93,8,0,1
199,5,148,18,72,3,5,1
316,37,67,15,62,3,4,1
416,1,86,16,6,4,4,1
247,28,130,3,8,4,4,0
279,3,70,11,5,10,3,1
61,31,45,7,100,7,0,1
204,2,36,6,12,6,2,1
15,28,56,21,63,1,4,1
377,5,45,7,65,6,5,1
334,5,136,23,86,10,1,1
297,34,126,12,100,1,5,1
258,33,45,23,29,6,0,1
247,2,136,28,87,2,5,1
168,7,52,9,49,4,1,1
29,1,147,21,51,6,4,1
72,33,113,6,79,1,0,1
101,1,115,17,18,6,4,1
496,32,29,29,67,1,1,1
411,36,78,23,68,7,3,1
63,35,37,4,11,1,3,1
418,5,55,9,87,6,1,1
330,35,7,15,59,4,5,1
347,40,87,29,7,1,0,1
59,20,70,27,98,2,5,1
251,34,17,11,97,6,3,1
187,32,140,14,5,5,5,1
378,9,146,18,2,9,3,1
176,4,50,22,37,10,3,1
326,36,30,22,21,3,2,1
177,2,125,8,34,1,1,1
15,20,100,26,53,7,0,1
163,4,112,13,14,2,5,1
48,36,87,5,99,9,0,1
470,3,130,29,45,7,4,1
245,12,149,18,2,8,4,1
172,6,104,23,6,4,1,1
194,32,75,10,92,10,3,1
112,8,109,28,68,1,1,1
100,11,75,9,68,2,1,1
439,1,78,27,5,4,5,1
408,11,100,18,47,10,1,1
279,15,92,20,55,3,5,1
439,16,86,6,63,2,2,1
482,11,11,16,10,7,4,1
451,7,98,19,37,6,5,1
344,35,73,22,11,10,4,1
271,27,75,30,97,10,5,1
157,12,44,27,80,3,4,1
112,15,88,12,8,7,2,1
16,3,29,3,22,9,3,1
73,12,116,17,58,6,1,0
132,18,96,15,83,3,5,1
376,37,6,11,43,6,3,1
290,9,10,10,72,5,4,1
403,16,125,12,92,7,0,1
381,19,46,8,39,8,3,1
118,40,63,3,59,9,5,1
158,3,42,14,89,9,4,1
340,11,39,1,19,2,3,1
171,25,20,4,33,9,3,1
63,21,81,4,53,10,0,1
373,5,105,21,57,9,5,1
41,40,134,13,20,4,2,1
224,36,94,18,43,7,2,1
59,5,57,22,92,4,4,1
50,24,133,18,80,3,1,1
469,30,41,18,55,8,4,1
238,11,145,7,71,2,3,1
121,25,19,3,28,7,0,1
80,36,119,11,55,10,1,1
99,38,132,2,44,4,3,1
462,34,77,30,37,7,4,1
215,28,94,4,23,1,0,1
310,20,10,4,71,9,1,0
13,7,96,30,19,4,0,1
285,4,118,2,98,9,5,0
107,22,37,16,40,1,3,1
149,11,21,27,22,10,4,1
274,38,28,1,57,10,5,1
52,23,76,25,26,1,3,1
40,6,40,25,96,7,5,1
431,30,93,27,60,8,4,1
428,7,55,16,75,2,5,1
198,2,16,5,59,7,3,1
57,6,145,7,33,1,4,1
84,21,4,15,100,9,4,1
357,31,40,15,66,5,4,1
358,3,112,20,98,1,4,1
368,1,57,22,2,2,2,1
293,21,116,27,4,4,1,1
394,36,99,6,80,10,4,1
140,36,29,28,10,9,2,1
461,15,32,22,100,1,1,1
208,18,37,30,1,1,0,1
259,29,86,18,60,9,1,1
78,36,77,18,33,8,0,1
85,11,98,25,30,1,1,1
379,14,134,23,88,4,4,1
64,29,128,13,26,7,4,1
319,7,81,12,44,8,3,1
115,11,112,22,7,10,4,1
158,11,141,14,56,9,5,1
494,10,57,1,15,7,0,1
19,28,47,30,52,7,1,1
63,6,110,17,3,7,4,1
106,17,20,20,53,8,3,1
53,11,75,2,96,5,0,1
481,3,2,8,80,3,5,1
428,28,19,27,85,10,4,1
453,5,141,21,59,6,4,1
150,31,21,4,96,7,3,1
471,1,10,29,34,10,4,1
337,12,132,19,55,3,2,1
500,28,2,27,100,3,5,1
185,19,35,3,21,7,4,1
383,34,96,23,29,6,4,1
156,39,130,16,98,2,2,1
266,29,36,3,50,3,2,0
264,30,135,6,45,10,5,1
340,36,44,25,18,10,0,1
207,12,120,15,21,2,3,1
261,5,83,9,81,6,2,1
145,32,25,21,61,5,2,1
193,17,47,2,97,4,4,1
444,7,23,2,77,1,4,1
497,26,18,30,90,6,2,1
205,39,148,13,25,2,4,1
489,9,14,18,27,8,3,1
297,33,11,19,100,6,2,1
193,12,6,5,4,7,3,1
113,19,119,21,58,1,3,1
355,15,24,28,97,10,2,1
500,40,146,16,3,9,0,1
486,26,89,23,59,8,2,1
307,10,36,8,82,3,2,1
333,31,62,24,76,7,4,1
36,17,67,10,28,2,4,1
33,23,40,17,84,7,2,1
114,12,106,16,51,6,4,1
390,23,69,9,19,1,2,1
300,24,38,3,72,6,4,0
406,27,103,4,96,9,4,1
348,35,89,25,36,5,0,1
249,4,71,16,40,5,1,1
339,22,74,30,67,8,5,1
312,2,34,26,94,9,4,1
206,28,7,7,84,6,0,0
299,27,122,11,99,7,2,1
129,31,108,19,44,7,0,1
90,22,97,24,90,6,1,1
92,6,60,14,56,6,1,1
319,10,29,18,8,2,5,1
309,28,31,3,66,10,5,1
183,9,38,22,11,7,4,1
380,33,39,17,4,8,5,0
188,40,85,26,22,9,3,1
492,23,86,9,10,1,3,1
77,12,143,22,98,2,2,0
75,5,113,24,97,3,5,1
474,27,62,9,6,8,0,1
121,34,117,2,53,8,3,1
44,23,40,7,65,7,2,1
389,7,120,4,82,2,0,1
98,33,120,16,40,4,3,1
457,37,62,26,44,6,5,1
345,3,108,5,38,1,5,1
450,14,35,2,73,3,1,1
15,8,71,11,16,3,2,1
332,19,66,28,42,3,4,1
314,20,135,27,90,6,1,1
364,37,145,12,42,4,2,1
235,11,143,29,44,9,1,1
250,31,73,30,17,9,4,1
453,38,12,22,24,7,1,1
61,23,123,19,58,5,2,1
181,8,111,12,76,4,2,0
478,19,137,22,55,7,4,1
386,12,25,10,54,2,4,1
141,39,1,6,46,1,5,1
445,17,60,12,50,3,3,1
75,30,39,23,62,2,5,1
225,4,69,11,32,8,3,1
489,18,86,5,84,3,3,1
109,39,108,21,32,6,3,1
18,14,1,25,32,9,5,1
57,25,73,22,94,5,3,1
289,4,45,28,23,10,3,1
310,28,116,23,66,4,4,1
170,39,89,27,76,4,4,1
162,27,101,3,82,3,5,1
401,5,84,19,38,10,2,1
43,16,49,7,30,8,0,1
474,31,124,14,4,7,0,1
406,40,71,1,82,4,1,1
491,26,100,24,98,7,2,1
311,38,4,20,35,5,5,1
467,6,87,9,13,9,2,1
316,36,74,9,89,9,2,1
149,23,104,15,3,10,4,1
433,27,26,24,30,7,1,1
47,23,119,5,70,10,2,1
33,38,29,24,83,7,4,1
331,29,37,4,71,8,5,1
349,3,95,4,10,6,0,1
245,39,138,25,64,6,1,1
147,3,139,25,17,1,4,1
37,21,60,1,88,3,3,1
41,24,10,30,62,1,0,1
87,6,115,17,73,9,1,1
256,4,150,12,85,4,0,1
369,17,116,8,50,8,2,1
16,34,4,21,47,4,1,1
296,33,137,1,86,3,2,1
99,3,118,18,44,4,5,1
391,35,30,15,6,3,3,1
179,5,77,28,23,6,4,1
399,33,106,11,21,3,5,1
147,11,56,28,86,9,4,1
337,14,35,23,90,8,5,1
127,5,27,1,27,9,5,1
17,12,31,13,81,7,2,1
79,15,5,3,39,8,1,1
464,11,31,26,24,4,4,1
284,9,28,27,22,10,3,1
162,4,64,2,92,2,2,1
179,20,44,8,34,3,1,1
313,16,36,27,45,4,2,1
189,12,50,18,16,1,4,1
437,30,115,18,55,3,1,1
205,1,104,8,68,8,0,1
68,17,53,24,18,10,3,1
393,5,97,20,50,7,4,1
272,20,17,4,77,5,2,1
427,12,121,10,25,4,5,1
254,5,91,26,43,10,0,1
78,27,48,10,66,10,1,1
364,16,67,19,8,7,1,1
263,26,21,17,80,5,5,1
354,1,16,12,29,10,2,1
252,31,67,2,81,5,1,1
394,4,70,15,95,5,0,1
21,13,32,20,70,9,4,1
464,40,81,6,32,10,3,1
96,5,21,24,38,9,0,1
476,11,62,2,99,6,2,1
447,1,52,15,45,5,4,1
384,10,54,16,74,8,4,1
186,20,106,18,40,1,1,1
453,8,29,21,8,4,4,1
165,37,25,1,1,10,1,1
260,22,148,1,19,8,1,1
59,1,17,3,83,3,1,1
347,21,33,25,58,1,4,0
211,6,95,16,61,7,4,1
74,27,39,12,97,3,2,1
29,17,105,22,82,8,5,1
168,18,19,29,57,8,4,1
384,35,59,2,27,4,4,1
207,39,140,17,96,7,2,1
43,30,69,13,67,7,4,1
458,7,1,22,65,8,2,1
243,25,103,7,67,10,5,1
32,5,55,27,96,4,3,1
367,22,54,21,7,8,5,1
54,4,23,8,94,5,4,1
26,35,38,13,96,2,5,1
188,38,143,29,12,2,0,1
271,39,145,13,14,7,2,0
27,13,108,7,73,10,2,1
263,37,17,24,35,6,1,1
412,4,19,22,22,6,3,0
95,13,108,8,51,5,3,1
304,21,119,25,78,3,5,1
385,33,6,5,72,7,1,1
156,34,147,11,53,7,4,1
105,25,93,28,6,8,1,1
351,18,66,19,39,8,0,1
496,21,89,25,69,7,5,1
454,2,96,28,55,10,1,1
40,3,74,19,23,9,5,1
15,21,40,29,11,3,1,0
438,19,97,27,58,1,5,1
67,37,11,3,57,5,5,1
455,22,71,1,82,6,3,1
343,5,91,3,2,5,2,0
23,7,117,26,45,9,5,1
66,17,135,6,54,1,1,1
99,26,114,4,90,3,2,1
223,26,99,27,72,10,3,1
301,24,62,1,15,10,1,1
487,15,58,29,48,8,5,1
134,40,103,13,35,6,1,1
356,37,39,17,35,7,3,1
118,31,94,25,95,5,4,1
442,34,22,15,42,2,2,1
366,17,89,4,12,4,3,1
81,37,140,30,30,3,4,1
498,27,103,28,75,10,1,1
232,16,6,1,41,5,5,1
231,34,102,3,63,2,0,1
494,11,42,15,81,10,4,1
142,16,57,3,64,1,3,1
194,24,123,6,43,1,4,1
215,14,103,26,93,6,3,1
293,11,131,10,49,5,0,1
55,40,99,24,38,9,0,1
260,7,7,26,39,10,5,1
450,20,24,14,91,10,5,1
157,10,109,9,3,3,0,1
377,18,73,18,33,9,3,1
269,22,67,27,49,7,2,1
217,11,76,19,64,10,0,1
226,15,118,4,10,7,5,1
471,18,93,29,100,8,1,1
114,2,50,19,63,10,3,1
53,33,65,9,96,5,2,1
445,35,11,21,5,5,4,1
170,21,41,28,58,8,0,1
410,10,81,17,31,9,1,1
272,10,60,7,74,7,5,1
304,14,15,22,94,4,2,1
458,2,146,28,42,8,0,1
363,31,45,6,19,10,4,1
144,30,114,22,70,9,0,1
38,31,85,9,77,1,1,1
10,8,28,23,14,1,5,1
33,23,81,23,48,2,2,1
383,15,53,5,96,3,3,1
367,19,110,13,38,5,5,1
207,28,147,15,69,6,2,1
324,29,129,25,12,1,4,1
134,20,132,8,39,10,1,1
52,29,100,13,53,5,2,1
142,14,61,9,9,7,2,1
191,15,113,18,63,2,3,1
156,6,91,14,57,6,0,1
410,7,120,29,67,1,0,1
326,30,9,14,75,6,4,1
38,26,134,29,98,8,0,1
69,7,47,3,38,8,5,1
341,13,83,25,32,7,0,0
299,27,124,14,61,4,5,1
97,2,40,7,74,7,1,1
114,38,23,27,35,4,1,1
289,3,94,1,16,7,4,1
380,16,59,1,78,3,4,1
270,29,26,24,18,6,1,1
161,34,9,11,73,8,3,1
46,18,13,30,44,10,0,1
183,22,102,15,14,5,4,1
434,22,144,8,23,5,4,1
429,37,4,5,79,10,1,1
317,22,2,24,43,8,5,1
374,11,120,25,54,1,1,1
400,24,128,13,23,4,3,1
451,17,52,11,53,7,0,1
68,5,10,29,62,7,3,1
312,10,37,15,53,6,1,1
415,14,135,7,9,2,1,1
193,31,83,19,85,8,3,1
488,20,65,28,67,8,0,1
184,11,87,15,7,3,3,0
407,11,41,19,58,3,4,1
284,2,60,19,98,10,0,1
157,37,7,3,59,4,0,1
447,32,126,21,78,8,4,1
371,25,54,5,34,8,0,1
152,27,21,18,25,3,0,1
359,10,19,15,97,6,2,1
318,14,116,26,28,1,1,1
219,11,122,17,27,7,0,1
465,5,125,18,50,3,5,1
368,23,83,17,98,2,0,1
425,32,145,5,76,6,3,1
32,26,10,12,91,1,3,1
268,38,57,27,52,2,3,1
216,18,123,25,25,2,5,1
460,30,32,17,40,7,1,1
121,1,12,19,69,4,3,1
138,27,35,19,71,7,0,1
193,20,36,14,27,2,0,1
353,13,119,25,6,9,2,1
121,28,88,22,38,9,0,1
48,27,52,15,56,3,3,1
21,40,37,3,53,6,5,1
439,7,42,30,29,4,4,0
136,30,138,1,44,4,4,1
190,33,114,18,83,10,5,1
34,7,26,6,90,3,5,1
365,27,103,9,87,4,3,1
25,26,15,24,67,2,2,1
330,24,136,16,56,4,2,1
498,20,125,27,30,8,3,1
481,22,147,21,90,5,0,1
55,9,115,6,66,5,5,1
107,32,44,10,50,7,2,1
53,19,81,15,75,3,3,1
129,25,69,1,32,6,5,1
108,23,150,20,40,9,2,1
298,7,105,23,71,10,2,0
223,29,73,7,21,1,3,1
44,11,17,24,19,3,0,0
261,30,25,28,14,2,2,1
65,8,26,7,97,8,5,1
55,32,114,11,56,7,4,1
363,12,66,26,59,3,0,1
140,3,11,24,12,4,5,1
120,4,75,27,61,5,2,1
76,24,9,20,87,1,2,1
221,31,116,13,22,6,4,1
302,30,14,11,44,3,4,1
136,31,75,15,13,2,1,1
302,3,34,16,55,3,3,1
141,39,15,27,4,9,3,1
45,39,110,4,69,2,5,1
42,26,54,5,78,1,2,1
84,20,68,25,85,9,0,1
49,4,116,26,62,1,5,1
71,24,81,20,62,3,2,1
146,31,103,1,19,2,1,1
113,34,129,3,86,8,3,1
188,1,95,29,41,10,3,1
296,24,115,18,84,9,0,1
330,12,93,9,3,9,4,0
346,18,118,17,99,7,0,1
213,22,82,24,20,1,1,1
357,10,24,26,80,2,0,0
228,28,140,23,60,3,4,1
413,15,19,9,45,1,5,1
220,6,33,23,21,6,4,1
181,2,11,27,78,1,5,1
452,28,90,4,50,3,0,1
193,14,97,10,11,7,0,1
196,21,87,30,59,8,5,1
185,23,64,24,44,8,2,1
38,16,94,17,52,6,1,1
204,9,137,24,11,2,4,1
290,34,98,15,65,8,1,1
459,38,118,26,3,3,0,1
225,24,8,20,56,6,1,1
359,6,143,4,51,10,2,1
269,40,96,20,61,7,5,1
330,16,72,25,84,2,1,1
28,20,1,13,4,6,1,1
472,14,14,15,17,4,1,1
473,10,62,7,30,1,3,1
435,22,9,11,28,1,1,1
319,37,86,6,87,8,4,1
57,22,81,3,23,6,1,0
116,15,47,10,69,2,3,1
463,3,137,11,73,1,0,1
481,20,16,4,3,3,2,1
304,38,149,6,50,9,5,1
471,1,130,20,65,7,1,1
444,19,52,29,58,5,4,1
138,7,6,5,85,1,1,0
148,5,40,17,6,4,3,1
204,9,136,9,55,2,5,0
447,10,76,2,21,3,0,1
309,34,65,27,54,1,0,1
159,2,58,21,73,6,1,1
97,37,109,1,65,7,4,1
159,29,20,29,89,3,5,1
268,40,121,16,85,4,0,1
380,24,46,23,81,8,4,1
63,36,134,11,21,2,0,1
268,39,27,17,1,2,2,1
117,35,36,13,99,2,5,1
269,21,46,13,71,6,1,1
321,32,42,23,37,4,2,1
434,30,64,26,33,7,1,1
216,23,105,20,18,7,2,1
190,25,103,2,45,5,5,1
199,37,30,30,50,3,3,1
65,28,119,22,28,6,4,1
155,5,52,9,96,4,0,1
253,11,55,28,40,9,1,1
83,25,45,5,3,4,2,1
485,37,63,8,24,9,4,1
191,3,114,21,65,3,2,1
427,18,114,1,5,3,2,1
221,14,8,14,47,9,2,1
324,4,59,20,35,10,4,1
249,32,107,12,67,4,0,1
86,16,127,6,10,6,1,1
314,17,113,28,6,7,2,1
367,40,62,3,4,8,0,1
49,15,105,6,18,2,2,1
38,24,16,20,100,4,0,0
24,18,53,30,34,7,3,1
250,5,5,2,11,9,3,1
336,27,66,1,40,2,1,1
350,18,15,23,31,8,2,1
258,5,120,11,42,3,4,1
125,34,37,16,55,5,4,1
382,9,80,5,37,7,5,1
166,40,109,2,7,3,2,1
91,6,85,20,19,3,4,1
386,29,44,29,98,3,0,0
336,39,132,7,96,5,4,1
209,8,118,19,49,4,3,1
26,36,2,21,42,4,3,1
442,17,141,28,99,4,5,1
374,31,115,7,94,7,3,1
237,31,13,16,86,9,0,1
179,10,127,29,58,9,3,1
197,7,37,17,83,3,3,0
235,15,98,1,69,6,2,1
478,28,18,23,59,4,2,1
155,17,40,4,56,9,0,1
121,5,90,15,19,8,3,1
397,12,47,27,61,7,0,1
384,19,109,28,25,9,2,1
25,30,82,16,49,5,1,1
42,4,64,3,82,10,0,1
362,7,139,12,62,5,3,1
44,1,12,12,81,2,5,0
426,6,26,18,31,6,2,1
441,33,101,6,94,5,3,1
412,7,81,20,69,6,1,1
244,9,104,20,60,4,1,1
426,14,119,29,27,5,3,1
373,39,23,26,61,8,1,1
284,15,9,30,20,4,4,1
482,30,111,24,31,10,3,1
209,8,28,24,9,7,4,1
22,34,19,23,7,3,2,1
374,21,72,18,93,8,4,1
77,40,18,4,39,6,2,1
298,10,80,14,5,5,2,1
433,34,13,17,46,5,3,1
327,22,67,10,40,10,1,1
23,10,48,17,11,9,4,1
486,1,74,6,34,6,3,1
180,14,20,5,20,1,0,0
77,40,105,6,95,7,3,1
333,5,7,20,33,9,3,1
194,15,136,9,96,4,1,1
92,22,73,16,47,2,2,1
318,23,110,13,64,5,0,1
145,15,78,15,1,1,4,1
247,15,63,16,39,1,4,1
52,23,71,20,21,2,3,1
256,21,129,11,88,6,5,1
279,25,19,6,53,10,0,1
393,40,91,4,17,4,0,1
84,40,8,11,58,4,1,1
159,26,113,2,1,8,2,1
310,27,121,6,76,6,2,1
452,4,81,25,5,9,5,1
145,33,144,22,42,5,2,1
45,37,45,5,75,4,0,1
332,22,45,3,5,3,4,1
127,16,145,12,4,3,2,1
474,17,66,26,9,9,5,1
137,23,1,10,13,7,0,1
175,21,62,26,57,4,5,1
256,36,135,27,32,9,5,1
274,11,76,26,43,6,1,1
94,6,58,21,47,7,0,1
312,15,148,7,40,2,4,1
102,22,113,23,26,5,2,1
256,21,122,21,23,10,3,1
197,24,30,29,62,3,3,1
453,10,36,29,89,9,0,1
328,5,6,4,53,10,2,1
221,13,19,24,18,8,2,1
286,7,129,23,13,6,0,1
390,18,108,25,74,1,0,1
254,25,70,11,71,10,1,1
237,23,67,5,96,10,1,1
30,37,103,23,51,6,2,1
238,36,132,17,65,5,0,1
383,9,128,24,59,10,1,1
114,29,97,14,25,2,2,1
398,30,120,20,72,6,4,0
276,1,27,14,12,1,2,0
351,31,119,22,57,3,2,1
448,21,47,18,24,7,0,1
225,24,46,5,58,1,3,1
42,15,35,8,4,9,1,1
499,17,95,15,28,8,2,1
14,34,129,7,15,7,2,1
95,38,88,17,9,1,1,1
230,24,148,19,1,3,3,1
125,2,120,28,30,10,5,1
64,16,47,9,7,10,2,1
17,38,131,28,63,6,3,0
383,25,96,26,48,10,5,1
13,6,110,14,26,1,4,1
418,15,106,11,69,1,4,0
208,34,107,9,58,5,5,1
209,38,98,9,12,2,2,1
86,18,149,6,66,6,2,1
96,23,119,25,48,8,5,0
396,1,122,21,84,8,2,1
147,28,126,5,86,5,3,1
217,12,137,23,72,1,0,1
128,27,100,22,4,3,3,1
278,16,67,6,17,1,3,1
206,25,52,14,10,8,0,1
144,34,110,25,99,1,0,1
162,7,4,4,4,8,0,1
388,10,39,10,92,2,3,1
89,14,9,8,60,9,0,0
30,28,34,19,95,6,0,1
248,30,1,28,63,7,3,1
217,18,111,2,97,7,4,1
109,38,26,25,42,2,3,1
67,27,121,25,29,9,3,1
455,33,99,27,89,9,5,1
232,37,18,1,100,2,4,1
142,24,95,7,82,5,0,1
211,11,134,18,88,8,2,1
123,17,1,3,28,3,5,1
112,19,100,16,24,6,3,1
325,15,145,10,13,7,3,1
46,3,109,4,13,7,4,1
294,38,41,17,49,8,0,1
422,37,140,9,56,6,2,1
100,33,67,28,61,3,1,1
232,20,63,10,30,2,2,0
436,11,29,16,48,1,2,1
119,8,41,23,9,9,3,1
369,28,115,29,4,2,3,1
249,8,113,2,33,6,0,1
432,19,143,30,90,7,3,1
430,14,6,20,47,3,1,1
192,14,1,28,95,1,4,1
345,11,18,18,99,4,0,1
493,5,44,28,1,3,2,1
249,21,13,16,100,8,1,1
192,25,95,3,50,10,4,1
195,29,83,19,57,7,0,1
213,32,18,4,21,9,2,1
455,29,66,25,85,1,0,1
271,8,125,29,87,7,1,1
218,7,147,10,20,2,4,1
163,1,103,8,75,4,1,1
338,9,146,23,63,8,5,1
99,7,147,6,47,5,3,1
182,38,34,10,16,8,3,1
11,38,69,23,29,8,2,1
184,23,1,19,77,10,2,1
434,39,113,28,27,5,5,1
284,25,9,27,27,1,0,1
183,11,36,23,25,4,4,1
328,27,52,9,68,9,1,1
93,33,122,1,24,10,3,1
143,28,71,25,54,3,4,1
150,5,76,26,16,1,2,1
413,32,89,16,32,8,3,1
419,25,40,28,80,6,2,1
192,24,81,17,26,1,0,1
199,19,150,13,45,9,1,1
331,35,66,11,68,5,1,1
262,38,143,21,30,4,5,1
116,32,68,18,75,10,1,1
168,37,14,21,54,7,2,1
256,2,54,18,1,3,2,1
226,7,147,24,31,10,2,1
285,17,41,24,12,10,1,1
468,29,13,23,35,1,4,1
91,11,144,4,85,10,4,1
454,29,110,18,94,10,2,1
226,11,16,6,52,5,0,0
357,39,119,23,92,9,4,1
492,34,77,7,90,7,2,1
379,27,85,24,49,2,3,1
235,26,24,22,64,3,5,1
306,40,131,9,72,6,0,1
353,40,11,29,16,2,5,1
334,7,1,24,55,4,2,1
86,23,53,13,88,2,5,1
230,26,4,28,39,2,5,1
323,20,52,24,1,1,5,1
27,17,36,14,3,5,4,1
232,39,146,16,57,3,5,1
167,40,140,30,40,2,1,1
343,24,81,5,43,6,5,1
467,11,53,13,84,1,2,1
447,8,139,11,16,5,5,1
160,1,84,27,100,3,0,1
111,40,14,30,68,2,0,0
422,28,64,19,45,2,3,1
116,10,10,29,34,8,3,1
140,18,2,26,36,5,4,1
88,16,138,14,32,10,4,1
214,19,114,13,46,7,4,1
386,22,119,24,19,8,2,1
273,30,5,24,28,2,5,1
29,11,90,27,59,4,5,1
498,4,137,6,34,7,4,1
365,34,80,11,5,1,0,1
219,35,93,18,14,2,4,1
342,39,40,2,55,9,2,1
135,26,132,4,82,8,3,1
434,26,109,25,14,6,2,1
225,26,105,17,67,2,0,1
441,10,124,25,76,6,4,1
445,35,122,28,56,9,5,1
150,11,26,5,29,1,0,0
171,25,14,18,100,8,4,1
131,34,50,3,4,10,5,1
159,15,83,23,66,2,4,1
42,8,9,5,96,9,5,1
345,7,51,10,87,3,0,1
177,1,42,5,30,8,0,1
281,26,103,27,21,8,1,1
310,28,36,3,9,5,2,1
328,4,127,26,55,10,5,1
159,11,137,2,77,6,1,1
10,31,140,28,69,9,3,1
76,38,50,19,91,6,5,1
214,28,38,14,14,4,0,1
392,3,51,10,57,7,1,1
98,34,116,6,80,3,0,1
306,28,28,25,45,6,1,1
229,33,32,20,4,7,4,1
363,19,3,16,20,4,2,1
167,3,118,1,39,6,2,0
450,5,34,13,17,1,3,1
203,22,41,22,24,8,5,1
299,35,92,20,79,4,5,1
216,13,113,19,13,1,1,1
94,20,21,15,58,3,5,1
271,11,38,7,39,6,4,1
250,30,23,27,19,9,5,1
66,16,17,16,49,7,3,1
18,33,90,27,90,9,1,1
435,9,108,2,90,7,0,1
119,18,45,30,65,5,3,1
116,8,17,9,57,1,3,1
397,1,137,28,28,4,3,1
245,39,60,9,26,5,4,1
117,27,100,14,75,5,4,1
366,13,120,15,45,1,2,1
51,11,141,23,38,2,0,1
64,38,84,18,62,3,4,1
178,36,120,30,100,1,2,1
397,36,83,29,64,4,2,1
207,6,97,19,67,2,2,1
238,21,115,11,9,9,0,1
243,23,105,7,81,2,4,1
376,36,121,14,3,6,2,1
491,27,109,7,3,2,1,1
472,1,28,29,13,10,4,1
97,4,116,21,87,3,1,1
275,11,121,1,53,2,0,1
293,3,149,25,25,5,5,1
354,25,88,22,54,10,2,1
213,37,1,5,16,9,5,1
64,24,130,9,62,7,1,1
313,25,26,24,27,9,3,1
413,36,112,25,56,3,2,1
248,31,11,13,16,6,4,1
421,22,90,27,83,3,0,1
326,26,98,9,1,7,2,1
422,2,106,27,65,8,3,1
81,21,82,21,13,8,2,1
266,19,133,9,51,1,3,1
136,13,139,3,68,7,0,1
109,39,135,8,56,10,0,1
150,5,126,6,37,2,4,1
263,28,16,1,55,8,2,1
177,32,25,29,97,6,3,1
307,32,42,27,10,7,2,0
250,26,73,21,24,10,3,1
414,18,115,22,21,2,0,1
307,14,7,27,27,5,2,0
138,9,67,29,38,1,1,0
467,22,114,2,9,9,2,1
285,19,144,30,86,3,5,1
447,40,61,1,8,6,2,1
140,5,91,15,21,2,4,1
72,3,138,25,10,6,2,1
486,20,134,12,52,6,1,1
452,17,82,11,11,9,0,1
169,27,149,24,1,1,2,1
56,33,121,18,2,10,0,1
103,6,33,28,15,5,2,1
88,31,52,2,96,8,2,1
210,15,95,7,31,2,1,1
21,14,12,10,82,3,0,1
187,12,17,12,24,7,4,1
414,3,146,11,33,6,4,1
197,37,77,22,11,8,1,1
213,30,31,8,55,6,4,1
237,24,110,27,1,10,2,1
167,6,124,18,51,6,1,1
335,14,78,4,13,8,5,1
17,10,87,19,68,9,4,1
424,3,129,16,88,10,0,0
314,11,136,11,41,8,0,1
178,17,74,25,30,10,5,1
224,20,108,11,72,2,1,1
140,25,37,23,47,4,1,1
301,24,122,4,27,1,3,1
483,38,50,2,85,8,4,1
313,27,131,19,54,3,5,1
378,23,15,19,99,9,2,1
95,21,7,6,60,7,5,1
497,15,64,7,71,3,0,1
84,12,102,17,51,2,2,1
107,31,80,28,59,8,4,0
387,29,101,16,15,2,0,1
481,10,26,4,92,5,1,1
61,10,59,5,96,10,2,1
24,8,121,25,83,3,2,1
115,35,136,24,70,10,1,1
223,37,117,23,46,10,4,1
30,37,78,19,19,8,0,1
479,13,125,26,85,8,5,1
251,7,125,6,14,6,4,1
47,3,118,11,67,7,5,1
484,34,96,28,30,2,0,1
58,17,10,15,53,2,4,1
128,28,149,7,89,2,2,1
141,1,37,16,60,3,1,1
122,28,38,19,44,4,5,1
62,20,129,20,31,5,3,1
486,30,27,21,68,7,2,1
317,38,131,27,52,2,2,1
146,21,123,12,43,2,2,1
86,37,47,20,45,1,0,0
272,31,37,8,75,7,1,1
372,28,113,26,93,9,1,1
446,13,1,26,71,6,4,1
262,20,120,6,8,3,0,1
247,25,82,24,57,1,5,1
106,31,46,23,59,9,0,1
40,19,38,20,85,5,4,1
254,35,45,7,98,10,3,1
145,25,14,19,4,6,0,1
85,16,61,12,52,5,2,1
474,3,114,5,20,6,1,1
144,29,33,11,33,4,0,1
273,34,148,19,83,7,0,1
283,23,121,5,27,5,3,1
252,23,61,28,29,3,5,1
370,36,134,4,98,6,0,1
21,10,75,23,22,2,5,1
24,29,63,23,93,6,1,1
351,18,17,16,96,8,4,1
487,34,11,14,30,6,1,1
27,38,43,3,3,7,5,1
15,39,93,6,7,8,0,1
459,10,65,27,38,1,1,1
255,10,2,8,80,10,1,1
204,8,143,14,10,10,5,1
29,3,132,21,44,3,0,1
383,9,100,8,100,6,1,1
349,19,34,19,9,4,3,1
189,35,57,29,7,1,3,1
316,28,87,24,18,6,0,1
52,13,60,25,82,2,5,1
202,32,3,24,58,7,2,1
27,21,57,4,93,8,3,1
267,17,139,22,43,8,3,1
67,24,9,21,63,9,1,1
107,18,44,3,76,2,3,1
404,10,125,6,93,8,0,1
413,22,145,4,55,1,5,1
324,1,25,30,72,3,0,1
334,12,71,12,30,10,3,1
300,33,138,16,60,9,2,1
133,18,45,3,100,8,4,1
463,30,71,24,61,5,1,1
263,10,80,20,78,3,5,1
448,26,92,3,50,6,5,1
167,21,129,2,78,6,3,1
123,35,7,24,66,8,0,1
362,28,39,12,69,4,1,0
141,39,38,12,96,10,4,1
64,22,84,3,61,8,5,1
357,36,144,23,77,4,3,1
440,9,54,10,36,9,4,1
275,6,78,23,24,5,0,1
378,15,13,16,1,7,1,1
426,23,91,9,53,9,0,1
228,10,14,2,23,5,1,1
171,6,11,17,95,2,4,1
414,3,40,21,14,9,0,1
396,32,3,14,8,8,3,1
457,12,119,2,79,8,1,1
427,29,108,27,84,5,1,1
456,20,15,9,43,7,5,1
489,3,62,3,31,1,0,1
56,37,135,1,46,9,2,1
404,40,115,20,4,9,5,1
111,11,139,24,72,1,2,1
27,36,133,23,9,7,1,1
414,40,39,7,24,3,0,1
171,3,46,21,89,9,2,1
41,26,87,27,64,6,2,1
477,16,98,26,14,3,1,1
265,16,112,12,84,6,2,1
92,17,109,30,93,4,1,1
113,21,51,17,88,8,4,1
206,35,132,7,15,7,4,0
223,21,92,21,11,9,5,1
246,26,131,17,48,10,4,1
142,24,29,22,64,5,2,1
313,18,81,21,30,5,2,1
283,13,38,20,98,7,3,1
22,36,116,21,68,7,5,1
275,8,68,2,93,8,5,1
321,28,39,8,48,2,3,1
63,9,146,25,11,8,0,1
119,40,109,2,74,9,4,1
359,33,89,9,94,9,0,1
180,32,27,25,66,4,4,1
375,16,131,29,16,9,3,1
223,26,70,2,28,8,1,1
207,10,36,21,12,5,3,1
283,11,48,30,80,5,2,1
127,15,138,1,73,9,2,1
132,1,128,27,71,8,2,1
66,40,23,30,12,5,1,1
155,29,59,4,22,1,0,1
423,18,94,20,48,8,1,1
98,7,29,12,21,3,3,0
215,1,21,5,72,6,3,1
38,14,96,8,66,7,0,1
187,6,98,4,67,3,4,1
11,23,133,17,20,2,0,1
458,25,46,7,36,3,3,1
19,9,50,4,4,3,2,1
122,5,97,28,85,6,3,1
371,25,130,27,50,7,1,1
408,24,118,22,70,7,0,1
66,16,104,17,27,8,1,1
446,38,11,28,58,1,4,1
76,16,112,2,79,4,1,1
38,22,18,16,3,4,3,1
135,39,134,14,22,8,4,1
498,20,85,18,20,8,2,1
45,10,39,3,99,5,2,1
107,17,29,29,33,4,5,1
96,10,100,2,37,7,2,1
18,32,44,9,71,1,4,1
253,6,1,2,79,1,4,1
326,4,80,10,61,7,1,1
297,36,141,28,67,3,0,1
125,23,146,20,25,10,4,1
400,33,140,29,52,3,0,1
208,30,38,10,88,9,0,1
344,25,146,12,8,4,1,1
385,26,114,1,49,6,2,1
118,16,119,26,41,3,1,1
40,17,89,17,33,6,1,1
110,36,49,27,3,2,4,1
101,2,19,18,71,6,3,1
150,33,58,27,86,7,0,1
317,15,150,24,14,7,1,1
288,37,9,21,69,5,4,1
230,40,21,1,49,3,1,0
400,27,101,10,41,10,4,1
286,38,79,10,27,1,3,1
367,30,147,22,66,5,2,1
177,1,137,4,33,4,5,1
301,15,130,19,64,7,0,1
14,20,7,8,43,2,2,1
418,9,89,29,41,1,1,1
480,24,39,22,33,6,5,1
198,20,124,10,79,7,0,1
130,24,38,18,15,7,4,1
395,7,57,13,59,5,3,1
305,20,103,24,100,9,1,1
295,21,67,2,73,2,4,1
301,19,116,16,56,10,4,1
273,10,136,11,90,3,4,1
136,22,127,7,57,6,2,1
285,10,17,30,32,7,3,1
404,4,51,21,100,6,4,1
323,20,29,14,70,10,2,1
100,11,130,16,1,1,0,1
419,13,143,27,87,1,5,1
241,16,13,5,84,1,0,0
313,31,148,2,56,5,4,1
161,7,34,30,79,8,1,1
196,10,80,18,12,9,3,1
49,31,31,28,64,5,4,1
18,8,85,30,16,1,0,0
208,11,27,15,29,3,1,1
167,28,124,24,90,8,3,1
476,1,6,3,23,8,5,1
197,6,65,1,6,8,0,1
18,12,129,11,35,3,4,1
401,39,106,1,78,10,4,1
13,36,77,5,55,10,0,1
172,31,145,1,28,8,0,1
301,17,94,23,65,3,0,1
442,28,141,21,13,3,3,1
94,34,14,8,33,4,4,1
325,26,23,23,91,3,5,1
96,22,143,12,11,5,3,1
180,21,131,5,26,7,2,1
363,16,46,19,58,7,1,1
371,9,16,20,28,8,1,1
439,19,32,27,2,6,5,1
493,9,133,27,53,8,5,1
389,5,66,9,89,10,5,0
292,18,132,26,6,2,1,1
272,9,20,11,41,6,4,1
111,13,102,19,65,4,2,1
186,29,128,12,20,6,3,1
90,8,110,6,95,7,5,1
408,33,110,17,24,6,3,1
364,34,36,16,60,1,0,1
341,7,58,18,73,9,5,1
423,38,119,13,10,3,3,1
447,3,2,15,43,7,4,1
312,15,142,16,96,2,1,1
392,21,38,25,34,2,1,1
142,18,53,26,94,4,1,1
462,28,135,22,60,10,4,1
227,7,60,26,44,9,4,1
361,20,111,22,54,10,0,1
308,24,36,18,11,10,4,0
251,15,58,23,89,9,4,0
424,19,50,27,19,6,1,1
390,14,10,6,2,3,1,1
306,8,117,26,20,4,1,1
27,26,130,30,76,2,2,0
403,32,2,19,61,10,4,1
54,30,113,18,51,10,2,1
468,20,77,13,7,5,0,1
122,1,66,25,70,5,2,1
361,28,86,25,93,3,1,1
46,15,87,28,15,2,2,1
44,2,111,30,37,8,5,1
89,5,7,19,91,8,1,0
330,24,131,2,92,1,3,1
443,13,95,9,64,8,1,1
483,7,29,29,3,4,4,1
304,18,141,2,49,9,3,1
462,36,147,21,81,1,0,1
111,29,1,24,10,9,0,1
285,29,20,2,20,4,4,1
312,30,113,23,1,7,0,1
243,16,20,30,41,2,2,1
10,1,97,10,65,8,1,0
145,10,82,23,54,10,4,1
264,32,4,15,37,1,2,0
278,9,83,15,25,6,4,1
65,1,119,28,39,3,5,1
49,34,39,13,99,4,5,1
204,10,30,1,89,1,3,0
64,9,17,30,1,9,4,1
139,9,76,26,93,4,5,1
301,26,23,1,31,10,2,1
301,7,83,13,35,6,0,1
151,3,34,1,44,7,1,1
429,31,9,26,76,3,4,1
338,16,66,9,51,4,3,1
377,7,92,5,11,4,3,1
293,2,47,5,54,6,5,1
19,14,45,16,95,5,5,1
87,38,95,3,38,8,0,1
162,34,91,14,5,8,0,1
396,11,148,13,28,2,4,1
178,8,81,21,97,8,1,1
89,31,79,14,19,10,4,1
436,24,79,25,10,9,5,1
74,6,116,17,80,6,4,1
46,25,32,9,12,5,1,1
296,3,111,5,60,5,5,1
447,14,113,24,10,2,1,0
47,32,59,30,67,4,5,1
385,24,115,21,45,1,1,1
47,40,132,1,46,7,5,1
203,26,88,16,26,1,2,1
227,33,71,24,8,4,0,1
383,40,132,20,84,5,4,1
455,13,123,25,89,1,0,1
344,25,71,22,96,10,0,1
305,22,95,17,51,3,2,1
389,11,88,17,65,7,1,1
282,5,4,16,86,8,2,0
167,8,93,12,37,3,3,1
206,27,103,20,35,9,0,1
229,6,29,30,25,7,0,1
106,22,121,21,26,3,2,1
81,40,2,12,37,4,1,1
472,4,57,28,72,1,0,1
463,35,76,17,89,9,5,1
38,27,86,25,11,9,0,1
427,26,104,8,93,4,4,1
168,13,55,5,18,9,1,1
226,25,53,5,19,10,4,1
370,37,9,21,16,5,0,1
154,14,62,26,88,10,3,1
472,11,90,23,36,1,4,1
440,37,26,19,83,6,0,1
260,3,23,18,94,9,5,1
20,12,42,5,17,1,3,1
217,19,2,10,62,3,5,1
62,2,33,24,25,7,4,1
94,19,2,27,13,2,5,1
84,17,137,20,65,3,0,1
230,20,70,10,67,8,3,1
21,15,113,17,24,7,3,1
127,27,42,4,28,1,1,1
195,16,95,30,44,3,5,1
394,38,17,21,92,6,3,1
350,20,12,29,96,6,4,1
11,28,150,7,16,2,5,1
154,29,57,4,65,6,5,1
209,20,78,14,15,9,3,1
363,40,34,29,72,4,2,1
190,30,51,14,52,7,5,1
361,35,43,1,13,10,4,1
364,32,12,4,67,8,1,1
80,38,117,20,64,2,2,1
431,31,12,5,17,1,2,1
76,22,43,19,14,6,4,1
462,21,33,7,2,2,3,1
456,11,15,3,66,8,3,1
402,32,52,10,95,4,3,1
224,8,28,25,58,8,4,1
449,32,18,14,34,4,0,1
152,11,86,30,58,1,3,1
162,11,13,25,99,7,1,0
11,24,101,12,31,9,1,1
225,35,91,25,30,10,0,1
385,33,68,25,55,8,1,1
329,33,115,15,49,3,0,1
27,33,26,8,9,6,2,1
190,18,117,20,8,10,5,1
293,40,140,23,28,5,5,1
183,1,106,6,32,10,4,1
391,38,38,22,14,3,3,1
449,16,83,12,18,6,3,0
261,4,140,2,81,3,0,1
142,18,33,29,11,5,5,1
249,14,1,22,60,1,3,1
379,12,130,10,64,8,1,1
352,10,87,20,11,6,2,1
123,27,42,7,54,9,2,1
485,11,68,26,1,7,0,1
215,39,107,8,30,10,1,1
46,20,44,29,51,7,3,1
158,38,129,26,92,4,5,1
463,33,119,12,31,8,0,1
423,39,134,29,14,6,2,1
263,39,133,16,75,9,5,1
452,35,95,24,93,10,3,1
353,22,107,21,58,8,4,1
278,18,148,2,66,2,5,1
351,3,116,20,24,4,2,1
27,23,132,22,70,10,4,1
473,8,98,20,47,9,5,1
166,11,64,20,70,4,5,1
229,2,63,20,56,4,1,1
213,11,96,1,5,10,1,1
281,33,130,6,21,4,1,1
125,29,116,9,51,2,1,1
103,38,75,12,22,5,5,1
347,3,66,29,39,2,5,1
335,22,54,22,26,1,1,1
143,16,82,6,16,6,1,1
382,23,20,21,85,1,2,1
29,15,117,20,6,2,0,1
478,34,126,1,63,4,5,1
94,11,4,28,97,2,3,1
387,19,31,19,79,9,0,1
217,22,66,28,27,1,5,1
146,23,144,24,68,8,2,1
75,32,122,12,72,3,4,1
415,18,31,28,33,6,1,1
179,30,17,1,10,1,4,1
418,22,127,13,42,3,2,1
375,33,74,13,70,7,2,1
230,39,109,10,18,10,5,1
89,7,130,28,14,10,0,0
23,9,42,23,16,3,3,1
42,25,139,11,58,5,3,1
116,11,65,16,19,8,5,1
39,30,9,27,11,9,3,0
406,18,28,14,71,4,4,1
185,23,102,14,63,5,0,1
395,27,84,26,36,10,0,1
389,15,138,3,90,6,1,1
65,38,150,9,8,9,1,1
87,35,122,30,65,3,2,1
101,37,27,3,11,4,2,1
110,5,123,11,99,10,3,1
425,18,10,20,72,4,4,1
241,9,122,20,50,9,5,1
124,36,85,8,76,1,2,1
192,5,104,21,59,6,1,1
408,26,27,23,10,4,2,1
119,9,132,22,77,3,3,1
419,10,19,15,14,9,4,1
247,21,118,20,9,5,2,1
268,17,43,6,78,2,2,1
293,31,42,11,43,3,0,1
404,15,69,30,68,10,4,1
297,19,85,17,26,1,1,1
444,15,18,30,97,8,4,1
418,29,55,23,61,7,1,1
126,31,123,12,99,1,3,1
444,27,25,2,21,4,5,1
275,34,99,14,25,8,3,1
47,7,114,6,79,7,1,1
477,35,27,2,9,4,0,1
495,40,93,13,45,6,5,1
420,11,30,7,37,10,5,1
463,21,87,26,65,1,5,1
231,33,133,7,37,5,5,1
345,18,66,8,45,5,4,1
138,17,102,9,92,5,5,1
162,21,88,4,27,3,5,1
126,9,50,7,48,3,0,0
195,32,39,12,4,1,1,1
436,12,11,11,90,2,2,1
232,19,15,23,92,7,0,1
467,17,120,27,82,10,1,1
350,28,55,12,31,5,4,1
473,30,19,3,39,5,1,1
276,27,63,7,50,3,4,1
20,37,40,3,97,8,4,1
104,10,148,28,31,10,3,1
153,23,36,7,24,8,0,1
308,9,52,25,61,6,4,1
447,18,54,21,78,6,5,1
158,40,128,27,53,9,5,1
193,6,64,3,54,8,3,1
154,40,81,16,7,10,0,1
375,25,95,12,43,8,3,0
207,3,111,20,48,10,2,1
390,29,59,7,27,6,5,1
74,14,73,19,47,9,0,1
35,33,2,18,68,7,0,0
132,32,43,30,21,7,4,1
194,21,32,27,40,2,3,1
217,28,70,8,31,4,0,1
278,35,130,12,40,8,1,1
95,35,21,23,29,1,3,1
92,3,120,15,7,5,1,1
223,23,74,9,79,7,1,1
238,18,96,17,98,7,2,1
145,27,49,22,85,1,5,1
192,12,110,23,62,3,3,1
475,2,106,18,33,9,0,1
480,7,138,10,25,1,1,1
288,21,105,14,55,1,2,1
173,34,54,13,45,5,1,1
411,39,86,18,65,10,5,1
175,1,32,4,13,10,0,1
484,28,11,7,71,10,4,1
87,36,43,20,12,10,1,1
202,17,143,22,7,7,0,1
438,24,35,24,66,3,4,1
464,37,11,10,82,8,5,1
331,20,14,20,16,8,5,1
461,2,138,1,5,6,2,1
75,2,97,9,92,8,0,1
91,11,81,1,55,8,3,1
403,11,134,17,11,1,5,1
33,36,23,28,88,4,5,1
86,40,54,7,55,3,0,1
197,11,144,26,1,1,3,1
415,30,72,4,51,7,3,1
264,14,53,23,6,7,4,1
344,21,30,5,94,5,3,1
303,28,147,10,41,9,1,1
158,40,3,12,64,3,5,1
405,31,8,8,89,4,3,1
284,32,118,1,55,6,0,1
293,1,85,21,10,8,3,1
290,6,106,5,91,2,4,1
129,38,87,1,46,3,2,1
354,22,99,24,44,2,2,1
84,27,16,15,37,5,3,1
451,38,132,1,81,4,0,1
462,12,69,18,73,3,1,1
197,32,62,22,37,5,5,1
416,35,142,28,61,8,2,1
170,28,100,1,70,10,3,1
458,21,29,8,17,9,0,1
328,13,111,30,65,5,3,1
468,26,64,17,55,3,4,1
132,17,39,30,18,1,3,1
28,37,138,24,7,8,5,1
469,8,46,22,62,1,0,1
173,38,82,6,98,4,2,1
227,21,112,19,7,5,2,1
141,25,15,5,17,6,0,1
327,22,5,6,70,9,5,1
309,35,130,27,77,4,0,1
322,18,25,23,5,6,5,1
301,20,140,5,49,9,2,1
211,34,77,18,34,8,3,1
383,6,127,15,2,3,5,1
421,18,66,29,15,8,5,1
373,20,82,18,50,10,3,1
451,16,76,28,90,6,0,1
429,2,92,1,3,6,3,1
141,11,108,20,87,1,5,1
140,7,44,12,2,6,5,1
240,13,12,24,81,1,3,0
438,1,100,24,95,6,2,1
145,7,80,4,100,3,4,1
103,8,43,4,100,4,0,1
157,33,104,2,73,10,0,1
209,35,93,12,24,4,0,1
351,34,93,1,16,7,2,1
311,1,83,24,60,3,3,1
242,14,82,28,26,2,1,1
385,37,9,18,39,8,4,1
205,21,108,11,84,10,5,0
295,2,138,8,99,8,4,1
197,17,47,24,23,6,2,1
329,21,148,4,98,9,1,1
382,11,129,22,38,10,0,1
292,30,136,2,85,3,2,1
288,19,60,11,41,6,1,1
149,32,20,15,43,6,1,1
64,35,143,20,22,9,4,1
68,32,43,29,35,8,1,1
36,36,71,5,56,2,1,1
214,11,123,27,92,8,3,1
471,27,85,10,67,10,4,1
161,32,31,26,72,1,0,1
241,30,99,12,62,10,2,1
313,36,105,13,48,7,5,1
86,10,144,3,70,9,4,1
332,10,11,20,44,5,4,1
265,21,83,30,71,7,5,1
306,2,116,7,72,6,2,1
37,39,11,8,74,2,3,1
112,5,84,2,62,2,3,1
64,23,93,26,87,10,4,1
54,27,33,15,3,6,2,1
75,17,99,27,56,5,0,1
253,29,6,7,59,7,4,1
222,8,144,2,38,10,4,0
242,1,76,4,65,1,1,1
149,40,74,4,95,1,0,1
397,15,133,2,87,4,4,1
200,5,127,14,84,8,0,1
210,34,7,1,67,8,2,1
368,5,125,23,57,5,3,1
84,31,49,8,72,8,5,1
400,1,109,13,6,2,0,1
25,34,4,30,75,1,5,1
17,29,88,19,14,9,5,1
136,11,54,22,26,7,5,1
61,27,93,12,46,8,0,1
130,29,122,22,71,7,3,1
28,4,92,6,6,9,2,1
320,8,30,14,9,8,3,1
234,16,131,4,58,10,3,1
373,20,37,5,87,8,1,1
133,37,119,6,2,9,4,1
400,22,116,6,39,5,3,1
421,4,123,16,21,7,0,1
15,3,129,6,13,7,0,1
397,28,127,12,77,1,5,1
357,6,10,24,33,2,4,1
499,7,10,13,53,1,3,1
401,19,64,23,34,9,4,1
164,34,114,13,89,10,3,1
371,36,45,30,39,4,4,1
261,33,69,26,73,7,3,1
390,35,101,28,47,10,3,1
445,33,79,4,85,2,0,1
192,36,109,3,25,7,4,0
174,15,120,12,34,4,1,1
81,20,78,18,63,1,5,1
424,5,27,28,39,4,3,1
453,37,45,7,23,2,2,1
22,38,80,11,32,2,2,1
109,30,129,7,7,7,5,1
79,21,11,4,2,5,5,1
496,9,91,9,23,10,1,1
346,16,75,11,100,4,1,1
172,34,102,6,61,7,5,1
439,5,69,8,21,8,1,1
410,40,13,11,71,10,5,1
172,39,104,29,12,2,1,1
206,29,146,10,37,1,1,1
429,4,148,30,3,7,3,1
420,10,49,14,73,1,4,1
387,36,32,30,93,10,5,1
435,17,150,25,58,10,5,1
456,35,33,1,44,7,3,1
50,24,31,26,18,2,4,1
392,34,54,25,19,10,4,1
21,1,67,21,79,9,4,1
315,34,58,3,39,9,0,1
347,17,41,2,13,8,1,1
105,24,54,22,92,2,1,1
313,39,28,5,66,2,1,1
244,25,56,4,8,1,5,1
